timestamp,open,high,low,close,volume
1763206200000,0.2891,0.2893,0.2868,0.2879,44325.712
1763207100000,0.2875,0.29,0.2865,0.2899,53420.295
1763208000000,0.2896,0.2915,0.2877,0.2898,143050.168
1763208900000,0.2893,0.291,0.289,0.2904,48297.024
1763209800000,0.2906,0.2953,0.2904,0.2947,134516.286
1763210700000,0.2946,0.3007,0.2929,0.298,349065.489
1763211600000,0.2977,0.2988,0.2948,0.2978,143838.316
1763212500000,0.2977,0.3031,0.2974,0.2977,226688.084
1763213400000,0.2981,0.3014,0.2977,0.3005,169076.81
1763214300000,0.3008,0.3023,0.2994,0.3008,164863.0
1763215200000,0.3008,0.3008,0.2978,0.2983,124468.406
1763216100000,0.2992,0.2992,0.2966,0.299,136638.666
1763217000000,0.2984,0.3035,0.2971,0.302,249683.628
1763217900000,0.3019,0.3019,0.2989,0.3001,114446.436
1763218800000,0.3003,0.3008,0.2981,0.3003,54399.918
1763219700000,0.3001,0.3007,0.2988,0.2988,84289.712
1763220600000,0.2989,0.2989,0.2966,0.2966,122842.911
1763221500000,0.2965,0.2967,0.2945,0.2948,131843.238
1763222400000,0.2947,0.2955,0.2923,0.2927,31303.283
1763223300000,0.2927,0.2932,0.2895,0.2908,167659.544
1763224200000,0.2907,0.2914,0.2892,0.2908,53076.354
1763225100000,0.2911,0.2927,0.2909,0.2921,35256.367
1763226000000,0.2925,0.293,0.2891,0.2897,90561.447
1763226900000,0.2898,0.2925,0.2883,0.2898,70143.456
1763227800000,0.2897,0.2911,0.2897,0.291,24332.533
1763228700000,0.2908,0.2923,0.2905,0.2923,48295.733
1763229600000,0.2921,0.2922,0.2912,0.2919,39349.852
1763230500000,0.292,0.292,0.2903,0.2911,82089.604
1763231400000,0.2911,0.2914,0.2903,0.2905,15814.173
1763232300000,0.2902,0.2912,0.2892,0.2912,46530.674
1763233200000,0.2913,0.2951,0.2909,0.2951,63381.492
1763234100000,0.2948,0.2958,0.2923,0.2931,57165.244
1763235000000,0.2932,0.2932,0.2916,0.2916,37217.492
1763235900000,0.2917,0.2921,0.2904,0.2911,58436.987
1763236800000,0.2911,0.2912,0.2898,0.2905,50190.986
1763237700000,0.2903,0.2903,0.2872,0.2875,111280.538
1763238600000,0.2875,0.2875,0.2858,0.2865,33682.806
1763239500000,0.2867,0.2876,0.2854,0.2864,79901.895
1763240400000,0.2865,0.2886,0.2865,0.2885,45193.76
1763241300000,0.2886,0.2888,0.2877,0.2879,44969.556
1763242200000,0.2878,0.2878,0.2836,0.2842,139142.005
1763243100000,0.2843,0.2848,0.2835,0.2842,20886.727
1763244000000,0.284,0.2855,0.284,0.2852,9419.349
1763244900000,0.2859,0.2872,0.2855,0.2864,22444.534
1763245800000,0.2866,0.2872,0.2857,0.287,25347.01
1763246700000,0.2866,0.287,0.2857,0.287,19790.444
1763247600000,0.2867,0.2868,0.2856,0.2866,13611.616
1763248500000,0.2864,0.2875,0.2862,0.2864,7259.859
1763249400000,0.2864,0.2871,0.2852,0.2854,35218.907
1763250300000,0.2855,0.2868,0.2854,0.286,27157.809
1763251200000,0.2863,0.2879,0.2845,0.2855,54701.641
1763252100000,0.2846,0.285,0.2838,0.285,16455.46
1763253000000,0.2851,0.2851,0.2826,0.2846,50981.821
1763253900000,0.285,0.2871,0.2849,0.2856,22401.82
1763254800000,0.2853,0.2874,0.2837,0.287,104069.911
1763255700000,0.2869,0.287,0.285,0.2865,25661.753
1763256600000,0.286,0.287,0.283,0.2838,133780.473
1763257500000,0.2837,0.2862,0.2821,0.2858,157874.889
1763258400000,0.2855,0.2866,0.284,0.2847,77758.425
1763259300000,0.2847,0.2889,0.2847,0.2886,60560.233
1763260200000,0.2886,0.2895,0.2873,0.2881,40259.476
1763261100000,0.2879,0.2887,0.2872,0.2876,44876.708
1763262000000,0.2878,0.2878,0.2863,0.2866,29982.311
1763262900000,0.2864,0.2889,0.2858,0.2861,69660.62
1763263800000,0.2862,0.2866,0.2858,0.286,56867.453
1763264700000,0.2861,0.2871,0.2857,0.2869,11979.881
1763265600000,0.2866,0.2871,0.2843,0.2847,13664.582
1763266500000,0.2847,0.2852,0.2841,0.2844,3649.536
1763267400000,0.2844,0.2844,0.2829,0.2831,33293.362
1763268300000,0.2829,0.2852,0.2829,0.285,29686.03
1763269200000,0.2855,0.2888,0.285,0.2882,115885.099
1763270100000,0.2879,0.2896,0.2878,0.2887,13751.102
1763271000000,0.2886,0.2893,0.2879,0.2884,26688.433
1763271900000,0.2884,0.2885,0.2874,0.2874,36759.854
1763272800000,0.2875,0.2895,0.2875,0.2894,23986.465
1763273700000,0.2894,0.295,0.2891,0.2925,215598.274
1763274600000,0.2923,0.294,0.2906,0.291,75886.036
1763275500000,0.2911,0.2917,0.2895,0.2895,25192.221
1763276400000,0.2896,0.2905,0.2875,0.2881,32729.397
1763277300000,0.2883,0.2913,0.288,0.2909,78942.971
1763278200000,0.2907,0.2914,0.2881,0.2884,54598.958
1763279100000,0.2886,0.2903,0.2885,0.2903,68007.545
1763280000000,0.2903,0.2907,0.2887,0.2889,120950.184
1763280900000,0.289,0.2897,0.2884,0.2888,25217.119
1763281800000,0.2888,0.2915,0.2879,0.2905,144194.945
1763282700000,0.2904,0.2904,0.2886,0.2897,60666.464
1763283600000,0.2898,0.2899,0.2885,0.2888,24409.56
1763284500000,0.2887,0.2887,0.2852,0.2862,81005.374
1763285400000,0.2865,0.2871,0.2854,0.2859,66450.236
1763286300000,0.2856,0.2884,0.2853,0.288,101161.812
1763287200000,0.288,0.288,0.2862,0.287,18718.56
1763288100000,0.2871,0.2877,0.2864,0.2868,70660.099
1763289000000,0.2868,0.2871,0.2863,0.2866,32873.679
1763289900000,0.2865,0.2868,0.2852,0.2858,79723.432
1763290800000,0.2857,0.2859,0.2831,0.2834,66753.707
1763291700000,0.2838,0.2843,0.2789,0.2794,266822.576
1763292600000,0.2793,0.2807,0.2773,0.2784,139439.83
1763293500000,0.2784,0.2792,0.2776,0.2778,132133.329
1763294400000,0.2778,0.2811,0.2774,0.2799,12731.465
1763295300000,0.2799,0.2816,0.2797,0.2811,41583.044
1763296200000,0.2809,0.2819,0.2785,0.2813,69291.283
1763297100000,0.2816,0.2819,0.28,0.2804,48480.361
1763298000000,0.2804,0.2818,0.2792,0.2817,121330.629
1763298900000,0.2815,0.2815,0.278,0.2781,79630.316
1763299800000,0.278,0.2787,0.2769,0.2779,55295.013
1763300700000,0.2777,0.2787,0.277,0.2776,8231.558
1763301600000,0.2777,0.2792,0.2767,0.2768,91578.22
1763302500000,0.2769,0.2769,0.275,0.2763,110367.314
1763303400000,0.2762,0.2794,0.2758,0.2789,79253.206
1763304300000,0.2789,0.2792,0.278,0.2783,48069.127
1763305200000,0.2784,0.2784,0.2767,0.2767,33753.706
1763306100000,0.2767,0.2779,0.2762,0.2769,11013.748
1763307000000,0.2768,0.278,0.2761,0.2763,41619.216
1763307900000,0.2762,0.2766,0.2719,0.2725,376264.02
1763308800000,0.2727,0.276,0.2725,0.2749,183006.303
1763309700000,0.2747,0.2751,0.2724,0.2734,90161.055
1763310600000,0.2732,0.2736,0.2707,0.2716,112082.205
1763311500000,0.2718,0.2721,0.2683,0.2695,72878.695
1763312400000,0.2695,0.2705,0.2675,0.2685,220990.592
1763313300000,0.2688,0.2703,0.2666,0.2666,209604.421
1763314200000,0.2665,0.2673,0.2645,0.2656,169685.764
1763315100000,0.2655,0.2688,0.2645,0.2682,99275.703
1763316000000,0.2676,0.2753,0.2676,0.2749,119894.516
1763316900000,0.2752,0.2774,0.2727,0.2742,81505.256
1763317800000,0.2743,0.2743,0.2706,0.2709,62557.071
1763318700000,0.2705,0.2712,0.2685,0.2696,131073.159
1763319600000,0.2696,0.2746,0.2693,0.2739,116654.399
1763320500000,0.2737,0.2743,0.2707,0.2714,27310.53
1763321400000,0.2716,0.2727,0.271,0.2725,62355.438
1763322300000,0.2729,0.2733,0.271,0.2711,39616.393
1763323200000,0.2711,0.2742,0.2703,0.2733,81047.932
1763324100000,0.2738,0.2744,0.2719,0.2738,35761.119
1763325000000,0.2739,0.2741,0.273,0.2733,53133.901
1763325900000,0.2732,0.2738,0.2721,0.2724,38003.774
1763326800000,0.2721,0.2723,0.2692,0.2698,23149.492
1763327700000,0.2698,0.27,0.2675,0.2677,77269.539
1763328600000,0.2677,0.2692,0.2665,0.2688,50532.535
1763329500000,0.2688,0.2695,0.268,0.2683,331867.655
1763330400000,0.2683,0.2714,0.2656,0.2706,195406.348
1763331300000,0.2704,0.2713,0.269,0.2704,24302.051
1763332200000,0.2703,0.2709,0.2683,0.2683,12912.112
1763333100000,0.2679,0.2742,0.2678,0.2722,52110.644
1763334000000,0.2723,0.2732,0.2671,0.2724,83557.488
1763334900000,0.2723,0.275,0.2716,0.2744,28266.694
1763335800000,0.2745,0.2765,0.2738,0.2753,90723.392
1763336700000,0.275,0.2756,0.2734,0.2735,9773.383
1763337600000,0.2737,0.2753,0.2733,0.2737,17310.405
1763338500000,0.2737,0.2772,0.2712,0.2772,42673.306
1763339400000,0.2772,0.2807,0.2759,0.2789,127682.375
1763340300000,0.279,0.2817,0.2783,0.2804,50349.307
1763341200000,0.2807,0.2807,0.2777,0.2777,58499.63
1763342100000,0.2779,0.2786,0.2764,0.2774,87437.217
1763343000000,0.2774,0.2774,0.2763,0.2766,27758.253
1763343900000,0.2768,0.277,0.2755,0.2762,13817.965
1763344800000,0.2765,0.2788,0.2751,0.278,84401.587
1763345700000,0.2781,0.2787,0.2769,0.2782,38640.838
1763346600000,0.278,0.2783,0.2776,0.2783,11340.944
1763347500000,0.2783,0.2785,0.2778,0.2785,4692.221
1763348400000,0.2786,0.28,0.2784,0.2795,88350.392
1763349300000,0.2798,0.2805,0.278,0.279,40015.377
1763350200000,0.2787,0.2795,0.2785,0.2792,17392.884
1763351100000,0.2791,0.2791,0.278,0.2781,9375.087
1763352000000,0.2782,0.2788,0.2766,0.2767,21645.81
1763352900000,0.2765,0.2791,0.2758,0.2789,48546.089
1763353800000,0.2779,0.2781,0.277,0.2774,28477.197
1763354700000,0.2775,0.2775,0.2756,0.2757,13547.843
1763355600000,0.2758,0.2765,0.2752,0.2754,8835.158
1763356500000,0.2755,0.2771,0.2755,0.2769,47863.085
1763357400000,0.277,0.2771,0.2754,0.2764,19920.213
1763358300000,0.2763,0.2767,0.2754,0.2754,10374.675
1763359200000,0.2757,0.2761,0.2743,0.2751,43899.105
1763360100000,0.2751,0.2771,0.2748,0.2768,53174.776
1763361000000,0.2767,0.2767,0.2747,0.2747,55442.412
1763361900000,0.2746,0.2776,0.2746,0.2774,10598.524
1763362800000,0.2777,0.2788,0.2776,0.2779,49841.394
1763363700000,0.278,0.2803,0.2779,0.2793,12667.267
1763364600000,0.2792,0.2799,0.279,0.2795,19582.697
1763365500000,0.2799,0.2817,0.2791,0.2814,49295.777
1763366400000,0.2817,0.2827,0.2805,0.2811,173535.331
1763367300000,0.2806,0.2825,0.2805,0.2815,30948.523
1763368200000,0.2817,0.2822,0.2786,0.2786,100767.697
1763369100000,0.2786,0.2795,0.2784,0.279,24694.81
1763370000000,0.2791,0.2805,0.278,0.28,52336.008
1763370900000,0.28,0.282,0.2797,0.2806,57342.277
1763371800000,0.2807,0.2809,0.2792,0.2804,7434.051
1763372700000,0.2805,0.2806,0.2791,0.2794,4964.168
1763373600000,0.2795,0.2805,0.2791,0.28,51431.48
1763374500000,0.2802,0.2816,0.279,0.2796,55482.58
1763375400000,0.2795,0.281,0.2794,0.2808,20450.726
1763376300000,0.2812,0.2815,0.2793,0.28,154826.069
1763377200000,0.28,0.2812,0.2795,0.2812,32601.092
1763378100000,0.2813,0.2822,0.2808,0.2815,64875.948
1763379000000,0.2817,0.2829,0.2808,0.281,104325.945
1763379900000,0.2808,0.2812,0.2803,0.2807,26780.194
1763380800000,0.2812,0.2818,0.2802,0.2802,37174.958
1763381700000,0.2806,0.2809,0.2791,0.2797,53904.136
1763382600000,0.2797,0.2797,0.2778,0.2788,59797.23
1763383500000,0.2788,0.279,0.2778,0.2785,32866.377
1763384400000,0.2787,0.2796,0.2755,0.2758,90180.312
1763385300000,0.2758,0.2769,0.2743,0.2743,42919.072
1763386200000,0.2745,0.2754,0.2714,0.2715,92361.577
1763387100000,0.2716,0.2723,0.2685,0.2715,85698.905
1763388000000,0.2708,0.2735,0.27,0.2714,86300.416
1763388900000,0.2714,0.2745,0.2714,0.2725,63036.243
1763389800000,0.2723,0.2858,0.2715,0.2805,422188.853
1763390700000,0.2803,0.2843,0.2801,0.2814,218854.096
1763391600000,0.2819,0.2834,0.2769,0.2782,106028.298
1763392500000,0.2782,0.2804,0.2735,0.2797,154412.894
1763393400000,0.28,0.2808,0.2751,0.2773,97446.992
1763394300000,0.2774,0.2774,0.2732,0.2752,79380.28
1763395200000,0.275,0.2751,0.271,0.272,97993.242
1763396100000,0.2716,0.2762,0.27,0.2755,60199.526
1763397000000,0.2755,0.2791,0.2748,0.2778,120875.618
1763397900000,0.2778,0.2836,0.2767,0.2832,142053.204
1763398800000,0.2829,0.2834,0.2804,0.2815,121095.244
1763399700000,0.2813,0.2824,0.2776,0.2779,83934.929
1763400600000,0.2775,0.2787,0.2729,0.2737,158500.953
1763401500000,0.2733,0.2746,0.2724,0.2725,81182.638
1763402400000,0.2724,0.2768,0.2719,0.2738,274233.684
1763403300000,0.274,0.2748,0.2702,0.2708,77699.148
1763404200000,0.2705,0.2723,0.2685,0.2723,151545.257
1763405100000,0.2723,0.277,0.2723,0.2748,150531.768
1763406000000,0.2753,0.2778,0.274,0.2742,110543.837
1763406900000,0.2742,0.2754,0.2724,0.2747,164503.44
1763407800000,0.2746,0.2772,0.2707,0.2732,145747.21
1763408700000,0.2733,0.2734,0.2707,0.2728,313207.568
1763409600000,0.2724,0.2738,0.2683,0.2693,203169.058
1763410500000,0.2696,0.2716,0.268,0.2697,203096.649
1763411400000,0.2697,0.2701,0.2656,0.2666,80555.164
1763412300000,0.2662,0.2712,0.2662,0.2697,120488.371
1763413200000,0.2696,0.2728,0.2684,0.2715,114274.433
1763414100000,0.2713,0.2713,0.2656,0.2661,58386.393
1763415000000,0.2663,0.2663,0.2634,0.2643,83369.987
1763415900000,0.2642,0.2664,0.2622,0.2664,79311.945
1763416800000,0.2662,0.2688,0.2645,0.2673,72248.27
1763417700000,0.2678,0.2703,0.2671,0.2685,66649.352
1763418600000,0.2684,0.269,0.2673,0.269,25814.379
1763419500000,0.2689,0.2689,0.2664,0.2664,21503.083
1763420400000,0.2666,0.2673,0.2648,0.2655,42632.306
1763421300000,0.2653,0.266,0.2622,0.2623,186971.873
1763422200000,0.2624,0.2639,0.2617,0.2622,190798.013
1763423100000,0.2628,0.27,0.2628,0.2683,175243.561
1763424000000,0.2684,0.269,0.2663,0.2678,94217.841
1763424900000,0.2682,0.2693,0.2664,0.2674,96066.668
1763425800000,0.2675,0.2675,0.2649,0.2658,27495.779
1763426700000,0.2658,0.2726,0.2641,0.2721,288037.075
1763427600000,0.2716,0.273,0.2704,0.2721,69596.553
1763428500000,0.2721,0.2745,0.2712,0.2733,79759.284
1763429400000,0.273,0.274,0.2714,0.2724,69815.647
1763430300000,0.2723,0.2731,0.2702,0.2718,100385.948
1763431200000,0.2715,0.2736,0.2699,0.272,131840.914
1763432100000,0.2718,0.2756,0.2691,0.2756,67920.036
1763433000000,0.2754,0.2779,0.2739,0.2753,116789.664
1763433900000,0.274,0.2749,0.2699,0.2708,241966.288
1763434800000,0.2708,0.2711,0.2672,0.2704,144404.853
1763435700000,0.2702,0.2728,0.2695,0.2697,54953.306
1763436600000,0.2691,0.2774,0.2685,0.2762,138289.861
1763437500000,0.2757,0.2769,0.2747,0.2756,38941.897
1763438400000,0.276,0.2768,0.2738,0.2738,61187.85
1763439300000,0.2739,0.2754,0.2726,0.2731,33474.325
1763440200000,0.2729,0.2746,0.2716,0.2716,47254.271
1763441100000,0.2716,0.2754,0.27,0.2752,139686.169
1763442000000,0.2748,0.2748,0.2718,0.2736,60568.918
1763442900000,0.2731,0.2771,0.2731,0.2746,147298.163
1763443800000,0.2745,0.2755,0.272,0.2725,46719.829
1763444700000,0.2723,0.2738,0.2721,0.2723,69776.455
1763445600000,0.2722,0.2725,0.2714,0.2725,27963.083
1763446500000,0.2725,0.2725,0.2698,0.27,61787.119
1763447400000,0.2703,0.2704,0.268,0.2689,101298.299
1763448300000,0.2688,0.2703,0.268,0.2683,14274.357
1763449200000,0.2681,0.27,0.2678,0.269,155167.193
1763450100000,0.2693,0.271,0.2673,0.2698,31257.463
1763451000000,0.2697,0.2743,0.2692,0.272,65877.852
1763451900000,0.272,0.2729,0.2715,0.2729,78839.418
1763452800000,0.2733,0.276,0.2732,0.2746,65422.811
1763453700000,0.2746,0.2775,0.2744,0.2754,105626.034
1763454600000,0.2758,0.2824,0.2758,0.2811,250527.822
1763455500000,0.2813,0.2833,0.28,0.2822,184214.451
1763456400000,0.2824,0.2831,0.2803,0.282,126860.213
1763457300000,0.2822,0.2831,0.278,0.2784,49633.776
1763458200000,0.2783,0.2783,0.2759,0.2777,58312.059
1763459100000,0.278,0.2795,0.2768,0.2777,28514.001
1763460000000,0.2779,0.2786,0.2756,0.276,44865.909
1763460900000,0.2763,0.2771,0.2751,0.2752,64119.8
1763461800000,0.275,0.2773,0.2749,0.2759,105180.185
1763462700000,0.2759,0.2775,0.2754,0.2773,48151.886
1763463600000,0.2771,0.279,0.277,0.2774,138596.627
1763464500000,0.2778,0.2792,0.2756,0.2772,69691.387
1763465400000,0.2767,0.2775,0.2757,0.2775,29425.523
1763466300000,0.2774,0.2778,0.2768,0.277,72502.233
1763467200000,0.2772,0.2772,0.2733,0.2733,76612.902
1763468100000,0.2739,0.2771,0.2732,0.275,62041.225
1763469000000,0.275,0.2793,0.275,0.2787,47488.696
1763469900000,0.2789,0.2812,0.2785,0.2809,136904.944
1763470800000,0.2808,0.2812,0.2779,0.2789,126444.929
1763471700000,0.2793,0.2793,0.2764,0.2776,48808.028
1763472600000,0.2776,0.2799,0.2764,0.2777,124643.053
1763473500000,0.2777,0.2812,0.2777,0.2804,127390.574
1763474400000,0.2803,0.2803,0.2769,0.2771,56940.26
1763475300000,0.2774,0.2824,0.2767,0.2822,53812.145
1764106200000,0.2708,0.2715,0.2701,0.2707,10729.143
1764107100000,0.2705,0.2715,0.2705,0.2707,11027.866
1764108000000,0.2703,0.2703,0.2674,0.2682,46042.4
1764108900000,0.2683,0.2709,0.2683,0.2705,7637.839
1764109800000,0.2708,0.2749,0.2707,0.2742,24552.328
1764110700000,0.2743,0.2758,0.2725,0.2753,52769.018
1764111600000,0.2753,0.2791,0.274,0.2791,80909.675
1764112500000,0.2788,0.2801,0.2772,0.2783,43458.79
1764113400000,0.2781,0.2819,0.2781,0.2813,110608.716
1764114300000,0.2813,0.2816,0.2792,0.2798,122705.638
1764115200000,0.2799,0.2802,0.2783,0.2788,82784.448
1764116100000,0.2788,0.2823,0.2785,0.2809,129353.923
1764117000000,0.2809,0.2819,0.2797,0.2801,43825.865
1764117900000,0.2801,0.2806,0.2787,0.2787,73119.694
1764118800000,0.2787,0.2797,0.2782,0.2796,74553.355
1764119700000,0.279,0.2794,0.2776,0.2785,19587.78
1764120600000,0.2785,0.2817,0.2778,0.2804,62361.46
1764121500000,0.2804,0.2804,0.2787,0.2797,16072.376
1764122400000,0.2797,0.2801,0.2772,0.2776,80438.09
1764123300000,0.2775,0.278,0.276,0.2768,18381.684
1764124200000,0.2767,0.2767,0.276,0.2764,34343.808
1764125100000,0.2765,0.2773,0.2762,0.2762,5969.006
1764126000000,0.2763,0.278,0.2762,0.278,10793.884
1764126900000,0.2777,0.2787,0.2774,0.2785,81003.534
1764127800000,0.2782,0.2782,0.2744,0.2745,65415.718
1764128700000,0.2744,0.2747,0.2737,0.2745,16746.044
1764129600000,0.2745,0.2752,0.2733,0.2733,44390.732
1764130500000,0.2734,0.2749,0.2734,0.2741,25689.762
1764131400000,0.2741,0.2745,0.2735,0.2735,30879.41
1764132300000,0.2736,0.2739,0.2721,0.2726,40460.985
1764133200000,0.2723,0.2734,0.2723,0.2728,4391.098
1764134100000,0.2729,0.2745,0.2729,0.2745,34699.772
1764135000000,0.2746,0.2761,0.2746,0.2755,51702.111
1764135900000,0.2755,0.2766,0.2754,0.2766,10760.696
1764136800000,0.2765,0.2778,0.2755,0.2761,54219.197
1764137700000,0.275,0.2766,0.2748,0.2752,18643.334
1764138600000,0.2754,0.278,0.2754,0.2772,51692.742
1764139500000,0.277,0.279,0.277,0.2783,24451.515
1764140400000,0.2784,0.2789,0.2778,0.2782,43370.977
1764141300000,0.2782,0.2797,0.2778,0.2783,54863.447
1764142200000,0.2785,0.2787,0.2763,0.2769,79100.815
1764143100000,0.277,0.2779,0.2765,0.2774,13479.719
1764144000000,0.2774,0.2774,0.2754,0.2754,35702.739
1764144900000,0.2755,0.2755,0.2741,0.2746,30349.238
1764145800000,0.2745,0.2745,0.273,0.2739,67207.435
1764146700000,0.2738,0.274,0.2724,0.2724,25600.608
1764147600000,0.2724,0.274,0.2723,0.2733,89862.972
1764148500000,0.273,0.273,0.2693,0.2697,92413.534
1764149400000,0.2693,0.2697,0.267,0.267,81348.237
1764150300000,0.2672,0.2678,0.2646,0.2652,157646.015
1764151200000,0.2652,0.2671,0.265,0.2657,51169.593
1764152100000,0.2656,0.2668,0.2651,0.2652,85187.874
1764153000000,0.2652,0.2653,0.2645,0.2645,103680.859
1764153900000,0.2645,0.2646,0.2634,0.2638,109680.247
1764154800000,0.2633,0.2647,0.2631,0.2647,45336.711
1764155700000,0.2648,0.2654,0.263,0.263,41312.52
1764156600000,0.263,0.264,0.2619,0.264,116144.639
1764157500000,0.2641,0.2647,0.2628,0.2641,35990.107
1764158400000,0.2642,0.2647,0.262,0.2635,148473.814
1764159300000,0.2635,0.2636,0.2612,0.2628,50883.629
1764160200000,0.2628,0.2637,0.2625,0.2635,90286.093
1764161100000,0.2634,0.2638,0.2632,0.2638,14167.265
1764162000000,0.2635,0.2644,0.2632,0.2633,20168.758
1764162900000,0.2633,0.2656,0.2633,0.2649,49357.889
1764163800000,0.2649,0.2667,0.2634,0.2655,148835.172
1764164700000,0.2655,0.2664,0.2652,0.2662,76362.816
1764165600000,0.2661,0.2663,0.2646,0.266,86857.295
1764166500000,0.2661,0.2663,0.2651,0.2662,85247.53
1764167400000,0.2659,0.2672,0.264,0.2657,81866.397
1764168300000,0.2658,0.268,0.2634,0.2638,256687.949
1764169200000,0.264,0.2643,0.2574,0.2593,507092.853
1764170100000,0.2593,0.2629,0.259,0.2624,175357.411
1764171000000,0.2625,0.2629,0.2538,0.254,561209.916
1764171900000,0.254,0.2547,0.2517,0.254,412504.11
1764172800000,0.2538,0.2582,0.2538,0.258,186496.628
1764173700000,0.2581,0.2596,0.2568,0.257,173603.393
1764174600000,0.2571,0.2592,0.2563,0.257,85473.821
1764175500000,0.257,0.2571,0.2555,0.2571,69008.748
1764176400000,0.2567,0.2582,0.2566,0.2567,71910.262
1764177300000,0.2566,0.2624,0.2563,0.2622,84416.316
1764178200000,0.2625,0.2676,0.2613,0.2676,258988.986
1764179100000,0.2677,0.2681,0.2647,0.2657,218853.365
1764180000000,0.2658,0.2681,0.2651,0.2668,210629.403
1764180900000,0.2666,0.2685,0.2658,0.2685,248272.96
1764181800000,0.2685,0.2688,0.2663,0.2676,116115.6
1764182700000,0.2675,0.2707,0.2675,0.2705,135982.019
1764183600000,0.27,0.2701,0.2671,0.268,119475.112
1764184500000,0.2678,0.2692,0.2662,0.2665,43694.803
1764185400000,0.2666,0.2671,0.265,0.2651,205479.007
1764186300000,0.2649,0.2675,0.2648,0.2675,72076.735
1764187200000,0.2674,0.268,0.2653,0.2672,39953.149
1764188100000,0.2672,0.2678,0.2663,0.2664,23402.078
1764189000000,0.2665,0.2668,0.2655,0.2656,31989.172
1764189900000,0.2655,0.2669,0.2651,0.2668,56061.488
1764190800000,0.267,0.2674,0.2663,0.2668,42818.558
1764191700000,0.2667,0.2691,0.2666,0.2691,142526.475
1764192600000,0.2694,0.2696,0.2684,0.2688,76349.932
1764193500000,0.2686,0.2709,0.2686,0.2706,61767.235
1764194400000,0.2707,0.2725,0.2693,0.2711,194986.716
1764195300000,0.271,0.2727,0.2709,0.2719,73823.598
1764196200000,0.2722,0.2722,0.2705,0.2705,78952.566
1764197100000,0.2704,0.2704,0.2686,0.2698,39777.111
1764198000000,0.2698,0.2699,0.2688,0.2693,64329.503
1764198900000,0.269,0.269,0.266,0.266,42048.707
1764199800000,0.2662,0.2676,0.266,0.2666,20671.432
1764200700000,0.2669,0.2683,0.2669,0.2674,55528.533
1764201600000,0.2671,0.2671,0.2659,0.2661,51026.089
1764202500000,0.2658,0.2667,0.2655,0.2656,119288.409
1764203400000,0.2657,0.2663,0.2656,0.2659,3870.774
1764204300000,0.266,0.268,0.2659,0.2665,38999.433
1764205200000,0.2665,0.2703,0.2664,0.2687,80148.448
1764206100000,0.2686,0.2686,0.2669,0.2677,17118.664
1764207000000,0.2674,0.2682,0.2668,0.2682,16672.514
1764207900000,0.2681,0.2692,0.2671,0.2689,60717.446
1764208800000,0.2689,0.2689,0.2672,0.2682,44332.288
1764209700000,0.2682,0.2698,0.2682,0.2697,71241.577
1764210600000,0.2698,0.2703,0.2694,0.2696,27457.521
1764211500000,0.2696,0.2701,0.2686,0.2686,74056.164
1764212400000,0.2687,0.2692,0.2673,0.2691,48262.17
1764213300000,0.2691,0.2694,0.2667,0.2669,123634.935
1764214200000,0.2672,0.2672,0.2642,0.2649,185945.662
1764215100000,0.2646,0.2648,0.2632,0.2641,63898.992
1764216000000,0.2642,0.2678,0.2642,0.2675,61635.316
1764216900000,0.2669,0.2675,0.2666,0.267,51714.509
1764217800000,0.2667,0.267,0.2661,0.2663,21460.177
1764218700000,0.2665,0.2672,0.2664,0.267,46232.687
1764219600000,0.2668,0.2668,0.2653,0.2655,25976.559
1764220500000,0.2655,0.2669,0.2651,0.2653,34883.662
1764221400000,0.2653,0.2653,0.2642,0.2644,53357.153
1764222300000,0.2644,0.2644,0.2637,0.2644,49831.603
1764223200000,0.2645,0.2664,0.2644,0.2662,17903.364
1764224100000,0.2662,0.267,0.266,0.2669,9889.519
1764225000000,0.2667,0.2668,0.2656,0.266,30426.387
1764225900000,0.266,0.2669,0.266,0.2664,12450.024
1764226800000,0.2661,0.2667,0.265,0.2664,71816.515
1764227700000,0.2664,0.2667,0.2655,0.2666,22349.863
1764228600000,0.2662,0.2667,0.2656,0.2663,10496.975
1764229500000,0.2654,0.2667,0.2654,0.2659,76931.869
1764230400000,0.2658,0.2658,0.2636,0.2637,68318.367
1764231300000,0.2636,0.2652,0.2636,0.2645,55215.714
1764232200000,0.2643,0.2655,0.2642,0.265,5415.863
1764233100000,0.2651,0.2659,0.2646,0.2656,42805.759
1764234000000,0.2655,0.2661,0.2655,0.2661,28302.116
1764234900000,0.2663,0.2692,0.2663,0.2681,52417.63
1764235800000,0.2684,0.2708,0.2684,0.2703,27855.861
1764236700000,0.27,0.27,0.2688,0.2689,29613.162
1764237600000,0.2683,0.2689,0.2669,0.2675,52128.143
1764238500000,0.2674,0.2683,0.267,0.267,18894.541
1764239400000,0.2669,0.2672,0.2656,0.2671,20114.212
1764240300000,0.2677,0.2681,0.2672,0.2675,36200.976
1764241200000,0.2675,0.2678,0.2667,0.267,5218.149
1764242100000,0.267,0.2673,0.2665,0.2667,10649.582
1764243000000,0.2664,0.267,0.2651,0.2657,76642.839
1764243900000,0.2657,0.2659,0.2648,0.2652,30996.996
1764244800000,0.2652,0.266,0.2649,0.2657,110687.012
1764245700000,0.2658,0.2658,0.2643,0.2653,34930.344
1764246600000,0.2653,0.266,0.2646,0.2648,26111.109
1764247500000,0.2648,0.2653,0.2645,0.2651,13408.257
1764248400000,0.2653,0.2668,0.2651,0.2666,15879.421
1764249300000,0.2669,0.2674,0.2658,0.267,31330.212
1764250200000,0.2669,0.2677,0.2661,0.2672,55206.48
1764251100000,0.2673,0.2675,0.266,0.2661,46317.771
1764252000000,0.2661,0.2681,0.2659,0.2679,87434.806
1764252900000,0.2676,0.2691,0.2667,0.2691,57161.967
1764253800000,0.2693,0.2696,0.2671,0.2677,43036.615
1764254700000,0.2677,0.2677,0.267,0.2673,26721.903
1764255600000,0.2673,0.2681,0.2669,0.2673,14975.217
1764256500000,0.2672,0.2681,0.2672,0.2676,1917.824
1764257400000,0.2673,0.2678,0.2661,0.2671,53636.017
1764258300000,0.2676,0.2689,0.2673,0.2689,79895.393
1764259200000,0.2688,0.27,0.268,0.2699,30252.942
1764260100000,0.2698,0.27,0.2685,0.2692,23034.044
1764261000000,0.2692,0.2706,0.2688,0.27,69730.667
1764261900000,0.2696,0.2707,0.2693,0.2699,63297.338
1764262800000,0.2698,0.2699,0.2692,0.2692,7958.995
1764263700000,0.2692,0.2693,0.2677,0.2677,11382.852
1764264600000,0.2676,0.2682,0.2672,0.2678,42259.044
1764265500000,0.2681,0.269,0.2681,0.2686,26159.706
1764266400000,0.2686,0.2687,0.2669,0.2669,19106.136
1764267300000,0.267,0.2676,0.2668,0.267,28515.173
1764268200000,0.267,0.2693,0.267,0.2691,14921.842
1764269100000,0.2693,0.2694,0.2687,0.2688,28128.063
1764270000000,0.2689,0.2692,0.2684,0.2684,33356.717
1764270900000,0.2684,0.269,0.268,0.2686,15118.693
1764271800000,0.2687,0.2691,0.2673,0.2687,57545.521
1764272700000,0.2688,0.2688,0.268,0.2682,20422.349
1764273600000,0.2682,0.2696,0.2681,0.2695,28653.741
1764274500000,0.2694,0.2703,0.2692,0.2699,13239.844
1764275400000,0.2698,0.2708,0.2695,0.27,36135.016
1764276300000,0.2697,0.2711,0.2693,0.2709,105173.143
1764277200000,0.2708,0.2712,0.27,0.2707,31417.932
1764278100000,0.2706,0.2713,0.27,0.2709,84830.241
1764279000000,0.2709,0.2713,0.27,0.2702,10346.111
1764279900000,0.27,0.2705,0.2688,0.2693,71753.981
1764280800000,0.2689,0.2693,0.2678,0.2684,92873.866
1764281700000,0.2683,0.2692,0.2679,0.2683,15676.898
1764282600000,0.2683,0.2685,0.265,0.2653,76226.22
1764283500000,0.2653,0.2657,0.2644,0.2646,101773.552
1764284400000,0.2649,0.2652,0.2608,0.2626,305546.542
1764285300000,0.263,0.2638,0.2627,0.2628,26570.667
1764286200000,0.2627,0.263,0.2616,0.2621,110495.927
1764287100000,0.2622,0.263,0.2611,0.263,24328.788
1764288000000,0.2628,0.2643,0.2623,0.2625,49994.219
1764288900000,0.2626,0.2639,0.2616,0.2636,26672.331
1764289800000,0.2634,0.2638,0.2623,0.2629,37425.415
1764290700000,0.2628,0.2632,0.2624,0.2629,34348.115
1764291600000,0.2631,0.2634,0.2588,0.2595,159180.27
1764292500000,0.2598,0.2608,0.259,0.2602,47585.313
1764293400000,0.2601,0.2614,0.2597,0.2603,42459.966
1764294300000,0.2606,0.2608,0.2595,0.2599,50701.901
1764295200000,0.2601,0.2602,0.2579,0.259,159341.782
1764296100000,0.2589,0.26,0.258,0.2585,90096.594
1764297000000,0.2582,0.2592,0.2578,0.258,65336.601
1764297900000,0.2585,0.2603,0.2582,0.26,47611.414
1764298800000,0.2597,0.2604,0.2594,0.26,98888.555
1764299700000,0.26,0.2606,0.26,0.2604,259543.961
1764300600000,0.2605,0.2608,0.2601,0.2608,12097.851
1764301500000,0.2608,0.2608,0.2602,0.2603,17671.016
1764302400000,0.2604,0.2612,0.26,0.2612,54136.909
1764303300000,0.2611,0.2615,0.2607,0.2607,26165.835
1764304200000,0.2606,0.2613,0.26,0.26,185902.949
1764305100000,0.26,0.2606,0.2597,0.2603,87059.248
1764306000000,0.26,0.2619,0.2596,0.2617,50324.039
1764306900000,0.2618,0.2618,0.2608,0.2613,47157.8
1764307800000,0.2611,0.2612,0.2603,0.2612,44262.246
1764308700000,0.2613,0.2631,0.2613,0.2626,32182.566
1764309600000,0.2624,0.2627,0.2615,0.2617,29830.543
1764310500000,0.2616,0.2622,0.2605,0.262,84332.213
1764311400000,0.2617,0.263,0.2615,0.263,18886.657
1764312300000,0.2627,0.2636,0.2622,0.2631,37186.54
1764313200000,0.2627,0.2639,0.2624,0.2626,41988.692
1764314100000,0.2626,0.2639,0.2625,0.2638,43228.556
1764315000000,0.2638,0.2643,0.2635,0.2641,28485.617
1764315900000,0.264,0.264,0.263,0.2633,60933.587
1764316800000,0.2637,0.2708,0.2637,0.2705,221156.742
1764317700000,0.2707,0.2789,0.2701,0.2778,772425.741
1764318600000,0.2779,0.2784,0.2738,0.2759,327792.612
1764319500000,0.2758,0.2802,0.2757,0.2781,199208.476
1764320400000,0.2784,0.279,0.2766,0.2773,156507.093
1764321300000,0.2772,0.2772,0.2756,0.2759,67589.189
1764322200000,0.2757,0.2757,0.2739,0.275,29954.344
1764323100000,0.2757,0.2763,0.2749,0.2761,40680.373
1764324000000,0.2763,0.2767,0.2744,0.2744,142525.708
1764324900000,0.2743,0.2748,0.2739,0.2748,16047.696
1764325800000,0.2747,0.2755,0.2722,0.2734,95235.229
1764326700000,0.2733,0.2742,0.273,0.2736,17445.423
1764327600000,0.2734,0.2734,0.2694,0.2694,135024.367
1764328500000,0.2693,0.2716,0.267,0.2713,222760.077
1764329400000,0.2707,0.2734,0.2705,0.272,86670.574
1764330300000,0.2716,0.2726,0.2713,0.2719,85169.793
1764331200000,0.2718,0.274,0.2718,0.2724,51766.637
1764332100000,0.2722,0.273,0.2717,0.2729,36225.023
1764333000000,0.2732,0.2738,0.2726,0.2726,108026.599
1764333900000,0.2725,0.2766,0.2723,0.2756,187981.203
1764334800000,0.2755,0.276,0.273,0.2744,150556.06
1764335700000,0.2743,0.2748,0.2737,0.274,30692.498
1764336600000,0.2741,0.2777,0.2732,0.2772,144761.571
1764337500000,0.2772,0.2805,0.2767,0.2771,232925.56
1764338400000,0.2765,0.2774,0.2746,0.276,97229.455
1764339300000,0.2758,0.2784,0.2752,0.2772,82696.208
1764340200000,0.2772,0.2777,0.2731,0.2736,199175.266
1764341100000,0.2731,0.2751,0.2726,0.2751,114976.239
1764342000000,0.2752,0.2755,0.2733,0.2739,56073.726
1764342900000,0.2739,0.2763,0.2733,0.276,63370.137
1764343800000,0.276,0.2767,0.2748,0.2757,53413.114
1764344700000,0.2756,0.2756,0.2742,0.2745,36268.989
1764345600000,0.2748,0.275,0.2719,0.2719,110186.331
1764346500000,0.2719,0.2722,0.2692,0.2697,125408.413
1764347400000,0.2691,0.2717,0.2684,0.2717,61658.166
1764348300000,0.2718,0.2721,0.2696,0.2696,51211.303
1764349200000,0.2695,0.2706,0.2681,0.2684,63154.672
1764350100000,0.2682,0.2698,0.268,0.2685,54063.741
1764351000000,0.2682,0.2688,0.2668,0.2679,38566.746
1764351900000,0.2681,0.2698,0.2676,0.2689,35151.569
1764352800000,0.2689,0.2691,0.2651,0.2682,108176.458
1764353700000,0.2673,0.2679,0.2653,0.2655,51237.671
1764354600000,0.2652,0.2658,0.2638,0.2652,100939.693
1764355500000,0.2652,0.2654,0.2639,0.2652,37274.405
1764356400000,0.2656,0.2668,0.2654,0.2668,42114.099
1764357300000,0.2669,0.2672,0.2657,0.2665,36246.914
1764358200000,0.2666,0.269,0.2666,0.2686,26189.652
1764359100000,0.2684,0.2684,0.2678,0.2681,27739.229
1764360000000,0.2679,0.2681,0.2664,0.2669,38256.965
1764360900000,0.2667,0.2699,0.2666,0.2699,100848.203
1764361800000,0.27,0.2707,0.2687,0.2687,38011.071
1764362700000,0.2686,0.2704,0.2686,0.2699,71742.697
1764363600000,0.27,0.2701,0.2682,0.2682,16118.66
1764364500000,0.2683,0.2683,0.2662,0.2671,77586.793
1764365400000,0.2668,0.267,0.2668,0.267,3820.605
1764366300000,0.2666,0.2666,0.2653,0.2653,10256.291
1764367200000,0.2651,0.2659,0.2646,0.265,28248.637
1764368100000,0.2645,0.2653,0.2639,0.2645,84512.557
1764369000000,0.2647,0.2666,0.2647,0.2656,29389.881
1764369900000,0.2654,0.2668,0.2652,0.2665,120019.863
1764370800000,0.2669,0.2686,0.2669,0.2679,64651.971
1764371700000,0.2683,0.2683,0.2679,0.268,34215.447
1764372600000,0.2683,0.2686,0.2678,0.2678,49655.337
1764373500000,0.2678,0.268,0.2667,0.2668,19041.248
1764374400000,0.2672,0.2678,0.2667,0.2678,20873.381
1764375300000,0.2682,0.2686,0.2671,0.2678,9293.379
1765006200000,0.2354,0.2362,0.2351,0.2358,19107.983
1765007100000,0.2358,0.2371,0.2356,0.2365,56123.783
1765008000000,0.2367,0.2367,0.2359,0.2359,15147.002
1765008900000,0.2359,0.237,0.2353,0.2354,21287.005
1765009800000,0.2355,0.2359,0.2353,0.2357,20245.637
1765010700000,0.2356,0.2357,0.2342,0.2342,44536.466
1765011600000,0.2345,0.2361,0.2345,0.2355,19978.03
1765012500000,0.2355,0.2365,0.2351,0.2365,40653.159
1765013400000,0.2363,0.2365,0.2358,0.2361,15422.104
1765014300000,0.2363,0.2363,0.2356,0.2359,970.739
1765015200000,0.2359,0.2361,0.235,0.2356,8815.105
1765016100000,0.2354,0.2356,0.2344,0.2344,19440.829
1765017000000,0.2341,0.2345,0.2336,0.2337,14616.442
1765017900000,0.2339,0.2351,0.2331,0.2349,14843.389
1765018800000,0.2347,0.2359,0.2344,0.2355,12540.036
1765019700000,0.2357,0.2357,0.2353,0.2355,4989.308
1765020600000,0.2355,0.2361,0.2354,0.2361,5025.607
1765021500000,0.2363,0.2363,0.2354,0.2356,15882.814
1765022400000,0.2353,0.2363,0.2351,0.2353,43795.96
1765023300000,0.2355,0.2365,0.2355,0.2362,14549.837
1765024200000,0.2362,0.2364,0.2357,0.2359,19614.782
1765025100000,0.2358,0.2363,0.2357,0.2357,7127.523
1765026000000,0.2356,0.2358,0.2345,0.2348,5317.056
1765026900000,0.2351,0.2354,0.235,0.2352,4292.433
1765027800000,0.2352,0.2359,0.2352,0.2357,4895.268
1765028700000,0.2355,0.2358,0.2354,0.2357,4010.134
1765029600000,0.2357,0.2361,0.2354,0.2358,89153.748
1765030500000,0.2357,0.2384,0.2357,0.2368,64713.43
1765031400000,0.2366,0.2378,0.2366,0.2373,46310.133
1765032300000,0.2375,0.2377,0.2368,0.2371,32443.485
1765033200000,0.2371,0.2371,0.236,0.2363,12102.672
1765034100000,0.2362,0.2362,0.2346,0.2352,35864.151
1765035000000,0.2355,0.2358,0.2346,0.2357,25378.325
1765035900000,0.2355,0.2355,0.2344,0.2344,6279.656
1765036800000,0.2344,0.2359,0.2344,0.2357,17746.255
1765037700000,0.2359,0.236,0.2355,0.2356,23543.54
1765038600000,0.2354,0.2365,0.2351,0.2364,14537.78
1765039500000,0.2364,0.2371,0.236,0.2361,43796.653
1765040400000,0.2361,0.2363,0.2356,0.2358,19028.462
1765041300000,0.2359,0.237,0.2359,0.237,9142.27
1765042200000,0.2371,0.2372,0.2366,0.237,12075.048
1765043100000,0.2369,0.2377,0.2369,0.2377,10043.793
1765044000000,0.2377,0.2377,0.2367,0.2374,15627.069
1765044900000,0.2375,0.2378,0.2373,0.2376,9007.34
1765045800000,0.2376,0.2376,0.2366,0.2366,10566.306
1765046700000,0.2366,0.2369,0.2358,0.2358,9993.988
1765047600000,0.2358,0.2365,0.2341,0.2348,36781.598
1765048500000,0.2347,0.2353,0.2347,0.2352,3527.24
1765049400000,0.235,0.235,0.2339,0.2339,21999.904
1765050300000,0.2341,0.2347,0.2341,0.2346,38290.647
1765051200000,0.2346,0.2351,0.2344,0.2346,2262.627
1765052100000,0.2345,0.2353,0.2345,0.2347,4295.074
1765053000000,0.2346,0.2348,0.2342,0.2347,2239.531
1765053900000,0.235,0.235,0.2346,0.2349,3613.503
1765054800000,0.2349,0.2372,0.2346,0.2356,23284.476
1765055700000,0.2355,0.2362,0.2352,0.2352,26590.795
1765056600000,0.2353,0.2356,0.2352,0.2354,2261.743
1765057500000,0.2355,0.2356,0.2352,0.2356,5513.042
1765058400000,0.2355,0.2361,0.2352,0.2361,4828.368
1765059300000,0.2362,0.2362,0.2346,0.2349,97578.226
1765060200000,0.2347,0.2348,0.2341,0.2345,19512.407
1765061100000,0.234,0.234,0.2335,0.2337,8592.789
1765062000000,0.2338,0.2343,0.2333,0.2337,26003.892
1765062900000,0.2339,0.2339,0.2326,0.2331,13295.165
1765063800000,0.2332,0.2343,0.2332,0.2343,7011.06
1765064700000,0.2343,0.2357,0.2343,0.2354,24450.208
1765065600000,0.2354,0.2362,0.2352,0.2358,13381.867
1765066500000,0.2359,0.2359,0.2353,0.2359,24144.226
1765067400000,0.2357,0.2366,0.2355,0.2366,4059.489
1765068300000,0.2366,0.2369,0.2356,0.2358,6519.701
1765069200000,0.2358,0.2358,0.235,0.2354,6462.4
1765070100000,0.2354,0.2357,0.2353,0.2355,6627.981
1765071000000,0.2357,0.2359,0.2353,0.2356,22766.126
1765071900000,0.2355,0.2355,0.235,0.235,4238.608
1765072800000,0.235,0.2355,0.235,0.2355,3466.499
1765073700000,0.2353,0.2363,0.2353,0.2358,4778.621
1765074600000,0.2357,0.2363,0.235,0.2355,22820.222
1765075500000,0.2356,0.2357,0.2351,0.2352,11362.056
1765076400000,0.2351,0.2355,0.2346,0.2352,11065.237
1765077300000,0.2348,0.2349,0.2346,0.2348,11233.722
1765078200000,0.2348,0.2353,0.2345,0.2352,31520.268
1765079100000,0.2352,0.2354,0.2352,0.2352,22780.748
1765080000000,0.2353,0.2356,0.235,0.2354,5128.81
1765080900000,0.2355,0.2357,0.2353,0.2353,5651.166
1765081800000,0.2344,0.2344,0.234,0.2343,1059.719
1765082700000,0.234,0.234,0.2336,0.2336,1383.237
1765083600000,0.2339,0.2339,0.2335,0.2337,23409.765
1765084500000,0.2339,0.2339,0.2334,0.2334,317.862
1765085400000,0.2333,0.2346,0.2332,0.2345,4699.017
1765086300000,0.2342,0.2342,0.2338,0.2338,6789.769
1765087200000,0.2338,0.2347,0.2336,0.2341,18625.311
1765088100000,0.2338,0.2345,0.2336,0.2343,42756.677
1765089000000,0.2342,0.2343,0.234,0.2343,22891.965
1765089900000,0.2343,0.2347,0.2338,0.2344,13585.214
1765090800000,0.2345,0.2348,0.2328,0.233,38547.486
1765091700000,0.2332,0.2333,0.2327,0.2329,10841.325
1765092600000,0.2326,0.2327,0.232,0.2324,5031.411
1765093500000,0.2323,0.2331,0.2322,0.2323,2000.409
1765094400000,0.2322,0.2322,0.2311,0.2311,71126.947
1765095300000,0.2311,0.2317,0.2311,0.2315,4866.863
1765096200000,0.2315,0.2328,0.2315,0.2325,9227.309
1765097100000,0.2324,0.2324,0.2314,0.2314,11520.55
1765098000000,0.2314,0.2319,0.2313,0.2319,7869.881
1765098900000,0.2319,0.2319,0.23,0.2301,25039.359
1765099800000,0.2302,0.231,0.2301,0.2302,19316.229
1765100700000,0.2303,0.2304,0.2295,0.2296,78071.737
1765101600000,0.2296,0.2307,0.2296,0.2307,42119.612
1765102500000,0.2305,0.2305,0.2301,0.2302,4914.654
1765103400000,0.2303,0.2305,0.2293,0.2299,56427.154
1765104300000,0.2299,0.2309,0.2299,0.2303,33453.409
1765105200000,0.2303,0.2309,0.2303,0.2309,4996.271
1765106100000,0.231,0.2315,0.2306,0.2306,88402.184
1765107000000,0.2307,0.2317,0.2307,0.2314,20424.254
1765107900000,0.2314,0.2315,0.2305,0.2308,17831.552
1765108800000,0.2309,0.2314,0.2303,0.2314,26750.915
1765109700000,0.2317,0.2319,0.2305,0.2305,65216.504
1765110600000,0.2308,0.231,0.2305,0.2306,12725.133
1765111500000,0.2307,0.2325,0.2307,0.232,46893.499
1765112400000,0.232,0.2325,0.2305,0.231,55563.271
1765113300000,0.2311,0.2316,0.2293,0.23,42005.136
1765114200000,0.2296,0.2305,0.2296,0.2299,24034.03
1765115100000,0.2299,0.2305,0.2298,0.2301,30783.569
1765116000000,0.23,0.2304,0.2285,0.2286,61419.512
1765116900000,0.2286,0.229,0.2243,0.2263,313566.003
1765117800000,0.226,0.2271,0.2242,0.2258,61727.841
1765118700000,0.2257,0.2262,0.225,0.2256,50918.254
1765119600000,0.2256,0.2311,0.2256,0.2291,224462.931
1765120500000,0.2294,0.2296,0.2288,0.229,15283.466
1765121400000,0.229,0.23,0.229,0.2294,24076.468
1765122300000,0.2293,0.2342,0.2291,0.2339,145390.759
1765123200000,0.2339,0.234,0.2328,0.2331,45453.444
1765124100000,0.2331,0.2341,0.2323,0.2324,30825.349
1765125000000,0.2325,0.2326,0.2309,0.2311,21099.048
1765125900000,0.231,0.233,0.2304,0.233,34942.559
1765126800000,0.2331,0.2333,0.2317,0.2318,51248.993
1765127700000,0.2319,0.2431,0.2318,0.2429,345980.668
1765128600000,0.243,0.2457,0.2421,0.2444,274095.622
1765129500000,0.2446,0.2462,0.2434,0.245,146263.363
1765130400000,0.2451,0.2468,0.244,0.2467,131760.304
1765131300000,0.2467,0.2507,0.2462,0.2496,271376.604
1765132200000,0.2498,0.254,0.2495,0.2528,252198.613
1765133100000,0.2528,0.254,0.2482,0.2482,141982.437
1765134000000,0.2483,0.2487,0.246,0.247,105104.488
1765134900000,0.247,0.2474,0.2448,0.2448,30081.67
1765135800000,0.2448,0.2499,0.2445,0.2496,87498.802
1765136700000,0.2496,0.2536,0.2494,0.2501,128606.029
1765137600000,0.2503,0.2518,0.2492,0.2505,41901.344
1765138500000,0.2506,0.2514,0.25,0.2502,138282.412
1765139400000,0.2502,0.2503,0.2486,0.2488,16546.168
1765140300000,0.249,0.249,0.2471,0.2471,15684.235
1765141200000,0.2471,0.2471,0.2461,0.2461,38725.271
1765142100000,0.2461,0.2461,0.2447,0.2448,31097.331
1765143000000,0.2447,0.2447,0.242,0.2422,24881.507
1765143900000,0.242,0.2427,0.2382,0.2402,40079.105
1765144800000,0.2401,0.2403,0.2342,0.2377,122267.652
1765145700000,0.2372,0.2385,0.2363,0.2376,16446.72
1765146600000,0.2379,0.2389,0.2369,0.2375,30800.42
1765147500000,0.2375,0.2382,0.2335,0.2356,63515.371
1765148400000,0.2349,0.2356,0.2333,0.2343,6058.677
1765149300000,0.2348,0.2366,0.2343,0.2366,9587.856
1765150200000,0.2368,0.2368,0.2346,0.2357,8374.406
1765151100000,0.2358,0.2365,0.2357,0.236,5292.954
1765152000000,0.2362,0.2369,0.2346,0.235,47604.347
1765152900000,0.235,0.2369,0.2347,0.2357,54425.677
1765153800000,0.2356,0.2367,0.2345,0.2346,22144.758
1765154700000,0.2345,0.2345,0.2334,0.2337,16186.679
1765155600000,0.2337,0.2357,0.2336,0.2349,8327.395
1765156500000,0.2352,0.2381,0.2344,0.2367,54019.668
1765157400000,0.237,0.2403,0.2368,0.239,35287.365
1765158300000,0.2388,0.2388,0.2357,0.2359,44554.77
1765159200000,0.236,0.2365,0.2356,0.2365,4624.2
1765160100000,0.2366,0.2373,0.2361,0.2361,52465.238
1765161000000,0.236,0.2363,0.2348,0.2361,17273.917
1765161900000,0.2362,0.2379,0.2358,0.237,91200.625
1765162800000,0.2372,0.2379,0.237,0.2372,2107.558
1765163700000,0.2368,0.2391,0.2368,0.2385,7283.166
1765164600000,0.2382,0.2388,0.2371,0.2379,21291.559
1765165500000,0.2377,0.2396,0.2377,0.2385,33678.772
1765166400000,0.2383,0.24,0.2383,0.2393,33957.588
1765167300000,0.2395,0.2408,0.2392,0.2397,15558.428
1765168200000,0.24,0.2429,0.24,0.2414,36800.321
1765169100000,0.2416,0.242,0.2412,0.2416,4959.848
1765170000000,0.2417,0.2427,0.2407,0.2426,15494.768
1765170900000,0.2419,0.2419,0.2405,0.2416,21080.611
1765171800000,0.2415,0.2437,0.2415,0.2418,19380.319
1765172700000,0.2418,0.242,0.24,0.2413,27623.116
1765173600000,0.2416,0.2416,0.241,0.2416,9861.369
1765174500000,0.2417,0.2421,0.2409,0.2412,22140.822
1765175400000,0.2417,0.2419,0.2412,0.2415,21768.939
1765176300000,0.2416,0.2425,0.2416,0.2417,36354.653
1765177200000,0.2417,0.2424,0.2411,0.2418,36613.131
1765178100000,0.2419,0.2432,0.2412,0.243,38936.953
1765179000000,0.2429,0.2436,0.2417,0.242,41134.78
1765179900000,0.2421,0.2431,0.2416,0.2431,32501.56
1765180800000,0.2432,0.2445,0.2428,0.2437,44888.123
1765181700000,0.2438,0.2443,0.2435,0.244,17164.322
1765182600000,0.2442,0.2442,0.243,0.244,51437.76
1765183500000,0.2439,0.2439,0.2428,0.2436,16052.702
1765184400000,0.2436,0.2486,0.2436,0.2464,87606.612
1765185300000,0.246,0.2462,0.2455,0.2459,23595.894
1765186200000,0.2459,0.2459,0.2447,0.2447,45377.787
1765187100000,0.2446,0.2447,0.2438,0.2441,57270.94
1765188000000,0.2441,0.2441,0.243,0.2433,26678.57
1765188900000,0.2432,0.244,0.243,0.2433,13155.035
1765189800000,0.2432,0.2441,0.2431,0.2434,18766.727
1765190700000,0.2436,0.2438,0.2433,0.2434,7276.276
1765191600000,0.2433,0.2435,0.2423,0.2429,12263.974
1765192500000,0.2428,0.2429,0.242,0.2422,26635.138
1765193400000,0.242,0.2421,0.2406,0.2407,28303.47
1765194300000,0.2407,0.2409,0.24,0.2405,25009.275
1765195200000,0.2406,0.2407,0.2391,0.2393,29346.36
1765196100000,0.2394,0.2396,0.2385,0.2393,46634.449
1765197000000,0.2393,0.2396,0.2389,0.239,19249.75
1765197900000,0.239,0.2401,0.2387,0.2399,56368.101
1765198800000,0.2399,0.2415,0.2393,0.24,50926.861
1765199700000,0.2401,0.2405,0.2391,0.2398,51786.806
1765200600000,0.24,0.2402,0.2388,0.2396,42146.41
1765201500000,0.2398,0.2405,0.2393,0.2394,32990.285
1765202400000,0.2397,0.2405,0.2394,0.2401,41426.076
1765203300000,0.2401,0.2401,0.2385,0.2396,21507.322
1765204200000,0.2398,0.243,0.2387,0.2418,196595.673
1765205100000,0.2417,0.2429,0.2393,0.2394,146983.841
1765206000000,0.2392,0.2395,0.2355,0.2363,144376.511
1765206900000,0.2359,0.2378,0.2349,0.2359,58322.379
1765207800000,0.2357,0.2377,0.2353,0.2356,65741.586
1765208700000,0.2354,0.2383,0.2354,0.2375,40647.032
1765209600000,0.2374,0.2375,0.2352,0.237,72042.282
1765210500000,0.2367,0.2403,0.2367,0.2398,76285.788
1765211400000,0.2398,0.2419,0.2392,0.2403,111949.875
1765212300000,0.24,0.24,0.2373,0.2376,47290.662
1765213200000,0.2377,0.2393,0.2375,0.2381,45867.503
1765214100000,0.2381,0.2388,0.2369,0.2375,49757.468
1765215000000,0.2372,0.238,0.2364,0.237,48619.916
1765215900000,0.237,0.2392,0.2364,0.2386,16206.94
1765216800000,0.239,0.2395,0.2383,0.2388,35650.43
1765217700000,0.2385,0.2395,0.2371,0.2373,58486.835
1765218600000,0.237,0.2381,0.2367,0.238,18194.923
1765219500000,0.2387,0.2387,0.2354,0.2365,50338.062
1765220400000,0.2364,0.2376,0.2363,0.2368,26828.206
1765221300000,0.237,0.2371,0.236,0.2363,33074.857
1765222200000,0.2364,0.2375,0.2364,0.2375,18190.515
1765223100000,0.2373,0.238,0.2368,0.237,10641.617
1765224000000,0.2377,0.2392,0.2376,0.2389,16912.996
1765224900000,0.2385,0.2397,0.2385,0.2385,9687.748
1765225800000,0.2386,0.239,0.2377,0.2386,11718.758
1765226700000,0.2388,0.2403,0.2384,0.2403,29259.705
1765227600000,0.2402,0.2428,0.2398,0.2418,84997.981
1765228500000,0.2418,0.2429,0.2417,0.2429,24568.737
1765229400000,0.2429,0.2444,0.2422,0.2422,17041.021
1765230300000,0.2421,0.2429,0.2418,0.2427,75496.969
1765231200000,0.2427,0.2437,0.2424,0.2431,64645.564
1765232100000,0.2433,0.2437,0.2417,0.2418,35617.872
1765233000000,0.2418,0.2418,0.2407,0.2408,6920.144
1765233900000,0.2409,0.2421,0.2408,0.242,2771.791
1765234800000,0.2422,0.2426,0.2415,0.2415,3704.053
1765235700000,0.2415,0.2415,0.2397,0.2402,14687.409
1765236600000,0.2404,0.2407,0.24,0.2405,9920.872
1765237500000,0.2403,0.2405,0.2398,0.2404,7613.277
1765238400000,0.2402,0.241,0.2402,0.241,6474.262
1765239300000,0.2407,0.2424,0.2404,0.2413,23260.08
1765240200000,0.2413,0.2415,0.2396,0.2401,7675.839
1765241100000,0.2402,0.2404,0.2397,0.2403,2834.763
1765242000000,0.2402,0.2406,0.2394,0.24,11801.003
1765242900000,0.24,0.2402,0.2379,0.238,30969.069
1765243800000,0.2377,0.2383,0.2377,0.2383,6833.055
1765244700000,0.2384,0.2385,0.2375,0.2382,23788.006
1765245600000,0.2382,0.2393,0.2378,0.2389,37490.079
1765246500000,0.2388,0.2395,0.2381,0.2389,13760.742
1765247400000,0.2389,0.2392,0.2384,0.2389,16649.38
1765248300000,0.239,0.2394,0.238,0.2381,24680.218
1765249200000,0.238,0.2392,0.238,0.2384,25177.589
1765250100000,0.2381,0.2381,0.2363,0.2371,69557.567
1765251000000,0.237,0.2393,0.237,0.2393,21291.734
1765251900000,0.2396,0.2401,0.2387,0.2398,6868.6
1765252800000,0.2397,0.2399,0.2394,0.2394,4179.807
1765253700000,0.2392,0.2393,0.2382,0.2385,13552.92
1765254600000,0.238,0.238,0.236,0.2362,40277.792
1765255500000,0.2364,0.2367,0.2361,0.2366,15080.099
1765256400000,0.2368,0.2372,0.2357,0.2365,4889.862
1765257300000,0.2362,0.237,0.2361,0.237,11538.574
1765258200000,0.2371,0.2383,0.2371,0.238,20147.124
1765259100000,0.2379,0.2381,0.2369,0.2371,9962.646
1765260000000,0.2372,0.2384,0.2372,0.2375,7690.159
1765260900000,0.2377,0.2377,0.237,0.2373,11795.196
1765261800000,0.2373,0.2375,0.2366,0.2371,39380.855
1765262700000,0.2373,0.2388,0.2373,0.2385,26094.267
1765263600000,0.2386,0.2391,0.2379,0.2388,52579.249
1765264500000,0.2387,0.2403,0.2387,0.2395,21141.257
1765265400000,0.2393,0.2405,0.2393,0.2404,18917.82
1765266300000,0.2403,0.2403,0.2394,0.2396,37850.908
1765267200000,0.2396,0.2401,0.2395,0.2396,15694.24
1765268100000,0.2394,0.2397,0.2388,0.2388,19878.808
1765269000000,0.2382,0.2387,0.2379,0.2382,44030.178
1765269900000,0.2385,0.2389,0.2383,0.2385,35869.904
1765270800000,0.2384,0.2384,0.2376,0.2379,10094.32
1765271700000,0.2379,0.2379,0.2371,0.2372,12401.894
1765272600000,0.2372,0.2374,0.2369,0.2369,8065.656
1765273500000,0.2368,0.2377,0.2367,0.2375,14630.537
1765274400000,0.2374,0.2382,0.2373,0.2379,22069.305
1765275300000,0.2379,0.2387,0.2379,0.2387,10210.067
1765906200000,0.2243,0.225,0.2218,0.2223,54262.402
1765907100000,0.222,0.2222,0.2215,0.2215,106928.336
1765908000000,0.2216,0.2231,0.2214,0.2228,16154.804
1765908900000,0.2225,0.2226,0.2214,0.2214,8336.654
1765909800000,0.2214,0.2238,0.2214,0.2238,41797.024
1765910700000,0.224,0.2246,0.2236,0.2236,9804.825
1765911600000,0.2235,0.2236,0.2215,0.2215,4367.744
1765912500000,0.2214,0.2215,0.2207,0.2212,17467.006
1765913400000,0.2213,0.222,0.2209,0.2212,12235.207
1765914300000,0.2219,0.2237,0.2219,0.2227,3307.114
1765915200000,0.2228,0.2232,0.2228,0.2229,592.596
1765916100000,0.223,0.223,0.2225,0.2226,5931.033
1765917000000,0.2225,0.224,0.2225,0.2238,40153.337
1765917900000,0.2238,0.2239,0.2227,0.2229,32332.572
1765918800000,0.2228,0.2232,0.2228,0.2228,2567.951
1765919700000,0.2227,0.2231,0.2224,0.2224,647.937
1765920600000,0.2226,0.224,0.2226,0.224,18672.956
1765921500000,0.2239,0.224,0.2228,0.2229,3565.68
1765922400000,0.2229,0.2235,0.2215,0.2216,8783.424
1765923300000,0.2217,0.2223,0.2217,0.222,1649.856
1765924200000,0.222,0.222,0.2216,0.2216,685.982
1765925100000,0.2216,0.2216,0.2213,0.2213,338.943
1765926000000,0.2212,0.2212,0.2205,0.2205,12806.276
1765926900000,0.2206,0.2206,0.2201,0.2201,2184.027
1765927800000,0.2202,0.2203,0.2201,0.2203,1068.628
1765928700000,0.2206,0.2207,0.2201,0.2207,12286.943
1765929600000,0.2201,0.2201,0.2192,0.2192,6688.884
1765930500000,0.2192,0.2201,0.2191,0.2197,46586.958
1765931400000,0.2193,0.2195,0.219,0.2194,10086.852
1765932300000,0.2195,0.2195,0.2192,0.2194,34496.804
1765933200000,0.2194,0.2204,0.2194,0.2199,58399.163
1765934100000,0.2199,0.2218,0.2199,0.221,23233.329
1765935000000,0.2211,0.2211,0.2197,0.2197,17518.334
1765935900000,0.2194,0.2194,0.2185,0.2187,17802.889
1765936800000,0.219,0.219,0.2181,0.2183,36649.459
1765937700000,0.2181,0.2184,0.2177,0.2184,20341.603
1765938600000,0.2184,0.2188,0.218,0.2188,12653.3
1765939500000,0.219,0.2194,0.2187,0.2188,14768.67
1765940400000,0.2189,0.2194,0.2184,0.2184,5136.204
1765941300000,0.2183,0.2183,0.2182,0.2182,1615.842
1765942200000,0.218,0.218,0.2177,0.2177,12259.878
1765943100000,0.2179,0.218,0.2177,0.2177,2314.775
1765944000000,0.2178,0.2184,0.2174,0.2183,18016.612
1765944900000,0.2183,0.2183,0.2159,0.217,61033.915
1765945800000,0.2164,0.2167,0.2159,0.2166,11049.551
1765946700000,0.2161,0.2161,0.2155,0.2159,32498.408
1765947600000,0.216,0.217,0.2148,0.2164,51161.548
1765948500000,0.2163,0.2163,0.2152,0.2156,17410.733
1765949400000,0.2158,0.216,0.2154,0.216,9367.124
1765950300000,0.2159,0.2168,0.2159,0.2166,5999.143
1765951200000,0.2165,0.2177,0.2165,0.2173,11337.244
1765952100000,0.2172,0.2174,0.217,0.2173,6827.109
1765953000000,0.2176,0.2177,0.2173,0.2173,6476.464
1765953900000,0.217,0.217,0.2167,0.2168,4801.803
1765954800000,0.2168,0.2173,0.2165,0.2171,18461.136
1765955700000,0.2168,0.2168,0.2163,0.2165,8582.112
1765956600000,0.2164,0.2182,0.2163,0.2175,45004.216
1765957500000,0.2175,0.2175,0.2172,0.2173,4089.977
1765958400000,0.2173,0.2173,0.2164,0.2165,18184.864
1765959300000,0.2165,0.2165,0.2155,0.2156,8870.564
1765960200000,0.2155,0.2161,0.2153,0.2157,15175.25
1765961100000,0.2156,0.2157,0.2148,0.215,37834.614
1765962000000,0.2149,0.2155,0.2147,0.2148,22823.668
1765962900000,0.2149,0.2153,0.2141,0.2145,22990.635
1765963800000,0.2144,0.215,0.2144,0.2148,6158.233
1765964700000,0.2151,0.2151,0.2145,0.2145,3365.136
1765965600000,0.2144,0.2145,0.2126,0.214,60973.262
1765966500000,0.214,0.214,0.2131,0.2135,32848.345
1765967400000,0.2133,0.2135,0.2126,0.2132,19754.394
1765968300000,0.213,0.2133,0.2127,0.2128,10464.477
1765969200000,0.2128,0.2141,0.2122,0.2138,21785.573
1765970100000,0.2137,0.2139,0.2135,0.2135,12131.047
1765971000000,0.2136,0.2144,0.2136,0.2143,8768.269
1765971900000,0.2142,0.2147,0.2137,0.2143,22578.079
1765972800000,0.2143,0.2148,0.2139,0.2141,11558.984
1765973700000,0.2138,0.2138,0.2132,0.2133,38774.047
1765974600000,0.2133,0.2136,0.2127,0.2127,16820.274
1765975500000,0.2126,0.2136,0.2126,0.2131,30869.07
1765976400000,0.2131,0.2134,0.2121,0.2121,32436.843
1765977300000,0.2121,0.2125,0.2117,0.2123,7510.486
1765978200000,0.2124,0.2131,0.2124,0.2131,9147.796
1765979100000,0.2138,0.2155,0.2133,0.2142,151740.435
1765980000000,0.2145,0.2147,0.2136,0.2139,23289.903
1765980900000,0.214,0.2167,0.214,0.2167,77948.195
1765981800000,0.2163,0.2167,0.2145,0.2149,104654.266
1765982700000,0.2152,0.2215,0.2114,0.221,281235.847
1765983600000,0.2214,0.2242,0.2199,0.2236,100844.139
1765984500000,0.2234,0.2237,0.2195,0.2201,81226.991
1765985400000,0.2203,0.2203,0.2157,0.2161,66109.927
1765986300000,0.2162,0.2162,0.212,0.2126,189206.885
1765987200000,0.2124,0.2147,0.2117,0.2117,41664.671
1765988100000,0.2116,0.2116,0.2083,0.2095,129240.064
1765989000000,0.209,0.21,0.2073,0.2095,119360.545
1765989900000,0.2092,0.2108,0.2092,0.2108,36867.37
1765990800000,0.2101,0.2111,0.2082,0.2094,61749.446
1765991700000,0.209,0.2108,0.2087,0.2098,26315.922
1765992600000,0.2095,0.2098,0.2074,0.2076,30706.593
1765993500000,0.2074,0.2085,0.207,0.2071,26276.933
1765994400000,0.2074,0.2087,0.2072,0.2083,10213.602
1765995300000,0.2084,0.2084,0.2072,0.2073,16473.831
1765996200000,0.2075,0.2076,0.205,0.206,13773.564
1765997100000,0.2061,0.2062,0.2046,0.2053,14871.759
1765998000000,0.2053,0.2056,0.204,0.2052,26942.244
1765998900000,0.2052,0.2068,0.2052,0.2054,71160.32
1765999800000,0.2057,0.2063,0.205,0.2055,121284.166
1766000700000,0.2062,0.2071,0.2062,0.2071,4229.069
1766001600000,0.2073,0.208,0.207,0.207,49103.788
1766002500000,0.207,0.2099,0.207,0.2094,10350.751
1766003400000,0.2096,0.2096,0.2078,0.2083,2271.645
1766004300000,0.208,0.208,0.2068,0.207,5203.949
1766005200000,0.2077,0.2077,0.2076,0.2076,233.837
1766006100000,0.2074,0.2074,0.206,0.2061,7703.036
1766007000000,0.2065,0.2065,0.2053,0.2055,21376.275
1766007900000,0.2059,0.206,0.2052,0.206,610.473
1766008800000,0.2061,0.2063,0.2057,0.2059,4054.625
1766009700000,0.2057,0.2062,0.2052,0.2057,15701.885
1766010600000,0.2055,0.2058,0.2054,0.2054,122256.594
1766011500000,0.2053,0.2058,0.2053,0.2053,1770.494
1766012400000,0.2051,0.2051,0.2037,0.2037,6998.392
1766013300000,0.2036,0.2038,0.2031,0.2032,5968.998
1766014200000,0.2033,0.2039,0.2033,0.2038,1866.836
1766015100000,0.2037,0.204,0.2034,0.2037,2963.575
1766016000000,0.2037,0.2042,0.203,0.2034,4681.814
1766016900000,0.2034,0.2039,0.2032,0.2039,6028.907
1766017800000,0.2039,0.204,0.2036,0.2039,5044.034
1766018700000,0.2037,0.204,0.2037,0.204,1379.087
1766019600000,0.2042,0.2042,0.2024,0.2033,23103.735
1766020500000,0.2034,0.2035,0.2031,0.2031,9736.604
1766021400000,0.2027,0.2031,0.2018,0.2029,112636.167
1766022300000,0.2029,0.2032,0.2022,0.2026,11404.116
1766023200000,0.2026,0.204,0.2021,0.2038,27260.345
1766024100000,0.2036,0.2047,0.2029,0.2033,21732.086
1766025000000,0.2033,0.2048,0.2033,0.2046,59253.305
1766025900000,0.2047,0.2047,0.2041,0.2041,7936.171
1766026800000,0.2043,0.2045,0.2039,0.2043,12307.576
1766027700000,0.204,0.2041,0.2033,0.2033,40331.201
1766028600000,0.2032,0.2036,0.2031,0.2034,10880.263
1766029500000,0.203,0.2032,0.203,0.2031,2641.019
1766030400000,0.2032,0.2041,0.2032,0.2037,10807.674
1766031300000,0.2035,0.2041,0.2035,0.2037,7315.399
1766032200000,0.2036,0.2042,0.2035,0.204,13323.396
1766033100000,0.2039,0.2041,0.2037,0.2039,5732.007
1766034000000,0.2038,0.2038,0.2021,0.2022,171404.311
1766034900000,0.2022,0.2022,0.2009,0.2014,37271.192
1766035800000,0.2011,0.2022,0.2008,0.2019,21786.462
1766036700000,0.2015,0.2015,0.2003,0.201,174090.037
1766037600000,0.2009,0.2014,0.2008,0.201,12398.017
1766038500000,0.201,0.2014,0.2009,0.201,7835.624
1766039400000,0.201,0.2017,0.201,0.2015,31901.498
1766040300000,0.2012,0.2018,0.2009,0.2018,33594.336
1766041200000,0.2018,0.2027,0.2014,0.2025,195423.258
1766042100000,0.2025,0.2026,0.2022,0.2025,29080.76
1766043000000,0.2027,0.203,0.2014,0.2015,15868.519
1766043900000,0.2016,0.2024,0.2016,0.2022,12073.202
1766044800000,0.2022,0.2029,0.2022,0.2029,29767.252
1766045700000,0.203,0.2041,0.2028,0.2038,60072.324
1766046600000,0.2039,0.2042,0.2035,0.2035,23855.92
1766047500000,0.2035,0.2035,0.2029,0.2031,13815.159
1766048400000,0.2033,0.2036,0.203,0.2031,12509.412
1766049300000,0.2032,0.2034,0.2028,0.2032,8347.768
1766050200000,0.2032,0.2046,0.2032,0.2046,16509.107
1766051100000,0.2047,0.2047,0.2037,0.204,27331.379
1766052000000,0.2039,0.2044,0.2039,0.2041,11440.479
1766052900000,0.2042,0.2056,0.2042,0.205,98579.113
1766053800000,0.2052,0.2057,0.2049,0.205,46265.493
1766054700000,0.2051,0.2052,0.2045,0.2046,14860.922
1766055600000,0.2046,0.2046,0.2037,0.2037,30763.87
1766056500000,0.2036,0.2044,0.2036,0.2044,18608.126
1766057400000,0.2045,0.205,0.2045,0.2047,13046.951
1766058300000,0.2046,0.2055,0.2046,0.2055,6315.106
1766059200000,0.2055,0.2058,0.2049,0.2049,45064.255
1766060100000,0.2049,0.2054,0.2048,0.2051,5057.273
1766061000000,0.2055,0.2065,0.2055,0.2063,29585.997
1766061900000,0.2065,0.2065,0.2054,0.206,5421.892
1766062800000,0.2062,0.2095,0.2062,0.209,71310.633
1766063700000,0.209,0.2091,0.207,0.207,31234.271
1766064600000,0.2076,0.2114,0.2076,0.2113,174239.901
1766065500000,0.2112,0.2122,0.2107,0.2113,35498.679
1766066400000,0.2115,0.213,0.208,0.2083,27929.974
1766067300000,0.2089,0.211,0.2088,0.21,43697.054
1766068200000,0.2099,0.2111,0.2063,0.2063,16250.622
1766069100000,0.2065,0.2074,0.2054,0.2068,37806.781
1766070000000,0.2068,0.2077,0.2056,0.206,32725.951
1766070900000,0.2062,0.2086,0.206,0.2086,24641.962
1766071800000,0.2089,0.2107,0.2079,0.2096,209252.444
1766072700000,0.2093,0.2093,0.2081,0.2084,45689.632
1766073600000,0.2085,0.2085,0.2073,0.2073,28548.518
1766074500000,0.2073,0.2076,0.206,0.2062,8277.334
1766075400000,0.2063,0.2073,0.2058,0.2073,10565.998
1766076300000,0.2072,0.2073,0.2067,0.2069,8754.842
1766077200000,0.2071,0.2071,0.2007,0.2011,60047.145
1766078100000,0.2012,0.2012,0.1966,0.1991,303924.177
1766079000000,0.1982,0.2019,0.1981,0.2012,13121.326
1766079900000,0.2014,0.2017,0.2002,0.201,14304.037
1766080800000,0.201,0.2039,0.2005,0.2035,24783.482
1766081700000,0.2031,0.2031,0.2013,0.2014,23966.311
1766082600000,0.2015,0.2019,0.201,0.2015,1261.727
1766083500000,0.2011,0.2013,0.1987,0.1992,17784.472
1766084400000,0.1993,0.1995,0.1977,0.1982,31842.909
1766085300000,0.1984,0.199,0.1975,0.1981,53116.383
1766086200000,0.1983,0.1987,0.1948,0.1951,138444.276
1766087100000,0.1947,0.1947,0.192,0.1924,43483.57
1766088000000,0.1925,0.1954,0.1923,0.195,46953.083
1766088900000,0.195,0.1956,0.1944,0.1945,16217.243
1766089800000,0.1946,0.1948,0.194,0.1944,22990.936
1766090700000,0.1944,0.1952,0.1938,0.194,23171.712
1766091600000,0.194,0.1968,0.194,0.1963,48527.882
1766092500000,0.1961,0.1973,0.1959,0.1973,11794.325
1766093400000,0.1976,0.1977,0.1962,0.1964,21153.112
1766094300000,0.1969,0.1977,0.1969,0.1977,13105.066
1766095200000,0.1981,0.1981,0.1974,0.1974,18090.074
1766096100000,0.1975,0.1977,0.197,0.1972,49858.156
1766097000000,0.1975,0.1976,0.1974,0.1974,3039.362
1766097900000,0.1973,0.1975,0.1973,0.1974,6527.584
1766098800000,0.1971,0.1971,0.1964,0.1967,16022.361
1766099700000,0.1965,0.1965,0.1952,0.1952,121151.176
1766100600000,0.1952,0.1956,0.1948,0.1948,25286.257
1766101500000,0.195,0.1955,0.1949,0.1954,25116.267
1766102400000,0.1953,0.1955,0.1941,0.1947,88324.374
1766103300000,0.1948,0.1949,0.1938,0.1938,12016.155
1766104200000,0.1934,0.1935,0.1929,0.1929,34794.91
1766105100000,0.1933,0.1941,0.1929,0.1939,12213.258
1766106000000,0.193,0.1936,0.1927,0.1933,66199.391
1766106900000,0.1933,0.1937,0.1927,0.1928,14590.181
1766107800000,0.1926,0.193,0.1923,0.1925,10159.778
1766108700000,0.1924,0.1933,0.192,0.1932,9675.153
1766109600000,0.193,0.1933,0.1928,0.1929,41412.364
1766110500000,0.1929,0.194,0.1929,0.1938,11246.656
1766111400000,0.194,0.1945,0.1937,0.1945,44698.204
1766112300000,0.1946,0.1959,0.1946,0.1954,31941.01
1766113200000,0.1953,0.1988,0.1953,0.1985,27850.158
1766114100000,0.1986,0.2031,0.1966,0.2024,99264.292
1766115000000,0.2034,0.2043,0.2002,0.2014,17912.276
1766115900000,0.2017,0.2023,0.2007,0.2011,14244.182
1766116800000,0.2013,0.2024,0.2005,0.2024,35017.38
1766117700000,0.2021,0.2024,0.2016,0.2019,16742.635
1766118600000,0.2017,0.2018,0.2015,0.2015,2815.824
1766119500000,0.2017,0.2019,0.2007,0.2011,167798.001
1766120400000,0.2012,0.2013,0.2004,0.201,13571.893
1766121300000,0.2009,0.201,0.2004,0.2004,2331.014
1766122200000,0.2004,0.201,0.2003,0.2008,39451.449
1766123100000,0.2008,0.2012,0.2006,0.2011,4085.265
1766124000000,0.2006,0.2006,0.2005,0.2006,3871.052
1766124900000,0.2004,0.2007,0.2001,0.2007,10437.963
1766125800000,0.2009,0.2014,0.2006,0.201,18462.652
1766126700000,0.2013,0.2031,0.2012,0.203,27469.338
1766127600000,0.2032,0.2071,0.2032,0.2069,55738.61
1766128500000,0.206,0.206,0.2047,0.2055,164386.157
1766129400000,0.2054,0.2055,0.2052,0.2052,546.106
1766130300000,0.2053,0.2057,0.205,0.2057,1167.899
1766131200000,0.2059,0.2062,0.2055,0.2055,10564.783
1766132100000,0.2055,0.2058,0.2048,0.2048,793.253
1766133000000,0.2047,0.206,0.2047,0.2054,1242.228
1766133900000,0.2057,0.2062,0.2057,0.2058,52355.798
1766134800000,0.2053,0.2054,0.2048,0.2048,103273.605
1766135700000,0.2047,0.2049,0.2046,0.2047,2633.275
1766136600000,0.2045,0.2045,0.204,0.2041,490.563
1766137500000,0.2042,0.2044,0.2042,0.2044,715.049
1766138400000,0.2049,0.2053,0.2043,0.2049,19017.413
1766139300000,0.2054,0.2055,0.2045,0.2046,11690.647
1766140200000,0.2044,0.2044,0.2038,0.2042,1699.118
1766141100000,0.2045,0.205,0.2044,0.2049,8269.888
1766142000000,0.2047,0.2053,0.2046,0.2053,763.614
1766142900000,0.2055,0.2063,0.2053,0.2063,4377.784
1766143800000,0.2065,0.2071,0.2064,0.207,13055.53
1766144700000,0.2071,0.2071,0.2065,0.2065,2902.16
1766145600000,0.2065,0.2069,0.2055,0.2069,13391.771
1766146500000,0.207,0.2074,0.2065,0.2068,1366.112
1766147400000,0.2068,0.2071,0.2068,0.2069,1341.48
1766148300000,0.2069,0.2072,0.2067,0.2069,40890.936
1766149200000,0.2069,0.2071,0.2066,0.2071,1545.368
1766150100000,0.207,0.2071,0.2067,0.2069,3123.157
1766151000000,0.2069,0.2069,0.2055,0.2068,15658.896
1766151900000,0.2066,0.2069,0.2062,0.2063,4504.652
1766152800000,0.2066,0.2076,0.2066,0.2076,4280.796
1766153700000,0.2077,0.2077,0.2059,0.2065,10368.261
1766154600000,0.2065,0.21,0.2057,0.2099,33240.522
1766155500000,0.2099,0.211,0.2075,0.2088,39273.182
1766156400000,0.209,0.21,0.2079,0.2098,10111.079
1766157300000,0.2103,0.2128,0.2076,0.208,163268.921
1766158200000,0.2081,0.2093,0.2072,0.2086,36848.115
1766159100000,0.2082,0.2082,0.2074,0.208,3666.517
1766160000000,0.2079,0.2116,0.2074,0.2111,114438.25
1766160900000,0.2111,0.2114,0.2108,0.2111,24192.316
1766161800000,0.2113,0.2141,0.2113,0.2127,38547.284
1766162700000,0.2126,0.2126,0.2103,0.2107,71537.653
1766163600000,0.2102,0.2122,0.2102,0.212,27780.04
1766164500000,0.2119,0.2131,0.2112,0.2112,26005.269
1766165400000,0.2111,0.2111,0.2085,0.2091,193614.544
1766166300000,0.209,0.21,0.2076,0.2078,90542.211
1766167200000,0.2078,0.2084,0.2077,0.2083,80706.659
1766168100000,0.2085,0.2099,0.2085,0.2094,110701.198
1766169000000,0.2094,0.2094,0.2083,0.2084,4232.756
1766169900000,0.2085,0.2104,0.2085,0.2099,4671.364
1766170800000,0.2101,0.2115,0.2101,0.2112,3496.188
1766171700000,0.2115,0.2132,0.2115,0.213,6982.028
1766172600000,0.213,0.2155,0.213,0.2155,20088.533
1766173500000,0.2153,0.2166,0.2152,0.2155,42687.559
1766174400000,0.2157,0.2168,0.2145,0.2145,73056.221
1766175300000,0.2144,0.217,0.2144,0.2167,12527.577
1766806200000,0.2146,0.2165,0.2144,0.2148,87289.071
1766807100000,0.215,0.2151,0.2145,0.2149,8782.639
1766808000000,0.215,0.2151,0.214,0.214,7862.342
1766808900000,0.214,0.2143,0.2136,0.2136,22170.119
1766809800000,0.2137,0.2142,0.2136,0.214,18236.609
1766810700000,0.214,0.214,0.2139,0.214,3841.215
1766811600000,0.2142,0.2142,0.2132,0.2132,10108.001
1766812500000,0.2135,0.2135,0.2129,0.2134,68439.109
1766813400000,0.2133,0.2143,0.2133,0.2142,7553.756
1766814300000,0.2142,0.2143,0.2142,0.2143,3832.384
1766815200000,0.2142,0.2152,0.2139,0.215,6445.85
1766816100000,0.2149,0.2149,0.2141,0.2142,3782.165
1766817000000,0.2141,0.2141,0.2136,0.214,3346.829
1766817900000,0.214,0.2141,0.2138,0.214,41155.63
1766818800000,0.214,0.2146,0.2139,0.2146,51606.328
1766819700000,0.2147,0.2152,0.2145,0.2145,7995.175
1766820600000,0.2146,0.2146,0.2143,0.2143,2195.275
1766821500000,0.2144,0.2144,0.2139,0.2139,11609.659
1766822400000,0.2138,0.2138,0.213,0.2132,57795.828
1766823300000,0.2131,0.2136,0.2126,0.2127,38480.639
1766824200000,0.2128,0.2132,0.2128,0.2132,2673.273
1766825100000,0.2131,0.2131,0.2128,0.213,2825.186
1766826000000,0.213,0.2132,0.2129,0.213,2560.434
1766826900000,0.213,0.2131,0.212,0.2121,5355.371
1766827800000,0.2123,0.2126,0.2122,0.2126,3782.353
1766828700000,0.2126,0.2128,0.2122,0.2122,19204.25
1766829600000,0.2121,0.2121,0.2119,0.2121,2687.604
1766830500000,0.212,0.2121,0.211,0.211,27551.884
1766831400000,0.211,0.211,0.2099,0.2104,20686.292
1766832300000,0.2107,0.2119,0.2107,0.2119,36760.851
1766833200000,0.212,0.2126,0.2112,0.2113,13498.859
1766834100000,0.2114,0.2125,0.2114,0.2125,20347.935
1766835000000,0.2125,0.214,0.2125,0.2131,29288.43
1766835900000,0.2131,0.2135,0.2131,0.2133,11299.392
1766836800000,0.2132,0.2136,0.2128,0.2128,45554.195
1766837700000,0.2128,0.213,0.2126,0.213,13413.027
1766838600000,0.2128,0.2128,0.2126,0.2128,971.109
1766839500000,0.2128,0.2128,0.2123,0.2123,1258.022
1766840400000,0.2123,0.2124,0.2118,0.2118,1545.362
1766841300000,0.2117,0.2117,0.2111,0.2112,2200.231
1766842200000,0.2111,0.2114,0.2108,0.211,44352.352
1766843100000,0.211,0.2111,0.2104,0.2111,12480.18
1766844000000,0.2112,0.2116,0.2111,0.2113,4036.99
1766844900000,0.2114,0.2116,0.2106,0.2115,31900.441
1766845800000,0.2112,0.2113,0.211,0.2111,9722.096
1766846700000,0.2111,0.2113,0.211,0.2112,10370.116
1766847600000,0.211,0.2112,0.2109,0.2111,6758.978
1766848500000,0.2113,0.2125,0.2108,0.2124,8132.931
1766849400000,0.2124,0.2129,0.2122,0.2123,6537.287
1766850300000,0.2122,0.2129,0.2122,0.2126,17067.388
1766851200000,0.2128,0.214,0.2128,0.214,46590.686
1766852100000,0.2138,0.2138,0.2133,0.2136,4792.677
1766853000000,0.2137,0.214,0.2134,0.2136,7317.618
1766853900000,0.2138,0.2138,0.2132,0.2132,5373.365
1766854800000,0.2133,0.2138,0.2132,0.2134,4278.272
1766855700000,0.2137,0.2143,0.2137,0.2143,8921.051
1766856600000,0.2143,0.2146,0.2133,0.2135,23476.591
1766857500000,0.2138,0.2141,0.2138,0.2141,728.211
1766858400000,0.2141,0.2141,0.2138,0.2138,880.712
1766859300000,0.2135,0.2135,0.2127,0.2129,6342.879
1766860200000,0.213,0.2141,0.213,0.2137,1468.173
1766861100000,0.2137,0.2139,0.2136,0.2138,2739.658
1766862000000,0.2136,0.2137,0.2132,0.2137,2920.119
1766862900000,0.2135,0.2135,0.2132,0.2134,586.205
1766863800000,0.2136,0.2136,0.2134,0.2135,197.383
1766864700000,0.2135,0.2135,0.2135,0.2135,194.354
1766865600000,0.2135,0.2142,0.2132,0.2138,3947.367
1766866500000,0.2139,0.2139,0.213,0.2131,1187.106
1766867400000,0.213,0.213,0.2127,0.2127,1153.146
1766868300000,0.2129,0.213,0.2128,0.2128,2704.108
1766869200000,0.2129,0.2146,0.2128,0.2146,16702.234
1766870100000,0.2147,0.2152,0.2146,0.2148,14706.129
1766871000000,0.2152,0.2157,0.215,0.2155,11578.718
1766871900000,0.2158,0.2162,0.2153,0.2155,144726.649
1766872800000,0.2156,0.2186,0.2156,0.2186,8688.308
1766873700000,0.2187,0.2195,0.2171,0.2176,28806.148
1766874600000,0.2175,0.2175,0.2147,0.2147,133094.298
1766875500000,0.2155,0.2166,0.2155,0.2162,32729.273
1766876400000,0.216,0.2179,0.216,0.2178,47910.258
1766877300000,0.218,0.2187,0.2158,0.2166,106779.011
1766878200000,0.2167,0.2173,0.2167,0.2167,4123.32
1766879100000,0.2165,0.219,0.2165,0.2177,136082.432
1766880000000,0.2179,0.2181,0.2167,0.2167,14513.488
1766880900000,0.2167,0.2171,0.2162,0.2162,10918.665
1766881800000,0.2161,0.2165,0.2158,0.2161,5019.946
1766882700000,0.2162,0.2171,0.216,0.2162,40142.682
1766883600000,0.2163,0.2169,0.216,0.216,24513.611
1766884500000,0.2158,0.2158,0.2153,0.2157,10963.022
1766885400000,0.2156,0.2162,0.2155,0.216,1133.135
1766886300000,0.2157,0.2158,0.2155,0.2155,18906.887
1766887200000,0.2156,0.2161,0.2154,0.2158,17728.332
1766888100000,0.2158,0.2158,0.2152,0.2156,3505.024
1766889000000,0.2157,0.2161,0.2155,0.2158,9094.71
1766889900000,0.2158,0.216,0.2154,0.2156,7513.349
1766890800000,0.2156,0.2158,0.2141,0.2146,145064.959
1766891700000,0.2145,0.2153,0.2145,0.2151,8673.459
1766892600000,0.2153,0.2161,0.2153,0.2156,25800.277
1766893500000,0.2156,0.2166,0.2154,0.2166,62521.312
1766894400000,0.2166,0.2168,0.2161,0.2163,20128.087
1766895300000,0.2162,0.2175,0.2162,0.2174,85321.273
1766896200000,0.2174,0.2179,0.217,0.217,35670.814
1766897100000,0.217,0.217,0.2166,0.2168,3320.27
1766898000000,0.2167,0.2167,0.2162,0.2167,20054.582
1766898900000,0.2166,0.2166,0.2154,0.2157,71487.349
1766899800000,0.2157,0.2162,0.2155,0.2155,20210.471
1766900700000,0.2157,0.2157,0.2151,0.2152,11012.661
1766901600000,0.2153,0.2153,0.2149,0.2152,3865.721
1766902500000,0.2153,0.2157,0.2153,0.2156,4436.991
1766903400000,0.2153,0.2161,0.2153,0.216,15623.881
1766904300000,0.2159,0.2163,0.2158,0.2162,49928.875
1766905200000,0.2164,0.2174,0.2164,0.2173,81688.879
1766906100000,0.2175,0.2176,0.217,0.217,13764.03
1766907000000,0.2169,0.2169,0.2166,0.2168,1909.61
1766907900000,0.2166,0.2171,0.2163,0.2167,11985.701
1766908800000,0.2167,0.218,0.2165,0.218,57659.201
1766909700000,0.218,0.218,0.2173,0.2178,9894.175
1766910600000,0.2177,0.2182,0.2174,0.2182,37173.752
1766911500000,0.2182,0.2185,0.2178,0.2185,21755.669
1766912400000,0.2184,0.2186,0.2181,0.2183,9003.298
1766913300000,0.2183,0.2183,0.2178,0.2179,2762.867
1766914200000,0.218,0.218,0.2169,0.2173,6561.549
1766915100000,0.2174,0.2177,0.2171,0.2176,18140.698
1766916000000,0.2176,0.219,0.2175,0.2185,28942.684
1766916900000,0.2182,0.2182,0.2172,0.2174,16879.731
1766917800000,0.2177,0.2185,0.2177,0.2182,15930.738
1766918700000,0.2179,0.2179,0.2174,0.2175,29369.311
1766919600000,0.2177,0.2184,0.2177,0.218,4284.002
1766920500000,0.2181,0.2181,0.2176,0.2177,8893.511
1766921400000,0.218,0.218,0.2168,0.2171,24361.505
1766922300000,0.2172,0.2197,0.2172,0.2187,218877.757
1766923200000,0.2187,0.2187,0.2179,0.2187,24402.47
1766924100000,0.2187,0.2187,0.2178,0.2182,10260.571
1766925000000,0.2181,0.2184,0.2177,0.2178,11365.393
1766925900000,0.2179,0.2179,0.217,0.2173,8093.282
1766926800000,0.2173,0.2176,0.217,0.2175,7413.175
1766927700000,0.2174,0.2177,0.2169,0.2175,48820.395
1766928600000,0.2175,0.2179,0.2175,0.2177,6235.616
1766929500000,0.2177,0.2178,0.2172,0.2173,46318.93
1766930400000,0.2175,0.218,0.2175,0.2179,15805.538
1766931300000,0.218,0.2186,0.2179,0.2186,17155.703
1766932200000,0.2186,0.2203,0.2183,0.2197,52896.444
1766933100000,0.2197,0.22,0.2187,0.2188,26320.379
1766934000000,0.2188,0.2204,0.2188,0.2203,36852.269
1766934900000,0.2204,0.2206,0.2193,0.2194,42462.565
1766935800000,0.2195,0.2195,0.2181,0.219,39009.813
1766936700000,0.2191,0.2194,0.2186,0.2187,5590.243
1766937600000,0.2188,0.2196,0.2187,0.2196,9221.235
1766938500000,0.2196,0.2197,0.2182,0.2183,34763.546
1766939400000,0.2183,0.219,0.2183,0.2185,13599.019
1766940300000,0.2185,0.2189,0.2185,0.2187,7058.23
1766941200000,0.2188,0.2193,0.2187,0.2192,6312.32
1766942100000,0.2193,0.2196,0.219,0.2191,27548.349
1766943000000,0.2189,0.2189,0.2182,0.2187,15518.185
1766943900000,0.2187,0.2187,0.2182,0.2183,22015.531
1766944800000,0.2184,0.2184,0.2173,0.2173,37773.643
1766945700000,0.2172,0.2172,0.2151,0.2163,174482.7
1766946600000,0.2159,0.2162,0.2155,0.2155,10242.256
1766947500000,0.2154,0.2154,0.2136,0.214,123951.386
1766948400000,0.2141,0.2148,0.2133,0.2142,84506.529
1766949300000,0.2141,0.2141,0.2131,0.2134,89226.168
1766950200000,0.2133,0.2141,0.2133,0.2135,42985.972
1766951100000,0.2137,0.2137,0.2127,0.2132,10619.614
1766952000000,0.2131,0.2133,0.212,0.2129,10367.006
1766952900000,0.2128,0.2138,0.2128,0.2136,9203.852
1766953800000,0.2135,0.214,0.2135,0.2139,6027.995
1766954700000,0.2139,0.2141,0.2134,0.2135,6166.451
1766955600000,0.2134,0.2137,0.213,0.213,11867.269
1766956500000,0.2132,0.2133,0.2126,0.2126,2483.623
1766957400000,0.2128,0.2133,0.2128,0.2129,5943.237
1766958300000,0.2129,0.2133,0.2129,0.2131,9363.92
1766959200000,0.2131,0.2133,0.2127,0.2128,36628.864
1766960100000,0.213,0.2134,0.2128,0.2134,4285.539
1766961000000,0.2132,0.2137,0.2132,0.2137,5116.662
1766961900000,0.2138,0.2155,0.2138,0.2149,11433.667
1766962800000,0.215,0.2152,0.2135,0.2137,5833.955
1766963700000,0.2136,0.2145,0.2136,0.2137,4103.24
1766964600000,0.2135,0.2142,0.2134,0.2142,1225.999
1766965500000,0.2144,0.2155,0.2144,0.215,8491.289
1766966400000,0.2152,0.2155,0.2148,0.2152,945.134
1766967300000,0.2151,0.2167,0.2147,0.2167,1944.693
1766968200000,0.2168,0.2185,0.2168,0.2174,45130.517
1766969100000,0.2174,0.218,0.2173,0.2177,5832.703
1766970000000,0.2178,0.2178,0.2165,0.2166,3944.675
1766970900000,0.2163,0.2166,0.2158,0.2163,3275.113
1766971800000,0.2163,0.2196,0.2159,0.2188,84112.951
1766972700000,0.2188,0.2191,0.2182,0.2182,12198.552
1766973600000,0.2189,0.2212,0.2187,0.2199,144224.919
1766974500000,0.2198,0.2204,0.2184,0.2188,16509.203
1766975400000,0.2188,0.2191,0.2179,0.2181,11913.66
1766976300000,0.2183,0.2186,0.2182,0.2183,9055.742
1766977200000,0.2185,0.2194,0.2182,0.2194,31020.319
1766978100000,0.2193,0.2194,0.2188,0.2192,30144.488
1766979000000,0.2193,0.2217,0.2192,0.2214,48968.828
1766979900000,0.2215,0.2225,0.2212,0.2223,53184.395
1766980800000,0.2224,0.2224,0.221,0.2214,24302.878
1766981700000,0.2215,0.2215,0.2206,0.2212,32675.39
1766982600000,0.2216,0.2221,0.2212,0.2218,28531.534
1766983500000,0.2218,0.2219,0.2213,0.2213,8579.81
1766984400000,0.2212,0.2215,0.2208,0.2212,69370.545
1766985300000,0.2211,0.2213,0.2206,0.2206,11877.488
1766986200000,0.2207,0.2225,0.2207,0.2225,34429.559
1766987100000,0.2224,0.2224,0.2208,0.221,23629.641
1766988000000,0.2211,0.2212,0.2201,0.2203,44859.298
1766988900000,0.2203,0.2211,0.2203,0.2203,10157.4
1766989800000,0.2202,0.2203,0.2197,0.22,65677.838
1766990700000,0.22,0.22,0.2187,0.2188,33153.051
1766991600000,0.2189,0.2195,0.2173,0.2179,53140.831
1766992500000,0.2182,0.2187,0.2179,0.2186,32286.384
1766993400000,0.2184,0.2198,0.2184,0.2188,10287.246
1766994300000,0.219,0.2195,0.219,0.2192,20277.743
1766995200000,0.2193,0.2195,0.2191,0.2195,9706.937
1766996100000,0.2195,0.22,0.2194,0.2195,73994.715
1766997000000,0.2193,0.2195,0.2186,0.2186,51960.905
1766997900000,0.2185,0.2189,0.2174,0.218,79465.497
1766998800000,0.2178,0.2178,0.2171,0.2176,3088.809
1766999700000,0.2176,0.2177,0.2171,0.2171,7261.07
1767000600000,0.2172,0.2172,0.2135,0.2141,67512.493
1767001500000,0.2134,0.2148,0.2128,0.2148,59425.261
1767002400000,0.2149,0.2163,0.2148,0.2155,7134.676
1767003300000,0.2157,0.2157,0.2152,0.2155,4051.656
1767004200000,0.2154,0.2157,0.2153,0.2155,2764.68
1767005100000,0.2156,0.2161,0.2153,0.2156,25461.534
1767006000000,0.2156,0.2158,0.2153,0.2158,29841.142
1767006900000,0.2156,0.2156,0.2153,0.2154,2795.752
1767007800000,0.2153,0.216,0.2152,0.2159,54744.529
1767008700000,0.2158,0.2158,0.2149,0.2149,29888.845
1767009600000,0.2149,0.2151,0.2107,0.2114,144443.405
1767010500000,0.2113,0.2142,0.2105,0.2138,59870.599
1767011400000,0.2135,0.2142,0.2133,0.2142,8020.287
1767012300000,0.2135,0.2137,0.2134,0.2135,3905.958
1767013200000,0.2134,0.2141,0.2131,0.2131,33132.241
1767014100000,0.2133,0.2138,0.2126,0.2126,4121.485
1767015000000,0.2125,0.2128,0.212,0.2128,19194.84
1767015900000,0.2129,0.2144,0.2128,0.2131,39795.228
1767016800000,0.213,0.213,0.2124,0.2125,25852.452
1767017700000,0.2132,0.2132,0.2121,0.213,3322.187
1767018600000,0.213,0.2157,0.2128,0.214,194750.923
1767019500000,0.214,0.2142,0.212,0.2123,16254.162
1767020400000,0.2126,0.2135,0.2123,0.2135,75337.823
1767021300000,0.2136,0.2141,0.2128,0.2138,4187.95
1767022200000,0.2139,0.2147,0.2136,0.2147,16245.706
1767023100000,0.2143,0.2144,0.2132,0.2132,30930.916
1767024000000,0.2132,0.2133,0.2126,0.2131,15471.907
1767024900000,0.2125,0.2125,0.2114,0.2115,19820.505
1767025800000,0.2118,0.2121,0.2114,0.2116,9204.37
1767026700000,0.2115,0.2125,0.2111,0.2111,9163.124
1767027600000,0.211,0.2116,0.2104,0.2104,39727.709
1767028500000,0.2104,0.2116,0.2102,0.2111,20499.23
1767029400000,0.2113,0.2114,0.2111,0.2114,5430.571
1767030300000,0.2117,0.2132,0.2117,0.213,2559.677
1767031200000,0.2131,0.2132,0.2121,0.2125,6825.882
1767032100000,0.2126,0.213,0.2119,0.2119,28004.715
1767033000000,0.2122,0.2122,0.2112,0.2112,6264.738
1767033900000,0.2111,0.2111,0.2093,0.2098,103939.583
1767034800000,0.2098,0.2115,0.2094,0.211,40539.0
1767035700000,0.2111,0.2111,0.2106,0.2106,14824.485
1767036600000,0.2106,0.2108,0.2098,0.2099,16355.933
1767037500000,0.21,0.21,0.2095,0.2095,10498.552
1767038400000,0.2094,0.2099,0.2089,0.2098,55052.027
1767039300000,0.2098,0.2103,0.2085,0.2087,14224.483
1767040200000,0.2089,0.2093,0.2085,0.2085,23851.268
1767041100000,0.2085,0.2093,0.2085,0.2092,2446.271
1767042000000,0.2091,0.2101,0.2091,0.21,3086.973
1767042900000,0.2101,0.2105,0.2097,0.2097,15920.077
1767043800000,0.2096,0.2103,0.2096,0.2103,2471.271
1767044700000,0.2102,0.2102,0.2092,0.2096,6508.084
1767045600000,0.2094,0.2095,0.2092,0.2094,4550.646
1767046500000,0.2095,0.2101,0.2093,0.2093,27326.57
1767047400000,0.2093,0.2105,0.2093,0.2105,1104.119
1767048300000,0.2102,0.2104,0.2102,0.2104,124.715
1767049200000,0.2102,0.2104,0.2095,0.2103,1871.596
1767050100000,0.2102,0.2103,0.2092,0.2092,23381.54
1767051000000,0.2094,0.2095,0.2093,0.2094,1103.678
1767051900000,0.2093,0.2094,0.2091,0.2091,14708.238
1767052800000,0.2091,0.2097,0.2089,0.2097,6593.518
1767053700000,0.2099,0.21,0.2088,0.2088,1204.961
1767054600000,0.2088,0.209,0.2078,0.2082,19984.476
1767055500000,0.2083,0.2088,0.2083,0.2087,1117.83
1767056400000,0.2082,0.2088,0.2082,0.2083,450.225
1767057300000,0.2087,0.2089,0.2086,0.2089,714.352
1767058200000,0.2086,0.2086,0.2085,0.2086,2556.374
1767059100000,0.209,0.2092,0.209,0.209,3547.514
1767060000000,0.2088,0.2088,0.208,0.2082,6494.527
1767060900000,0.2085,0.2088,0.2084,0.2084,3669.038
1767061800000,0.2083,0.2084,0.2079,0.2084,15315.51
1767062700000,0.2083,0.2085,0.208,0.2081,8637.922
1767063600000,0.2081,0.2081,0.2075,0.2077,13238.215
1767064500000,0.2074,0.2086,0.2071,0.2086,11660.921
1767065400000,0.2084,0.2084,0.2079,0.2083,2999.441
1767066300000,0.2085,0.2093,0.2085,0.2093,21308.296
1767067200000,0.2089,0.2094,0.2082,0.2082,4651.671
1767068100000,0.2085,0.209,0.2084,0.209,9114.773
1767069000000,0.2095,0.2095,0.2093,0.2094,19136.962
1767069900000,0.2095,0.2095,0.2089,0.2089,59479.942
1767070800000,0.2088,0.2088,0.2082,0.2085,28204.232
1767071700000,0.2083,0.2083,0.208,0.208,4017.849
1767072600000,0.2079,0.2079,0.2069,0.2074,53829.679
1767073500000,0.2079,0.2082,0.2079,0.208,28888.12
1767074400000,0.2082,0.2092,0.2082,0.2092,7414.601
1767075300000,0.2091,0.2091,0.2085,0.2088,7072.997
1767706200000,0.3067,0.3081,0.3054,0.3055,36599.709
1767707100000,0.3058,0.3058,0.3032,0.3041,35780.143
1767708000000,0.304,0.3096,0.304,0.3081,113279.376
1767708900000,0.3085,0.3087,0.3053,0.3054,474108.126
1767709800000,0.3053,0.3056,0.3007,0.3009,153996.458
1767710700000,0.3009,0.3021,0.2988,0.3017,216477.073
1767711600000,0.3022,0.3036,0.3015,0.302,130731.53
1767712500000,0.3017,0.304,0.3014,0.3032,62147.92
1767713400000,0.3035,0.3038,0.2955,0.2966,227812.103
1767714300000,0.2966,0.298,0.2949,0.2976,51295.249
1767715200000,0.2976,0.2993,0.294,0.2981,172212.352
1767716100000,0.2987,0.3029,0.2968,0.2989,353265.243
1767717000000,0.2992,0.302,0.2892,0.2905,319947.825
1767717900000,0.2901,0.294,0.2883,0.2936,212487.512
1767718800000,0.2934,0.295,0.2919,0.2937,50456.88
1767719700000,0.2937,0.2937,0.2901,0.2933,105782.549
1767720600000,0.2934,0.2949,0.2902,0.2902,47764.209
1767721500000,0.2901,0.2901,0.2824,0.2848,303223.821
1767722400000,0.2846,0.2915,0.2843,0.2906,129825.828
1767723300000,0.2909,0.2924,0.2904,0.2922,69707.934
1767724200000,0.292,0.2924,0.2907,0.2918,24370.982
1767725100000,0.2917,0.294,0.2916,0.2927,4814.07
1767726000000,0.2928,0.2932,0.2907,0.2931,33322.206
1767726900000,0.2931,0.2932,0.2909,0.2931,29043.413
1767727800000,0.2932,0.2937,0.2911,0.2911,20550.297
1767728700000,0.2912,0.2922,0.2897,0.2916,39615.222
1767729600000,0.2919,0.2954,0.2919,0.294,22198.382
1767730500000,0.2937,0.2973,0.2934,0.2959,47089.007
1767731400000,0.2961,0.3007,0.2961,0.3005,56543.084
1767732300000,0.3008,0.3021,0.2986,0.2996,86408.228
1767733200000,0.2995,0.3023,0.2974,0.302,69358.403
1767734100000,0.3022,0.3063,0.301,0.302,88061.617
1767735000000,0.302,0.3036,0.3005,0.3009,55268.715
1767735900000,0.301,0.3014,0.2987,0.3007,17328.806
1767736800000,0.3011,0.3031,0.298,0.2981,61711.397
1767737700000,0.2983,0.299,0.2953,0.296,76159.144
1767738600000,0.2959,0.2964,0.2943,0.2948,26307.795
1767739500000,0.2947,0.297,0.2947,0.2955,17907.552
1767740400000,0.2963,0.2991,0.2961,0.2984,62917.099
1767741300000,0.2983,0.2988,0.2967,0.2977,12976.661
1767742200000,0.2977,0.2991,0.2972,0.2972,5781.902
1767743100000,0.2972,0.298,0.2951,0.2957,166178.432
1767744000000,0.2955,0.2957,0.2933,0.294,28987.602
1767744900000,0.2939,0.2944,0.291,0.2915,27500.224
1767745800000,0.2914,0.2917,0.2879,0.2893,279283.578
1767746700000,0.2888,0.2888,0.2867,0.2867,78879.101
1767747600000,0.287,0.2887,0.287,0.2876,92684.729
1767748500000,0.2868,0.2868,0.284,0.2849,206011.877
1767749400000,0.2851,0.2858,0.2828,0.2838,219876.423
1767750300000,0.2836,0.284,0.2828,0.284,34670.592
1767751200000,0.2841,0.2853,0.2825,0.2839,40636.776
1767752100000,0.2832,0.285,0.2829,0.2847,22558.147
1767753000000,0.2843,0.2876,0.2837,0.2872,61824.525
1767753900000,0.2874,0.2874,0.2851,0.2854,20544.213
1767754800000,0.2855,0.2863,0.2853,0.2858,20180.587
1767755700000,0.2853,0.2875,0.2852,0.2872,62531.73
1767756600000,0.2873,0.2873,0.2852,0.287,26443.759
1767757500000,0.287,0.2876,0.2857,0.2868,21478.226
1767758400000,0.2868,0.2886,0.2862,0.2862,19797.823
1767759300000,0.2861,0.2861,0.2851,0.2853,3703.83
1767760200000,0.2851,0.2851,0.2832,0.2847,18239.242
1767761100000,0.2846,0.2846,0.2834,0.284,8776.543
1767762000000,0.2839,0.2844,0.2834,0.2844,11704.615
1767762900000,0.2847,0.2853,0.2842,0.2846,9517.096
1767763800000,0.2846,0.2872,0.2846,0.2867,31849.306
1767764700000,0.2857,0.2857,0.2839,0.2841,46732.296
1767765600000,0.2843,0.2865,0.2843,0.2856,26721.174
1767766500000,0.2859,0.2864,0.2857,0.2864,9806.247
1767767400000,0.2867,0.2875,0.2855,0.287,20078.164
1767768300000,0.2871,0.2874,0.286,0.2869,44104.566
1767769200000,0.287,0.2892,0.287,0.2891,59864.394
1767770100000,0.2889,0.2896,0.2885,0.2894,18865.483
1767771000000,0.2896,0.2906,0.2894,0.2903,54269.042
1767771900000,0.29,0.2918,0.29,0.2917,18203.713
1767772800000,0.2916,0.2926,0.291,0.2919,21397.531
1767773700000,0.292,0.2932,0.2907,0.2914,46281.014
1767774600000,0.2911,0.2922,0.2911,0.2917,66840.684
1767775500000,0.2916,0.295,0.291,0.2936,45396.443
1767776400000,0.2933,0.2942,0.2912,0.2916,20336.989
1767777300000,0.2915,0.2924,0.2891,0.2899,104403.3
1767778200000,0.2901,0.2903,0.2874,0.289,82737.7
1767779100000,0.289,0.2898,0.2881,0.2898,30019.727
1767780000000,0.2894,0.2897,0.2886,0.2895,15733.355
1767780900000,0.2881,0.2883,0.2875,0.2881,25905.646
1767781800000,0.2884,0.2902,0.2884,0.2894,26704.371
1767782700000,0.2891,0.2904,0.2885,0.2885,14592.684
1767783600000,0.2882,0.2925,0.288,0.2916,76288.464
1767784500000,0.2921,0.2926,0.2905,0.2909,58991.427
1767785400000,0.2915,0.2925,0.291,0.2917,19985.746
1767786300000,0.2916,0.2919,0.2905,0.2916,43647.786
1767787200000,0.2913,0.2916,0.2899,0.291,2928.131
1767788100000,0.2909,0.2927,0.2904,0.2915,16232.961
1767789000000,0.2914,0.2914,0.2887,0.2896,38407.671
1767789900000,0.2899,0.2904,0.289,0.289,13567.819
1767790800000,0.2891,0.2893,0.285,0.2859,180938.741
1767791700000,0.2856,0.287,0.2853,0.2859,35807.083
1767792600000,0.286,0.2861,0.2842,0.2853,69485.098
1767793500000,0.2853,0.2854,0.2843,0.2846,18351.755
1767794400000,0.285,0.2851,0.2798,0.2812,79918.671
1767795300000,0.2809,0.281,0.2783,0.2787,499693.792
1767796200000,0.2788,0.2881,0.2784,0.2855,284719.915
1767797100000,0.286,0.2886,0.2855,0.2886,83200.261
1767798000000,0.2887,0.2888,0.2834,0.2848,60195.156
1767798900000,0.2847,0.2847,0.2806,0.282,158134.317
1767799800000,0.2818,0.2825,0.2797,0.2814,139924.527
1767800700000,0.2814,0.2822,0.2797,0.281,151018.219
1767801600000,0.281,0.2834,0.2805,0.2827,15318.206
1767802500000,0.2827,0.283,0.2808,0.2808,13777.219
1767803400000,0.281,0.2812,0.2768,0.2781,70133.126
1767804300000,0.278,0.2797,0.2779,0.2792,67602.955
1767805200000,0.2794,0.2797,0.2774,0.2788,46551.45
1767806100000,0.2793,0.2817,0.2792,0.2816,15432.504
1767807000000,0.2815,0.2819,0.2804,0.2804,6740.523
1767807900000,0.2804,0.2804,0.2777,0.2784,18568.909
1767808800000,0.2784,0.2788,0.2777,0.2788,10338.13
1767809700000,0.2789,0.28,0.2777,0.2799,39031.574
1767810600000,0.2799,0.2815,0.2781,0.2781,249589.651
1767811500000,0.278,0.2788,0.2771,0.2781,83905.394
1767812400000,0.2785,0.2789,0.2749,0.276,182265.678
1767813300000,0.276,0.2768,0.2753,0.2764,66418.029
1767814200000,0.2765,0.281,0.2765,0.2802,69733.48
1767815100000,0.2807,0.2808,0.2802,0.2804,8033.824
1767816000000,0.28,0.2805,0.2776,0.2776,19071.198
1767816900000,0.2776,0.2782,0.2765,0.2772,25879.181
1767817800000,0.2773,0.2786,0.2771,0.2778,34434.746
1767818700000,0.2774,0.2784,0.2773,0.2784,22410.551
1767819600000,0.2785,0.2795,0.2775,0.2795,5443.213
1767820500000,0.2788,0.2793,0.2786,0.2789,21100.088
1767821400000,0.2795,0.2795,0.2784,0.2789,20636.543
1767822300000,0.2783,0.2788,0.278,0.278,10066.654
1767823200000,0.2774,0.2778,0.2766,0.2766,32711.984
1767824100000,0.2771,0.2781,0.2771,0.2777,7962.23
1767825000000,0.2778,0.2791,0.2757,0.2757,70809.838
1767825900000,0.2758,0.2764,0.2732,0.2749,35719.319
1767826800000,0.2749,0.2754,0.2734,0.2751,10716.519
1767827700000,0.2758,0.2779,0.2758,0.2765,22442.128
1767828600000,0.2763,0.2764,0.2744,0.2749,11481.999
1767829500000,0.2744,0.2748,0.274,0.2747,16362.501
1767830400000,0.2747,0.2751,0.2735,0.2738,8897.425
1767831300000,0.2737,0.2745,0.2727,0.2735,46620.019
1767832200000,0.2737,0.2744,0.2735,0.2742,5695.976
1767833100000,0.2742,0.2761,0.2742,0.276,15653.13
1767834000000,0.2756,0.278,0.2756,0.2771,153838.225
1767834900000,0.2757,0.2774,0.2757,0.2772,14866.558
1767835800000,0.277,0.277,0.2764,0.2765,10181.074
1767836700000,0.2761,0.2768,0.2754,0.2768,4454.83
1767837600000,0.2766,0.2766,0.2754,0.2758,13019.03
1767838500000,0.2762,0.277,0.275,0.2752,4225.697
1767839400000,0.2755,0.2756,0.2737,0.2753,51950.995
1767840300000,0.2754,0.2757,0.2743,0.2743,10005.06
1767841200000,0.2743,0.276,0.2742,0.2759,6964.686
1767842100000,0.2759,0.2759,0.2732,0.2734,2603.642
1767843000000,0.2742,0.2743,0.271,0.2725,45350.118
1767843900000,0.2725,0.2739,0.2722,0.2727,38108.93
1767844800000,0.2727,0.2748,0.2726,0.274,18817.661
1767845700000,0.2743,0.2763,0.274,0.2762,30344.919
1767846600000,0.2761,0.2763,0.2755,0.2755,11053.911
1767847500000,0.2757,0.2759,0.2754,0.2756,6472.535
1767848400000,0.2757,0.2775,0.2751,0.2774,18055.411
1767849300000,0.2776,0.2782,0.277,0.277,8744.636
1767850200000,0.2771,0.2799,0.2771,0.2781,57060.072
1767851100000,0.2781,0.2783,0.2773,0.2773,10427.345
1767852000000,0.2775,0.2778,0.2754,0.2763,69657.278
1767852900000,0.276,0.2769,0.275,0.2757,14832.224
1767853800000,0.2761,0.2771,0.276,0.2763,5868.238
1767854700000,0.2759,0.276,0.2721,0.2723,12060.301
1767855600000,0.2725,0.2745,0.2712,0.2745,37081.136
1767856500000,0.2741,0.2764,0.2741,0.2764,11836.592
1767857400000,0.2765,0.2785,0.2765,0.2778,25232.382
1767858300000,0.2776,0.2798,0.2774,0.279,86441.254
1767859200000,0.279,0.2828,0.279,0.2822,58540.999
1767860100000,0.2821,0.2831,0.2815,0.2815,75319.122
1767861000000,0.282,0.2831,0.2796,0.2803,63688.115
1767861900000,0.2804,0.2804,0.2778,0.2783,43312.598
1767862800000,0.2786,0.2811,0.2782,0.2795,21885.48
1767863700000,0.2791,0.2791,0.2752,0.2756,18935.151
1767864600000,0.2751,0.2754,0.2729,0.2741,47543.901
1767865500000,0.2739,0.2743,0.2711,0.2718,173620.619
1767866400000,0.272,0.272,0.2669,0.2699,182457.321
1767867300000,0.2702,0.2715,0.2702,0.2713,25803.37
1767868200000,0.2716,0.2717,0.2708,0.2709,20485.197
1767869100000,0.271,0.2729,0.271,0.2724,62105.386
1767870000000,0.2723,0.273,0.2681,0.2692,62385.199
1767870900000,0.2695,0.2714,0.2674,0.2693,65133.432
1767871800000,0.269,0.2694,0.2674,0.2685,30197.014
1767872700000,0.2682,0.2693,0.2681,0.2693,5331.12
1767873600000,0.2694,0.2699,0.2674,0.2674,57548.419
1767874500000,0.2678,0.2692,0.2675,0.2692,13785.077
1767875400000,0.2695,0.2695,0.2662,0.2675,48774.881
1767876300000,0.2674,0.2695,0.2669,0.2692,104454.409
1767877200000,0.2695,0.2716,0.2692,0.2711,18883.537
1767878100000,0.2708,0.2712,0.2702,0.2708,10482.367
1767879000000,0.2705,0.2711,0.2694,0.2707,28864.594
1767879900000,0.2705,0.2705,0.2682,0.2698,15484.52
1767880800000,0.2693,0.2693,0.2672,0.2685,10869.867
1767881700000,0.2681,0.2683,0.266,0.2673,46510.669
1767882600000,0.2673,0.2696,0.2668,0.2676,80488.204
1767883500000,0.267,0.2757,0.2664,0.2748,245660.416
1767884400000,0.2743,0.2776,0.2718,0.2774,89429.865
1767885300000,0.2774,0.2818,0.2758,0.2818,78708.926
1767886200000,0.2817,0.287,0.2804,0.2855,215395.907
1767887100000,0.286,0.294,0.286,0.2932,303522.595
1767888000000,0.2941,0.2978,0.2897,0.2897,487397.861
1767888900000,0.2897,0.2911,0.2863,0.2904,117507.488
1767889800000,0.2903,0.2919,0.2865,0.29,55596.709
1767890700000,0.2904,0.2959,0.2899,0.2909,212542.518
1767891600000,0.2913,0.2948,0.2902,0.2913,135102.265
1767892500000,0.2913,0.2913,0.286,0.286,87763.787
1767893400000,0.2861,0.2878,0.2861,0.2877,34422.602
1767894300000,0.2875,0.288,0.2864,0.2878,13528.218
1767895200000,0.2876,0.2881,0.2848,0.2858,25015.182
1767896100000,0.2856,0.2856,0.2829,0.2849,55779.626
1767897000000,0.2843,0.285,0.2809,0.2814,111990.315
1767897900000,0.2814,0.2832,0.2811,0.2826,29426.969
1767898800000,0.2832,0.2843,0.2819,0.2821,11458.198
1767899700000,0.2817,0.282,0.2796,0.2806,82731.949
1767900600000,0.2808,0.2825,0.2804,0.2818,14896.683
1767901500000,0.2818,0.2821,0.2803,0.2803,18020.759
1767902400000,0.2804,0.2804,0.2759,0.2766,74548.154
1767903300000,0.2769,0.2775,0.2765,0.2771,8214.25
1767904200000,0.2767,0.281,0.2767,0.2807,67647.728
1767905100000,0.2809,0.2825,0.2805,0.2822,39758.993
1767906000000,0.2825,0.2877,0.2821,0.2875,109419.181
1767906900000,0.2874,0.2899,0.2866,0.2893,39940.082
1767907800000,0.2894,0.2906,0.2871,0.2899,53630.201
1767908700000,0.2888,0.2889,0.2876,0.2877,8604.946
1767909600000,0.2877,0.2905,0.2877,0.2899,30590.447
1767910500000,0.2897,0.2898,0.2867,0.2867,28442.829
1767911400000,0.2866,0.2866,0.2829,0.2832,16252.747
1767912300000,0.2838,0.2852,0.2838,0.2844,12487.267
1767913200000,0.2848,0.2868,0.2845,0.2859,8430.616
1767914100000,0.2857,0.2885,0.2857,0.288,21113.628
1767915000000,0.287,0.287,0.2852,0.2859,4689.904
1767915900000,0.2865,0.2865,0.285,0.2851,1622.659
1767916800000,0.286,0.2862,0.2841,0.2841,11652.088
1767917700000,0.2842,0.2857,0.2839,0.2839,6873.457
1767918600000,0.2839,0.2848,0.2836,0.2836,7105.445
1767919500000,0.2837,0.2837,0.2821,0.2832,18793.73
1767920400000,0.2836,0.2843,0.2817,0.2827,9679.899
1767921300000,0.2828,0.2851,0.2797,0.2849,74585.364
1767922200000,0.2847,0.2852,0.2778,0.2782,121194.658
1767923100000,0.2784,0.2813,0.2784,0.2813,6208.213
1767924000000,0.2803,0.2824,0.2795,0.282,53169.201
1767924900000,0.2819,0.2822,0.2804,0.2804,21511.492
1767925800000,0.28,0.2807,0.2795,0.2806,3965.943
1767926700000,0.2811,0.2813,0.2796,0.2796,3868.676
1767927600000,0.2795,0.2823,0.2791,0.2823,58195.434
1767928500000,0.2824,0.2824,0.2787,0.279,34176.327
1767929400000,0.2791,0.2806,0.2788,0.2797,7580.251
1767930300000,0.2796,0.2823,0.2796,0.2814,39657.347
1767931200000,0.281,0.281,0.2782,0.2786,11307.626
1767932100000,0.2784,0.2796,0.2784,0.2796,2892.442
1767933000000,0.2795,0.2796,0.278,0.278,6458.453
1767933900000,0.2781,0.2786,0.2779,0.278,30611.83
1767934800000,0.278,0.2793,0.2772,0.2786,67950.736
1767935700000,0.2784,0.2791,0.2778,0.2788,14695.757
1767936600000,0.2789,0.2795,0.2782,0.2794,18500.061
1767937500000,0.279,0.2815,0.279,0.2808,46999.103
1767938400000,0.2807,0.2817,0.2807,0.281,13369.922
1767939300000,0.2809,0.2817,0.2808,0.2811,27616.349
1767940200000,0.2807,0.2825,0.2805,0.282,67175.524
1767941100000,0.2818,0.2848,0.2818,0.2842,65292.137
1767942000000,0.2843,0.2843,0.2824,0.2826,16716.243
1767942900000,0.2826,0.2834,0.2822,0.2829,7741.127
1767943800000,0.2834,0.2844,0.2827,0.2833,26412.94
1767944700000,0.2833,0.2836,0.2818,0.2819,22437.416
1767945600000,0.2823,0.2827,0.2804,0.2804,25840.727
1767946500000,0.2805,0.2817,0.2805,0.2805,6303.996
1767947400000,0.2805,0.2806,0.2787,0.2793,35966.974
1767948300000,0.279,0.2791,0.2765,0.2786,41495.382
1767949200000,0.2786,0.2819,0.2786,0.2809,8074.144
1767950100000,0.2807,0.2825,0.2804,0.2823,45393.886
1767951000000,0.2822,0.2824,0.2813,0.2819,52330.313
1767951900000,0.2819,0.2819,0.2803,0.2803,6861.905
1767952800000,0.2801,0.2809,0.2796,0.2801,6666.814
1767953700000,0.28,0.2802,0.2787,0.2789,2146.967
1767954600000,0.2787,0.2801,0.2783,0.2801,70302.821
1767955500000,0.28,0.2801,0.2795,0.2797,5583.034
1767956400000,0.2798,0.2813,0.2798,0.2808,24106.814
1767957300000,0.281,0.2813,0.2793,0.2796,44331.815
1767958200000,0.2799,0.2812,0.2798,0.2799,5527.127
1767959100000,0.2805,0.281,0.2799,0.2805,7018.229
1767960000000,0.2808,0.2816,0.2794,0.2795,6466.723
1767960900000,0.2794,0.2794,0.2785,0.2788,47749.549
1767961800000,0.2795,0.2804,0.2789,0.2802,22546.52
1767962700000,0.2801,0.2804,0.2786,0.2796,86581.229
1767963600000,0.28,0.2814,0.2794,0.2806,21615.667
1767964500000,0.2812,0.2822,0.2799,0.2819,51522.736
1767965400000,0.2823,0.2846,0.2803,0.2835,111731.008
1767966300000,0.284,0.284,0.2819,0.2827,45062.391
1767967200000,0.2827,0.2827,0.2797,0.2812,51017.534
1767968100000,0.2809,0.2821,0.2809,0.2816,3382.214
1767969000000,0.2816,0.2848,0.2808,0.2819,44089.519
1767969900000,0.2819,0.2835,0.281,0.2821,11599.993
1767970800000,0.2824,0.2847,0.2809,0.2833,48790.013
1767971700000,0.2834,0.2932,0.283,0.2922,165002.821
1767972600000,0.2926,0.2942,0.2875,0.2883,310100.741
1767973500000,0.2888,0.2903,0.2861,0.2883,66561.555
1767974400000,0.2883,0.2955,0.2883,0.2946,363421.407
1767975300000,0.2948,0.2952,0.2909,0.2913,43441.922
1768606200000,0.2806,0.2809,0.2795,0.2795,4825.415
1768607100000,0.28,0.28,0.2789,0.2795,1134.66
1768608000000,0.2795,0.2796,0.2786,0.2796,1838.259
1768608900000,0.2795,0.2801,0.2787,0.2791,42613.297
1768609800000,0.2786,0.2787,0.277,0.2781,27616.146
1768610700000,0.2775,0.2787,0.2775,0.2787,2194.119
1768611600000,0.2788,0.28,0.2786,0.2793,2791.314
1768612500000,0.2793,0.281,0.2793,0.2805,12124.755
1768613400000,0.2805,0.2805,0.2793,0.2793,14671.368
1768614300000,0.2797,0.2803,0.2794,0.2798,19214.297
1768615200000,0.28,0.2802,0.2788,0.2789,4033.564
1768616100000,0.2787,0.2791,0.278,0.2781,24013.815
1768617000000,0.2779,0.2789,0.2776,0.2784,20635.121
1768617900000,0.2783,0.2791,0.2781,0.2785,14019.538
1768618800000,0.2782,0.2785,0.2781,0.2785,3481.245
1768619700000,0.2785,0.2792,0.2785,0.2785,5283.158
1768620600000,0.2785,0.2785,0.2775,0.2776,22917.649
1768621500000,0.2776,0.2784,0.2776,0.2783,48922.458
1768622400000,0.2779,0.278,0.2771,0.278,1758.045
1768623300000,0.2775,0.2778,0.2775,0.2778,625.833
1768624200000,0.2785,0.2797,0.2785,0.2792,18404.72
1768625100000,0.2793,0.2799,0.2793,0.2798,4983.949
1768626000000,0.2794,0.2799,0.2788,0.2799,10199.159
1768626900000,0.2798,0.2803,0.2793,0.2797,7150.503
1768627800000,0.2794,0.28,0.2794,0.2799,1555.358
1768628700000,0.2799,0.2801,0.2791,0.2791,16234.139
1768629600000,0.2793,0.2798,0.2788,0.2793,29884.838
1768630500000,0.2792,0.2795,0.2786,0.2792,4748.168
1768631400000,0.279,0.279,0.2782,0.2782,9943.287
1768632300000,0.2782,0.2786,0.2777,0.2785,5569.281
1768633200000,0.2784,0.2784,0.2775,0.2783,10125.168
1768634100000,0.2785,0.2799,0.2782,0.2798,2706.37
1768635000000,0.28,0.2807,0.2798,0.2804,45464.852
1768635900000,0.2809,0.2809,0.2802,0.2809,2790.24
1768636800000,0.2805,0.2812,0.2805,0.2812,2820.299
1768637700000,0.2813,0.2816,0.2804,0.2804,2028.477
1768638600000,0.2799,0.2806,0.2799,0.2804,7703.701
1768639500000,0.2806,0.2819,0.2806,0.2811,15123.014
1768640400000,0.282,0.2823,0.2808,0.2811,1605.035
1768641300000,0.2809,0.2811,0.2804,0.2809,7678.139
1768642200000,0.2807,0.2807,0.2798,0.2801,7119.894
1768643100000,0.28,0.2803,0.2792,0.2798,9432.701
1768644000000,0.2793,0.2802,0.2793,0.2802,878.235
1768644900000,0.2802,0.2819,0.2802,0.2816,2455.656
1768645800000,0.2818,0.2818,0.28,0.28,1817.59
1768646700000,0.28,0.2805,0.2797,0.2802,4978.726
1768647600000,0.2803,0.2803,0.279,0.2794,6616.367
1768648500000,0.2794,0.2802,0.2794,0.2799,3817.983
1768649400000,0.2797,0.2797,0.2788,0.2788,12928.19
1768650300000,0.2786,0.2786,0.2777,0.2779,11592.601
1768651200000,0.2779,0.2787,0.2779,0.2787,6718.588
1768652100000,0.279,0.2803,0.2786,0.2803,3420.868
1768653000000,0.2803,0.2813,0.2803,0.2812,14901.738
1768653900000,0.2802,0.2804,0.2794,0.2799,63892.002
1768654800000,0.28,0.2806,0.2798,0.2806,14416.636
1768655700000,0.2804,0.2805,0.2793,0.2796,122391.074
1768656600000,0.2794,0.2809,0.2794,0.2805,24946.877
1768657500000,0.2803,0.2805,0.279,0.2794,7014.79
1768658400000,0.2798,0.2801,0.279,0.2799,18102.225
1768659300000,0.2799,0.2806,0.2797,0.2804,53581.319
1768660200000,0.2803,0.2839,0.2803,0.2836,37842.266
1768661100000,0.2831,0.2848,0.283,0.2844,30162.483
1768662000000,0.2843,0.2857,0.2837,0.2845,30697.121
1768662900000,0.2845,0.2845,0.2816,0.282,78296.633
1768663800000,0.2823,0.2856,0.2823,0.2839,69216.586
1768664700000,0.2844,0.2854,0.284,0.2846,7116.471
1768665600000,0.2849,0.2856,0.2839,0.2845,70444.639
1768666500000,0.2839,0.2842,0.2822,0.2834,14914.691
1768667400000,0.2834,0.2834,0.2809,0.2814,36971.272
1768668300000,0.2815,0.2824,0.281,0.282,68105.642
1768669200000,0.2824,0.2839,0.2821,0.2832,16128.27
1768670100000,0.2832,0.2832,0.2821,0.2821,4237.888
1768671000000,0.2824,0.2827,0.2814,0.282,9795.467
1768671900000,0.282,0.2821,0.2809,0.2819,14187.268
1768672800000,0.2824,0.2824,0.2814,0.282,1906.77
1768673700000,0.2819,0.2827,0.2819,0.282,5319.946
1768674600000,0.282,0.2825,0.2818,0.2819,24054.543
1768675500000,0.2822,0.2827,0.2822,0.2823,8803.426
1768676400000,0.2824,0.2824,0.2818,0.2822,13079.005
1768677300000,0.2821,0.2823,0.2815,0.2819,4781.238
1768678200000,0.2817,0.2819,0.281,0.2812,2410.337
1768679100000,0.2811,0.2814,0.2803,0.2814,3308.843
1768680000000,0.2814,0.282,0.2813,0.2818,9440.249
1768680900000,0.2817,0.282,0.2809,0.281,12897.002
1768681800000,0.2807,0.2807,0.2798,0.2799,5300.17
1768682700000,0.2802,0.2808,0.2802,0.2804,1347.048
1768683600000,0.2803,0.2803,0.2788,0.2788,4150.5
1768684500000,0.2787,0.2804,0.2787,0.2802,4045.564
1768685400000,0.2803,0.2803,0.2791,0.2792,1846.949
1768686300000,0.2795,0.2797,0.2792,0.2792,877.301
1768687200000,0.2795,0.2798,0.2792,0.2794,639.584
1768688100000,0.2797,0.2802,0.2791,0.2791,6363.489
1768689000000,0.2789,0.2789,0.2767,0.2777,80326.538
1768689900000,0.2777,0.2787,0.2766,0.2783,14289.682
1768690800000,0.2779,0.2783,0.2775,0.2783,1065.855
1768691700000,0.2785,0.279,0.2778,0.2779,35406.675
1768692600000,0.2778,0.2778,0.2769,0.2769,2239.662
1768693500000,0.2768,0.2779,0.2768,0.2778,7457.775
1768694400000,0.278,0.2792,0.2769,0.279,3444.079
1768695300000,0.2793,0.2796,0.2784,0.2795,24601.754
1768696200000,0.2797,0.2803,0.2779,0.2788,7015.477
1768697100000,0.2784,0.2786,0.2779,0.2785,20395.932
1768698000000,0.2782,0.2782,0.2754,0.2754,37205.864
1768698900000,0.2759,0.2771,0.2755,0.2762,5404.152
1768699800000,0.2764,0.2764,0.2756,0.2762,8299.416
1768700700000,0.2759,0.2759,0.2749,0.2759,3399.768
1768701600000,0.2762,0.2779,0.2762,0.2768,2107.943
1768702500000,0.2768,0.2768,0.2765,0.2766,3630.449
1768703400000,0.2767,0.2769,0.2755,0.2762,31833.196
1768704300000,0.2766,0.2767,0.2762,0.2762,571.139
1768705200000,0.2758,0.2766,0.2758,0.2766,3780.88
1768706100000,0.2763,0.2769,0.2763,0.2769,5752.609
1768707000000,0.2771,0.2775,0.277,0.2773,6967.15
1768707900000,0.2769,0.2779,0.2762,0.2763,3030.495
1768708800000,0.2762,0.2762,0.2746,0.2747,835.93
1768709700000,0.2752,0.2755,0.2751,0.2755,32.05
1768710600000,0.2747,0.2754,0.2747,0.2753,31029.142
1768711500000,0.2756,0.276,0.2755,0.2756,19122.858
1768712400000,0.2753,0.2753,0.2749,0.2749,978.669
1768713300000,0.2755,0.2755,0.2751,0.2753,6334.739
1768714200000,0.2752,0.2752,0.2746,0.2751,2240.045
1768715100000,0.2753,0.2754,0.2747,0.275,847.123
1768716000000,0.2754,0.2758,0.2752,0.2756,1293.742
1768716900000,0.2746,0.2746,0.2742,0.2743,9416.836
1768717800000,0.2743,0.2746,0.274,0.274,5134.021
1768718700000,0.2746,0.2746,0.274,0.274,559.792
1768719600000,0.2739,0.2742,0.2719,0.2722,26389.744
1768720500000,0.2728,0.2735,0.2723,0.2735,27471.078
1768721400000,0.2735,0.2742,0.2722,0.2742,15856.864
1768722300000,0.2743,0.2751,0.2737,0.2737,221238.665
1768723200000,0.2739,0.274,0.2731,0.2733,2663.104
1768724100000,0.2734,0.2742,0.2734,0.2739,221426.6
1768725000000,0.2739,0.2747,0.2739,0.2744,7570.013
1768725900000,0.2739,0.2744,0.2739,0.2739,1933.093
1768726800000,0.2736,0.2742,0.2735,0.274,8041.409
1768727700000,0.2742,0.2743,0.2736,0.2737,9281.479
1768728600000,0.2739,0.274,0.2733,0.2733,12597.13
1768729500000,0.2732,0.2742,0.2731,0.2742,1641.191
1768730400000,0.2742,0.2742,0.2729,0.2735,4067.335
1768731300000,0.2739,0.2742,0.2738,0.2742,1673.962
1768732200000,0.2742,0.2751,0.2739,0.2751,34692.18
1768733100000,0.2752,0.2757,0.2751,0.2753,1874.931
1768734000000,0.2747,0.2757,0.2746,0.2757,3795.102
1768734900000,0.2753,0.2755,0.2742,0.2743,51989.199
1768735800000,0.274,0.275,0.274,0.275,1733.88
1768736700000,0.275,0.2756,0.275,0.2753,594.698
1768737600000,0.2752,0.2752,0.2732,0.2737,10427.341
1768738500000,0.2737,0.2747,0.2735,0.2747,30521.354
1768739400000,0.2746,0.2746,0.2738,0.2745,483.059
1768740300000,0.2745,0.2747,0.2733,0.2733,1257.456
1768741200000,0.2733,0.2735,0.2718,0.2726,17715.178
1768742100000,0.2726,0.273,0.2713,0.2717,38797.389
1768743000000,0.2719,0.2744,0.2719,0.2741,68071.943
1768743900000,0.2741,0.2741,0.2726,0.2726,8757.699
1768744800000,0.2725,0.2737,0.2719,0.2737,48479.484
1768745700000,0.274,0.2751,0.2734,0.2734,25525.203
1768746600000,0.2734,0.2743,0.2726,0.2726,12394.745
1768747500000,0.2726,0.2726,0.2707,0.2713,11134.207
1768748400000,0.2714,0.2722,0.271,0.2716,15703.884
1768749300000,0.2719,0.2727,0.2719,0.2726,24650.759
1768750200000,0.2725,0.2729,0.2723,0.2725,7679.325
1768751100000,0.2722,0.2731,0.2722,0.2731,1329.389
1768752000000,0.2727,0.2736,0.272,0.2735,27386.5
1768752900000,0.2735,0.2737,0.2725,0.2725,5759.642
1768753800000,0.2727,0.2731,0.2723,0.2727,1566.86
1768754700000,0.2724,0.2724,0.272,0.2723,470.266
1768755600000,0.2718,0.2721,0.271,0.271,84027.613
1768756500000,0.2709,0.2718,0.2709,0.2717,4291.145
1768757400000,0.2717,0.2718,0.27,0.2704,15053.742
1768758300000,0.2707,0.2721,0.2705,0.2721,41232.973
1768759200000,0.2717,0.2718,0.2714,0.2717,12454.499
1768760100000,0.2717,0.2743,0.2712,0.2741,8736.953
1768761000000,0.2746,0.2754,0.2741,0.2743,5206.96
1768761900000,0.2745,0.2759,0.2745,0.2756,10900.479
1768762800000,0.2758,0.276,0.2737,0.2745,9650.536
1768763700000,0.2744,0.2744,0.2728,0.2729,25548.527
1768764600000,0.273,0.2738,0.2726,0.2736,6545.662
1768765500000,0.2735,0.2735,0.2716,0.2729,13544.995
1768766400000,0.2727,0.2731,0.2721,0.2726,22425.306
1768767300000,0.2732,0.2743,0.2727,0.2743,32211.204
1768768200000,0.2746,0.2751,0.274,0.274,9174.462
1768769100000,0.2744,0.2745,0.274,0.2743,8379.404
1768770000000,0.2747,0.2752,0.2746,0.2752,3613.726
1768770900000,0.2752,0.2752,0.2746,0.2746,1791.416
1768771800000,0.2744,0.2744,0.274,0.2741,1202.572
1768772700000,0.275,0.275,0.2736,0.2739,2130.539
1768773600000,0.2747,0.2759,0.2747,0.2757,1611.639
1768774500000,0.2756,0.2756,0.2738,0.2738,5317.153
1768775400000,0.2738,0.2742,0.2737,0.2741,8168.27
1768776300000,0.2744,0.2749,0.2744,0.2745,11791.114
1768777200000,0.2737,0.2737,0.2698,0.2713,22104.592
1768778100000,0.2702,0.2709,0.2642,0.2647,207770.889
1768779000000,0.2645,0.2656,0.2613,0.262,88665.076
1768779900000,0.2617,0.2617,0.2518,0.252,655861.598
1768780800000,0.2522,0.2522,0.2148,0.2346,4066828.261
1768781700000,0.2347,0.2389,0.2337,0.2365,278323.527
1768782600000,0.2362,0.2417,0.2353,0.2415,225058.283
1768783500000,0.2407,0.2423,0.2402,0.2408,188701.931
1768784400000,0.2407,0.2429,0.2404,0.2418,70754.176
1768785300000,0.2417,0.243,0.2409,0.2424,135914.498
1768786200000,0.2425,0.2449,0.2425,0.2438,60804.035
1768787100000,0.2438,0.2438,0.2423,0.2434,52280.102
1768788000000,0.2433,0.2443,0.243,0.244,24274.066
1768788900000,0.2438,0.2448,0.2436,0.244,49611.979
1768789800000,0.2438,0.2446,0.2438,0.2442,33636.151
1768790700000,0.2443,0.2443,0.2436,0.2442,34093.246
1768791600000,0.244,0.2452,0.2433,0.2436,40856.282
1768792500000,0.2435,0.2448,0.2433,0.2444,22036.958
1768793400000,0.2445,0.2451,0.2435,0.2446,15792.098
1768794300000,0.2446,0.2461,0.2446,0.2452,18821.873
1768795200000,0.245,0.2456,0.2445,0.2453,12057.271
1768796100000,0.245,0.2453,0.2443,0.2445,10444.958
1768797000000,0.2447,0.2451,0.2445,0.2448,12556.666
1768797900000,0.2446,0.2446,0.2433,0.2433,21583.145
1768798800000,0.2433,0.244,0.2431,0.2435,12545.119
1768799700000,0.2431,0.2442,0.2429,0.2434,86442.013
1768800600000,0.2437,0.2457,0.2437,0.2448,53510.867
1768801500000,0.2449,0.2458,0.2443,0.2451,30969.024
1768802400000,0.245,0.2452,0.2427,0.2428,64070.019
1768803300000,0.2426,0.2429,0.242,0.2427,67163.842
1768804200000,0.243,0.2432,0.2415,0.2416,55730.629
1768805100000,0.2416,0.2422,0.2412,0.2419,26491.237
1768806000000,0.242,0.2429,0.2419,0.2424,22619.705
1768806900000,0.2425,0.2441,0.2423,0.2438,16158.173
1768807800000,0.244,0.2441,0.2434,0.2434,6556.087
1768808700000,0.2433,0.2445,0.2426,0.2442,23149.05
1768809600000,0.2441,0.2443,0.2433,0.2436,24851.83
1768810500000,0.2436,0.2459,0.2436,0.2447,69283.811
1768811400000,0.2448,0.2462,0.2446,0.2456,51583.364
1768812300000,0.2458,0.2468,0.2457,0.2466,31682.723
1768813200000,0.2463,0.2466,0.2449,0.245,51773.085
1768814100000,0.2451,0.2457,0.2451,0.2454,18528.291
1768815000000,0.2454,0.2458,0.2453,0.2456,13523.39
1768815900000,0.2456,0.2457,0.2451,0.2457,4491.964
1768816800000,0.2456,0.2457,0.245,0.2456,4943.88
1768817700000,0.2456,0.2459,0.2451,0.2456,11199.881
1768818600000,0.2455,0.2455,0.2444,0.2451,81999.025
1768819500000,0.2453,0.2456,0.2447,0.2454,4884.068
1768820400000,0.2455,0.246,0.2455,0.2457,14899.371
1768821300000,0.2457,0.2463,0.2457,0.246,7872.966
1768822200000,0.2457,0.2462,0.2449,0.2459,5727.223
1768823100000,0.2458,0.2459,0.2448,0.245,57972.808
1768824000000,0.2452,0.2452,0.2437,0.2438,23615.017
1768824900000,0.2442,0.2445,0.2431,0.2436,46310.466
1768825800000,0.2437,0.2449,0.2437,0.2441,9515.606
1768826700000,0.244,0.2442,0.243,0.2435,55907.577
1768827600000,0.2434,0.2443,0.2431,0.2438,23070.605
1768828500000,0.2436,0.2439,0.2427,0.2427,54407.917
1768829400000,0.2428,0.2429,0.2421,0.2426,21977.334
1768830300000,0.2426,0.2428,0.2419,0.242,13533.896
1768831200000,0.2422,0.2425,0.2415,0.2425,79432.798
1768832100000,0.2424,0.2442,0.2423,0.2435,65066.319
1768833000000,0.2436,0.2437,0.2428,0.2429,9250.714
1768833900000,0.2427,0.2427,0.2424,0.2424,132.24
1768834800000,0.2424,0.2429,0.2417,0.2418,13494.14
1768835700000,0.2416,0.242,0.2408,0.2408,10748.408
1768836600000,0.241,0.2421,0.2409,0.2415,20360.696
1768837500000,0.2416,0.2421,0.2414,0.242,24823.974
1768838400000,0.2418,0.2425,0.2414,0.2418,8293.996
1768839300000,0.242,0.2437,0.242,0.2435,12161.973
1768840200000,0.2433,0.2435,0.2431,0.2432,2520.433
1768841100000,0.2439,0.2451,0.2433,0.245,25072.001
1768842000000,0.2451,0.2457,0.2447,0.2457,19935.793
1768842900000,0.2456,0.2456,0.2446,0.2454,6274.172
1768843800000,0.2453,0.2453,0.2447,0.2452,3876.983
1768844700000,0.2453,0.2465,0.2453,0.2458,11702.137
1768845600000,0.2458,0.2462,0.2453,0.2455,6420.173
1768846500000,0.2457,0.2461,0.2457,0.2459,7273.958
1768847400000,0.246,0.248,0.246,0.248,20652.737
1768848300000,0.248,0.248,0.247,0.2479,11716.543
1768849200000,0.248,0.2498,0.248,0.2498,13094.69
1768850100000,0.2499,0.2523,0.2499,0.2507,49999.076
1768851000000,0.2507,0.2508,0.2499,0.2505,3433.055
1768851900000,0.2502,0.2502,0.2486,0.2491,5570.188
1768852800000,0.2497,0.2497,0.2487,0.2487,9713.916
1768853700000,0.2486,0.2495,0.2483,0.2495,4885.951
1768854600000,0.2494,0.2494,0.2475,0.2475,35363.314
1768855500000,0.2475,0.248,0.2473,0.248,10819.505
1768856400000,0.248,0.2489,0.2467,0.2469,14948.432
1768857300000,0.2466,0.247,0.2465,0.2466,5367.429
1768858200000,0.2468,0.2473,0.2457,0.2473,14929.527
1768859100000,0.2472,0.2477,0.2472,0.2475,7903.145
1768860000000,0.2472,0.2483,0.246,0.2464,44009.227
1768860900000,0.247,0.2476,0.2467,0.2473,20174.828
1768861800000,0.2463,0.2464,0.2449,0.245,4494.925
1768862700000,0.2451,0.2455,0.2449,0.2449,2507.977
1768863600000,0.2449,0.2461,0.2449,0.2458,7602.844
1768864500000,0.2456,0.2479,0.2453,0.2479,17194.922
1768865400000,0.2479,0.25,0.2477,0.2495,30207.667
1768866300000,0.2492,0.2492,0.2482,0.2488,24608.64
1768867200000,0.249,0.2498,0.2475,0.2498,22100.096
1768868100000,0.2495,0.2495,0.2473,0.2477,21518.972
1768869000000,0.2484,0.2488,0.2479,0.2482,6805.395
1768869900000,0.2479,0.2479,0.247,0.247,6641.222
1768870800000,0.247,0.2472,0.2462,0.247,7415.697
1768871700000,0.247,0.2493,0.2467,0.2488,6371.029
1768872600000,0.2487,0.2487,0.2468,0.247,3380.908
1768873500000,0.2473,0.2483,0.247,0.2483,12506.261
1768874400000,0.2478,0.2478,0.2464,0.2466,1565.936
1768875300000,0.247,0.247,0.2461,0.2463,582.849
1769506200000,0.2194,0.2204,0.2193,0.2204,2459.44
1769507100000,0.22,0.22,0.2186,0.2192,66576.752
1769508000000,0.2192,0.2194,0.2192,0.2194,6330.554
1769508900000,0.2193,0.2197,0.2192,0.2195,6748.595
1769509800000,0.2195,0.2196,0.2189,0.2196,8510.476
1769510700000,0.2198,0.2201,0.2195,0.2198,29435.092
1769511600000,0.22,0.2204,0.2198,0.2199,5008.709
1769512500000,0.2201,0.2205,0.22,0.2205,1944.394
1769513400000,0.2205,0.2207,0.2204,0.2207,1110.397
1769514300000,0.2205,0.2211,0.2205,0.2205,134510.547
1769515200000,0.2204,0.2207,0.22,0.2201,32623.357
1769516100000,0.2203,0.221,0.2203,0.2207,5419.911
1769517000000,0.2206,0.2206,0.2192,0.2193,2402.269
1769517900000,0.2195,0.2205,0.2195,0.2204,14215.606
1769518800000,0.2205,0.2213,0.2205,0.2212,37796.489
1769519700000,0.2211,0.2211,0.2195,0.2198,27756.871
1769520600000,0.2197,0.2214,0.2197,0.2204,59604.674
1769521500000,0.22,0.22,0.2192,0.2196,3723.256
1769522400000,0.2196,0.221,0.2196,0.221,10784.323
1769523300000,0.2212,0.222,0.221,0.2211,56019.96
1769524200000,0.2211,0.2214,0.2195,0.2197,21613.367
1769525100000,0.2198,0.2202,0.2195,0.2198,20552.704
1769526000000,0.2198,0.2214,0.2193,0.2206,52874.148
1769526900000,0.2206,0.2209,0.2189,0.2189,18933.327
1769527800000,0.2188,0.2195,0.2186,0.2194,32075.076
1769528700000,0.2195,0.2219,0.2195,0.2218,6030.337
1769529600000,0.222,0.2248,0.2216,0.2246,38641.007
1769530500000,0.2245,0.2249,0.2228,0.2228,27820.848
1769531400000,0.2229,0.2269,0.2229,0.2266,169427.568
1769532300000,0.2267,0.2267,0.2255,0.2256,36685.191
1769533200000,0.2257,0.2258,0.2216,0.2216,41128.479
1769534100000,0.2215,0.2215,0.2195,0.221,13832.669
1769535000000,0.221,0.2219,0.2196,0.2197,11160.081
1769535900000,0.2195,0.2202,0.2194,0.2202,16983.602
1769536800000,0.2201,0.2216,0.22,0.2208,6150.106
1769537700000,0.2209,0.2215,0.2209,0.2214,11593.419
1769538600000,0.2216,0.2218,0.2208,0.2218,12064.417
1769539500000,0.2215,0.2244,0.2212,0.2238,20404.433
1769540400000,0.2233,0.2234,0.2228,0.223,489.868
1769541300000,0.224,0.2241,0.2232,0.2232,13243.77
1769542200000,0.2233,0.2241,0.2228,0.2241,515.342
1769543100000,0.2243,0.2247,0.2241,0.2241,6135.73
1769544000000,0.2247,0.2262,0.2247,0.2262,62706.313
1769544900000,0.226,0.228,0.2257,0.2277,130175.386
1769545800000,0.2278,0.228,0.2268,0.227,132619.649
1769546700000,0.2271,0.2291,0.2269,0.228,47525.151
1769547600000,0.2278,0.2282,0.2274,0.228,9673.454
1769548500000,0.2278,0.228,0.2273,0.2275,2605.401
1769549400000,0.2274,0.2274,0.2262,0.2265,107999.686
1769550300000,0.2264,0.2273,0.2261,0.2262,43992.166
1769551200000,0.2262,0.2274,0.2262,0.2274,9942.087
1769552100000,0.2275,0.2282,0.2268,0.2271,129625.738
1769553000000,0.2272,0.2288,0.2272,0.2288,11333.121
1769553900000,0.2287,0.2287,0.2282,0.2285,25056.015
1769554800000,0.2285,0.2288,0.2279,0.2283,4911.764
1769555700000,0.2285,0.2292,0.2281,0.2289,10027.855
1769556600000,0.2289,0.2296,0.2288,0.2289,53795.401
1769557500000,0.229,0.2293,0.2283,0.2284,41167.474
1769558400000,0.2286,0.2286,0.2272,0.2276,39392.686
1769559300000,0.2275,0.2278,0.2269,0.2273,1249.189
1769560200000,0.2266,0.2266,0.2258,0.2261,14696.746
1769561100000,0.2262,0.2281,0.2262,0.228,5207.279
1769562000000,0.228,0.228,0.2269,0.227,6999.045
1769562900000,0.227,0.2272,0.226,0.2261,25390.569
1769563800000,0.2266,0.2267,0.2259,0.2264,1669.02
1769564700000,0.2263,0.2271,0.2253,0.2267,84006.668
1769565600000,0.2268,0.2272,0.226,0.2261,6183.947
1769566500000,0.2261,0.2269,0.2259,0.2266,5312.128
1769567400000,0.2265,0.2268,0.2256,0.2258,1690.331
1769568300000,0.2257,0.2263,0.2257,0.2261,22701.997
1769569200000,0.2262,0.2264,0.2253,0.2255,91546.804
1769570100000,0.2255,0.226,0.2251,0.2257,6523.786
1769571000000,0.2256,0.2261,0.2253,0.2261,9853.033
1769571900000,0.2257,0.2261,0.2256,0.2256,11422.486
1769572800000,0.2256,0.2256,0.2248,0.2249,3330.598
1769573700000,0.2246,0.2246,0.2236,0.2242,56095.216
1769574600000,0.224,0.2248,0.224,0.2243,826.38
1769575500000,0.2244,0.2244,0.2242,0.2244,489.83
1769576400000,0.2249,0.2252,0.2241,0.2241,5311.095
1769577300000,0.224,0.2244,0.224,0.2242,502.784
1769578200000,0.2241,0.2259,0.2241,0.2253,22792.428
1769579100000,0.2253,0.2256,0.225,0.2255,26195.916
1769580000000,0.2254,0.2272,0.2254,0.227,26040.641
1769580900000,0.2271,0.2273,0.2264,0.2264,53821.507
1769581800000,0.2265,0.2271,0.2259,0.2262,3801.594
1769582700000,0.2262,0.2275,0.226,0.2273,15205.915
1769583600000,0.2269,0.2273,0.2262,0.2264,1883.188
1769584500000,0.2263,0.2266,0.2261,0.2263,7523.851
1769585400000,0.2262,0.2262,0.2256,0.2259,1153.91
1769586300000,0.2263,0.2263,0.2257,0.2259,2994.698
1769587200000,0.2259,0.2259,0.2252,0.2256,18139.88
1769588100000,0.2258,0.2261,0.2254,0.2254,7109.03
1769589000000,0.2254,0.2254,0.2247,0.225,9355.972
1769589900000,0.225,0.225,0.2244,0.2246,7017.221
1769590800000,0.2251,0.2253,0.2248,0.2249,1851.599
1769591700000,0.225,0.225,0.2245,0.2248,1521.668
1769592600000,0.2247,0.2273,0.2247,0.2271,9400.12
1769593500000,0.2271,0.2275,0.2267,0.2275,25483.86
1769594400000,0.2276,0.2278,0.2271,0.2276,8974.621
1769595300000,0.2277,0.2282,0.2268,0.2268,13297.981
1769596200000,0.2268,0.2274,0.2268,0.2271,3397.627
1769597100000,0.227,0.2271,0.2269,0.227,10223.744
1769598000000,0.227,0.2273,0.2269,0.2273,2783.104
1769598900000,0.2271,0.2282,0.2271,0.2277,13324.119
1769599800000,0.2279,0.2279,0.2272,0.2279,22861.221
1769600700000,0.2279,0.2299,0.2279,0.2299,64615.928
1769601600000,0.2296,0.2298,0.2281,0.2283,91274.768
1769602500000,0.2282,0.2285,0.2277,0.2285,8637.7
1769603400000,0.2286,0.2289,0.2274,0.2275,15168.256
1769604300000,0.2276,0.2282,0.2272,0.2278,51938.544
1769605200000,0.228,0.229,0.228,0.2288,2087.413
1769606100000,0.2287,0.2294,0.2286,0.229,6008.956
1769607000000,0.2291,0.2304,0.2289,0.2299,202605.124
1769607900000,0.23,0.2301,0.2294,0.23,17745.191
1769608800000,0.2301,0.2311,0.2301,0.2308,283745.119
1769609700000,0.2306,0.2308,0.2287,0.2298,189766.168
1769610600000,0.2297,0.2323,0.2294,0.2307,257526.708
1769611500000,0.2308,0.2319,0.2299,0.2303,281208.18
1769612400000,0.2303,0.2323,0.2285,0.2288,234073.146
1769613300000,0.2286,0.2294,0.2266,0.228,152407.91
1769614200000,0.2276,0.2281,0.2267,0.2279,27385.285
1769615100000,0.228,0.2284,0.2264,0.2266,15425.929
1769616000000,0.2267,0.2269,0.2257,0.2257,92953.362
1769616900000,0.2256,0.2279,0.2256,0.2278,76943.146
1769617800000,0.2278,0.2284,0.2257,0.2259,38659.22
1769618700000,0.226,0.2274,0.226,0.2268,39085.929
1769619600000,0.2268,0.2273,0.2267,0.2268,29456.078
1769620500000,0.2267,0.2274,0.2264,0.2267,82215.198
1769621400000,0.2267,0.228,0.2252,0.2276,114408.517
1769622300000,0.2277,0.2315,0.2277,0.2291,96519.627
1769623200000,0.2291,0.2291,0.2268,0.2274,108977.625
1769624100000,0.2275,0.2286,0.227,0.2271,128636.836
1769625000000,0.2271,0.2273,0.2265,0.2268,32773.364
1769625900000,0.2267,0.2275,0.2264,0.2275,24723.592
1769626800000,0.2274,0.229,0.2269,0.2276,113345.198
1769627700000,0.2277,0.2287,0.2274,0.2278,132052.501
1769628600000,0.2278,0.2285,0.2261,0.2264,17996.769
1769629500000,0.2264,0.2291,0.2264,0.2285,92854.309
1769630400000,0.2285,0.2293,0.2278,0.2282,139193.703
1769631300000,0.2281,0.23,0.2281,0.2292,16784.577
1769632200000,0.2293,0.2293,0.2268,0.2271,42467.427
1769633100000,0.2271,0.2276,0.2264,0.2271,3748.308
1769634000000,0.2272,0.2294,0.2253,0.2284,320410.283
1769634900000,0.2282,0.2283,0.2272,0.2274,27959.708
1769635800000,0.2272,0.2286,0.2263,0.2281,23565.424
1769636700000,0.228,0.2302,0.228,0.2291,12232.914
1769637600000,0.2291,0.2294,0.2286,0.229,63594.384
1769638500000,0.2289,0.2306,0.2282,0.2305,25389.027
1769639400000,0.2306,0.234,0.2301,0.2331,299330.685
1769640300000,0.2332,0.2381,0.233,0.2375,330492.455
1769641200000,0.2376,0.239,0.2348,0.2372,157941.556
1769642100000,0.237,0.2398,0.2337,0.2342,128940.733
1769643000000,0.234,0.2343,0.2324,0.2329,44107.451
1769643900000,0.2329,0.2331,0.2315,0.2326,43029.969
1769644800000,0.2329,0.2338,0.2309,0.231,57947.361
1769645700000,0.2311,0.2314,0.2299,0.2304,65965.401
1769646600000,0.2305,0.2313,0.2296,0.2298,25284.85
1769647500000,0.2296,0.2318,0.2294,0.2316,53342.875
1769648400000,0.2316,0.2328,0.2313,0.2317,77352.22
1769649300000,0.2317,0.2317,0.2279,0.2295,49705.421
1769650200000,0.2294,0.2297,0.2282,0.2286,38931.879
1769651100000,0.2281,0.2285,0.2268,0.2274,13158.483
1769652000000,0.2273,0.2278,0.227,0.2273,39313.929
1769652900000,0.2273,0.2278,0.2271,0.2276,21080.13
1769653800000,0.2273,0.2273,0.2227,0.2236,238405.464
1769654700000,0.2237,0.2238,0.2214,0.2231,214012.256
1769655600000,0.223,0.2246,0.2219,0.2241,67414.392
1769656500000,0.2241,0.2243,0.2229,0.2231,2214.51
1769657400000,0.223,0.2236,0.2226,0.2236,7780.706
1769658300000,0.2234,0.2237,0.223,0.2237,49232.011
1769659200000,0.2235,0.2237,0.2224,0.2224,1880.97
1769660100000,0.2224,0.2225,0.2211,0.2223,205141.035
1769661000000,0.2223,0.2225,0.222,0.2225,63595.908
1769661900000,0.2227,0.2244,0.2227,0.2239,12941.483
1769662800000,0.2239,0.2245,0.2232,0.2235,13929.2
1769663700000,0.2236,0.2241,0.2232,0.2241,35018.751
1769664600000,0.2238,0.224,0.2233,0.2234,29962.358
1769665500000,0.2232,0.2234,0.2226,0.2226,4088.83
1769666400000,0.2226,0.2237,0.2226,0.2233,4242.588
1769667300000,0.2238,0.2238,0.2228,0.2229,42702.319
1769668200000,0.2231,0.2234,0.2228,0.2233,7672.016
1769669100000,0.2225,0.2231,0.2224,0.2228,4069.612
1769670000000,0.2232,0.2238,0.2232,0.2233,52156.855
1769670900000,0.2234,0.2237,0.2231,0.2231,4415.425
1769671800000,0.2231,0.2235,0.2229,0.2229,5177.454
1769672700000,0.223,0.2231,0.2226,0.2229,107151.625
1769673600000,0.2228,0.2228,0.2208,0.2208,28159.821
1769674500000,0.2207,0.2226,0.2202,0.2226,14079.91
1769675400000,0.2226,0.223,0.2222,0.2224,81251.549
1769676300000,0.2227,0.2231,0.2223,0.2224,68721.082
1769677200000,0.2222,0.2229,0.2222,0.2223,44708.283
1769678100000,0.2222,0.2224,0.2221,0.2223,3208.997
1769679000000,0.2223,0.2229,0.2223,0.2223,86083.758
1769679900000,0.2225,0.2226,0.2218,0.2224,28927.368
1769680800000,0.2224,0.2227,0.2223,0.2224,28892.34
1769681700000,0.2226,0.2228,0.2222,0.2222,25203.107
1769682600000,0.2221,0.2223,0.2215,0.2221,45810.273
1769683500000,0.2222,0.2225,0.2214,0.2215,9226.709
1769684400000,0.2215,0.222,0.221,0.2216,132223.241
1769685300000,0.2215,0.2215,0.2199,0.2205,90528.997
1769686200000,0.2205,0.2207,0.2199,0.2199,19771.874
1769687100000,0.2199,0.22,0.2194,0.2196,63185.854
1769688000000,0.2195,0.2202,0.2195,0.2201,66213.398
1769688900000,0.2201,0.2202,0.2195,0.2197,3503.02
1769689800000,0.2193,0.2193,0.2168,0.2182,124293.429
1769690700000,0.2182,0.2184,0.2176,0.2184,8399.253
1769691600000,0.2187,0.2194,0.2187,0.2194,11855.882
1769692500000,0.2193,0.2197,0.2186,0.2194,64485.903
1769693400000,0.2194,0.2194,0.2187,0.2188,5480.2
1769694300000,0.2188,0.2193,0.2187,0.2193,10342.155
1769695200000,0.2195,0.2201,0.2192,0.2192,6622.321
1769696100000,0.2192,0.2194,0.2183,0.2183,39836.535
1769697000000,0.218,0.2192,0.2162,0.2168,150887.577
1769697900000,0.2164,0.2171,0.213,0.2137,83609.037
1769698800000,0.2133,0.2134,0.2074,0.2082,333673.179
1769699700000,0.2084,0.2124,0.2076,0.2119,137059.8
1769700600000,0.2118,0.2126,0.2085,0.209,168628.033
1769701500000,0.2091,0.2125,0.2088,0.212,108192.063
1769702400000,0.2121,0.2121,0.2103,0.212,54539.622
1769703300000,0.2122,0.2133,0.2111,0.2114,23008.474
1769704200000,0.2114,0.2132,0.2113,0.2128,63897.761
1769705100000,0.2129,0.2147,0.2126,0.2147,63057.686
1769706000000,0.2144,0.2167,0.2142,0.2162,78933.352
1769706900000,0.2163,0.2177,0.2149,0.2149,49625.779
1769707800000,0.2148,0.2148,0.2134,0.2136,4778.885
1769708700000,0.2133,0.2133,0.2121,0.2126,9091.514
1769709600000,0.2123,0.2139,0.2123,0.2131,12302.69
1769710500000,0.213,0.213,0.211,0.2116,567517.99
1769711400000,0.2112,0.2131,0.2103,0.2126,84516.396
1769712300000,0.2123,0.2123,0.2092,0.2092,127405.21
1769713200000,0.2094,0.2099,0.2084,0.2091,70074.788
1769714100000,0.2092,0.2101,0.2082,0.2095,25254.492
1769715000000,0.2097,0.212,0.2096,0.2118,28845.634
1769715900000,0.2118,0.2124,0.2113,0.2113,4898.929
1769716800000,0.2112,0.2113,0.2105,0.2108,40123.358
1769717700000,0.2108,0.2118,0.2108,0.2117,90422.13
1769718600000,0.2114,0.2123,0.2112,0.2123,16669.124
1769719500000,0.212,0.2136,0.212,0.2132,41939.441
1769720400000,0.2135,0.2148,0.2135,0.2142,60417.275
1769721300000,0.2138,0.2142,0.213,0.2134,26614.513
1769722200000,0.2134,0.214,0.2131,0.2136,119078.09
1769723100000,0.2137,0.2141,0.2137,0.2138,2044.684
1769724000000,0.214,0.2147,0.213,0.213,11007.272
1769724900000,0.2131,0.2133,0.213,0.213,1423.513
1769725800000,0.214,0.2141,0.2136,0.2137,10340.729
1769726700000,0.2136,0.2144,0.2136,0.214,3828.859
1769727600000,0.2135,0.2136,0.2126,0.2126,16488.002
1769728500000,0.2128,0.2134,0.2125,0.2128,3650.289
1769729400000,0.213,0.2134,0.212,0.2125,177982.325
1769730300000,0.2124,0.2128,0.2124,0.2127,3427.474
1769731200000,0.2127,0.2132,0.2119,0.2119,5719.027
1769732100000,0.2119,0.212,0.2112,0.2113,2714.977
1769733000000,0.2112,0.212,0.2109,0.2117,50376.667
1769733900000,0.2118,0.2128,0.2114,0.2118,31484.876
1769734800000,0.2118,0.2121,0.2113,0.2121,2669.675
1769735700000,0.2123,0.2132,0.211,0.2128,91325.567
1769736600000,0.2121,0.2121,0.2034,0.2072,808284.314
1769737500000,0.2074,0.2097,0.207,0.2094,277054.74
1769738400000,0.2095,0.2095,0.2069,0.2073,19049.811
1769739300000,0.2073,0.2075,0.2043,0.205,32597.262
1769740200000,0.205,0.2078,0.2041,0.2074,91603.531
1769741100000,0.2075,0.2079,0.2061,0.2068,17527.511
1769742000000,0.2071,0.2088,0.207,0.2087,9558.609
1769742900000,0.2086,0.2088,0.2078,0.2078,51261.01
1769743800000,0.2078,0.208,0.207,0.2073,8339.998
1769744700000,0.2071,0.2072,0.2058,0.2072,182846.776
1769745600000,0.2071,0.2082,0.2071,0.208,21933.785
1769746500000,0.2081,0.2104,0.2079,0.2096,239868.241
1769747400000,0.2096,0.2104,0.2094,0.2095,45874.015
1769748300000,0.2098,0.212,0.2098,0.211,81012.129
1769749200000,0.211,0.2112,0.2098,0.2098,33537.045
1769750100000,0.21,0.2103,0.2095,0.2103,63706.477
1769751000000,0.2102,0.2102,0.209,0.2092,30509.544
1769751900000,0.2092,0.2093,0.2087,0.2092,1014.032
1769752800000,0.209,0.209,0.2074,0.2074,4439.687
1769753700000,0.2074,0.2076,0.2058,0.2058,21818.609
1769754600000,0.2058,0.2061,0.2052,0.2057,27405.338
1769755500000,0.2055,0.206,0.2046,0.2057,30527.047
1769756400000,0.2062,0.21,0.2062,0.2096,21687.105
1769757300000,0.2093,0.2098,0.2088,0.209,9129.781
1769758200000,0.2086,0.2087,0.2071,0.2074,28938.343
1769759100000,0.2075,0.209,0.2075,0.2082,39597.283
1769760000000,0.2082,0.2083,0.2076,0.208,6649.245
1769760900000,0.2084,0.2085,0.2079,0.2083,3146.243
1769761800000,0.2076,0.2076,0.2064,0.207,1492.044
1769762700000,0.2074,0.2078,0.2069,0.2078,60061.371
1769763600000,0.2079,0.2086,0.2079,0.2083,45428.898
1769764500000,0.2083,0.2083,0.207,0.2075,3612.013
1769765400000,0.2077,0.209,0.2077,0.2085,7183.197
1769766300000,0.2082,0.2082,0.207,0.208,10368.936
1769767200000,0.2084,0.2087,0.2074,0.2079,17095.439
1769768100000,0.2082,0.2093,0.2081,0.2085,11961.481
1769769000000,0.2085,0.2089,0.208,0.208,7761.975
1769769900000,0.2079,0.2083,0.2077,0.2083,13197.711
1769770800000,0.2084,0.2086,0.208,0.2082,7987.221
1769771700000,0.2082,0.2087,0.2081,0.2083,32950.388
1769772600000,0.2083,0.2087,0.2083,0.2086,2443.662
1769773500000,0.2086,0.2123,0.2086,0.2118,70575.129
1769774400000,0.212,0.212,0.2096,0.2096,129631.026
1769775300000,0.2099,0.2099,0.2086,0.2091,75017.631
1770406200000,0.1656,0.1662,0.1654,0.166,13385.374
1770407100000,0.1661,0.1671,0.1658,0.1669,69003.605
1770408000000,0.1666,0.1668,0.1653,0.1653,7427.605
1770408900000,0.1656,0.1659,0.1649,0.1659,15215.784
1770409800000,0.1656,0.1681,0.1656,0.1662,65928.16
1770410700000,0.1664,0.1669,0.1655,0.1657,12504.643
1770411600000,0.1656,0.166,0.1651,0.1658,27501.377
1770412500000,0.1658,0.167,0.1658,0.1667,13850.076
1770413400000,0.166,0.1666,0.166,0.1666,1999.046
1770414300000,0.1665,0.1667,0.1665,0.1667,604.091
1770415200000,0.1668,0.168,0.1667,0.1679,30294.142
1770416100000,0.1678,0.1688,0.1676,0.1688,18626.32
1770417000000,0.1689,0.1699,0.1686,0.1689,20030.645
1770417900000,0.1689,0.1701,0.1688,0.1701,41334.383
1770418800000,0.1701,0.1706,0.1693,0.1693,50017.775
1770419700000,0.169,0.169,0.1678,0.1687,10467.106
1770420600000,0.1688,0.1697,0.1687,0.1695,12618.428
1770421500000,0.1692,0.1694,0.1689,0.169,3274.569
1770422400000,0.1684,0.1684,0.1674,0.1683,9359.639
1770423300000,0.1682,0.1682,0.1671,0.1673,8113.702
1770424200000,0.1672,0.1672,0.1663,0.1664,67088.655
1770425100000,0.1669,0.1684,0.1667,0.1675,55194.707
1770426000000,0.1674,0.1674,0.1661,0.1662,43421.235
1770426900000,0.1661,0.1674,0.166,0.167,37564.415
1770427800000,0.1669,0.1682,0.1666,0.1677,58522.528
1770428700000,0.1682,0.1699,0.1682,0.1696,22350.136
1770429600000,0.1692,0.1692,0.1685,0.169,24924.319
1770430500000,0.1689,0.1695,0.1688,0.1691,7578.337
1770431400000,0.169,0.1695,0.1689,0.1689,29799.09
1770432300000,0.1684,0.1692,0.1684,0.1692,4662.604
1770433200000,0.1692,0.1717,0.1692,0.171,46799.709
1770434100000,0.171,0.1715,0.1702,0.171,36194.741
1770435000000,0.1709,0.1709,0.1696,0.1705,71411.879
1770435900000,0.1703,0.1703,0.1696,0.1696,7024.778
1770436800000,0.1694,0.171,0.1694,0.1708,8174.717
1770437700000,0.1704,0.1713,0.1696,0.1696,18882.785
1770438600000,0.1698,0.1705,0.169,0.1695,33672.359
1770439500000,0.1695,0.1697,0.1685,0.1687,21145.803
1770440400000,0.1688,0.1697,0.1688,0.1693,37636.878
1770441300000,0.1693,0.1701,0.1687,0.1687,23264.459
1770442200000,0.169,0.1691,0.1684,0.1688,5923.109
1770443100000,0.1687,0.1687,0.168,0.1684,6040.735
1770444000000,0.1687,0.1689,0.1679,0.1686,27652.327
1770444900000,0.1682,0.1685,0.1678,0.1685,7809.047
1770445800000,0.1684,0.1686,0.1678,0.1678,2575.469
1770446700000,0.1676,0.1676,0.1651,0.1651,18550.919
1770447600000,0.1652,0.1661,0.163,0.163,86244.731
1770448500000,0.1629,0.1637,0.1613,0.1629,61759.11
1770449400000,0.163,0.1645,0.162,0.1639,48563.26
1770450300000,0.1639,0.1639,0.1626,0.1626,30536.714
1770451200000,0.1623,0.1629,0.1617,0.1627,42010.036
1770452100000,0.1627,0.1636,0.162,0.1633,50485.58
1770453000000,0.1636,0.164,0.163,0.1634,37817.825
1770453900000,0.1633,0.1641,0.1632,0.164,1912.404
1770454800000,0.1638,0.1643,0.1636,0.1643,22495.038
1770455700000,0.1638,0.1639,0.1628,0.1628,6494.49
1770456600000,0.1629,0.1631,0.1623,0.1626,14737.314
1770457500000,0.1621,0.1626,0.1621,0.1623,2983.674
1770458400000,0.162,0.1625,0.1617,0.1618,14924.782
1770459300000,0.1619,0.1622,0.1618,0.1619,66051.314
1770460200000,0.1619,0.162,0.1607,0.1615,62779.608
1770461100000,0.1614,0.1622,0.1611,0.162,20263.026
1770462000000,0.162,0.162,0.1615,0.1617,7748.375
1770462900000,0.1616,0.1616,0.1613,0.1615,8001.199
1770463800000,0.1617,0.1619,0.1616,0.1616,1304.144
1770464700000,0.1616,0.1622,0.1616,0.1621,9477.42
1770465600000,0.1622,0.1649,0.1622,0.1646,65490.527
1770466500000,0.1645,0.1674,0.1645,0.1663,49019.917
1770467400000,0.167,0.1677,0.166,0.166,12806.541
1770468300000,0.1659,0.1668,0.1659,0.1662,380471.791
1770469200000,0.1664,0.1668,0.1658,0.1658,1394.882
1770470100000,0.1658,0.1659,0.1652,0.1652,6590.127
1770471000000,0.1652,0.1652,0.1641,0.1641,18704.805
1770471900000,0.1641,0.1651,0.1641,0.1651,6137.92
1770472800000,0.1653,0.1654,0.165,0.165,11589.238
1770473700000,0.1648,0.1653,0.1645,0.1649,20520.528
1770474600000,0.1648,0.1648,0.1631,0.1635,376244.574
1770475500000,0.1636,0.1636,0.1626,0.163,10251.021
1770476400000,0.163,0.1644,0.1626,0.1644,35512.345
1770477300000,0.1645,0.1655,0.1641,0.165,21955.243
1770478200000,0.1649,0.1659,0.1649,0.165,4012.301
1770479100000,0.165,0.1651,0.1644,0.165,2022.076
1770480000000,0.1651,0.1695,0.1646,0.168,957417.589
1770480900000,0.168,0.1702,0.1656,0.1668,444401.981
1770481800000,0.1671,0.1672,0.1657,0.1661,15101.777
1770482700000,0.1661,0.1661,0.1653,0.1656,6810.215
1770483600000,0.1657,0.166,0.1649,0.1649,13037.156
1770484500000,0.1651,0.1657,0.1649,0.1657,9103.447
1770485400000,0.1658,0.1669,0.1653,0.1665,4681.421
1770486300000,0.1664,0.1664,0.1656,0.166,10350.992
1770487200000,0.1662,0.1664,0.1661,0.1661,5271.564
1770488100000,0.166,0.168,0.166,0.1673,8699.2
1770489000000,0.1676,0.1688,0.1676,0.1683,29187.725
1770489900000,0.1683,0.1688,0.1678,0.1679,16977.902
1770490800000,0.1678,0.1679,0.1668,0.1668,12093.164
1770491700000,0.1669,0.1672,0.1669,0.167,5191.771
1770492600000,0.1667,0.1667,0.1663,0.1666,2478.479
1770493500000,0.1663,0.1666,0.1661,0.1662,5784.34
1770494400000,0.1664,0.1665,0.1659,0.1661,8107.025
1770495300000,0.166,0.1664,0.1658,0.1663,3605.532
1770496200000,0.1662,0.1666,0.166,0.1664,2659.348
1770497100000,0.1663,0.1672,0.1663,0.1666,40531.726
1770498000000,0.1668,0.1673,0.1663,0.1664,5409.412
1770498900000,0.1664,0.1665,0.1661,0.1664,24508.848
1770499800000,0.1663,0.1665,0.1659,0.166,4731.478
1770500700000,0.1659,0.166,0.1655,0.1659,8018.163
1770501600000,0.1659,0.1668,0.1659,0.1662,34080.671
1770502500000,0.1662,0.1662,0.1656,0.1658,2400.023
1770503400000,0.1663,0.1665,0.1663,0.1664,825.718
1770504300000,0.1661,0.1663,0.166,0.1663,3383.952
1770505200000,0.1664,0.1664,0.1653,0.1654,12647.678
1770506100000,0.1658,0.1659,0.1649,0.1651,11237.731
1770507000000,0.1651,0.1655,0.165,0.1655,24306.215
1770507900000,0.1655,0.1658,0.1654,0.1655,1611.612
1770508800000,0.1652,0.1655,0.1651,0.1651,6355.431
1770509700000,0.1651,0.1651,0.1644,0.1644,1400.913
1770510600000,0.1643,0.1646,0.164,0.164,1733.267
1770511500000,0.164,0.1644,0.1639,0.1643,1792.42
1770512400000,0.1644,0.1649,0.1643,0.1649,2392.466
1770513300000,0.1644,0.1644,0.1637,0.1637,1740.344
1770514200000,0.1639,0.1643,0.1639,0.1643,577.944
1770515100000,0.164,0.1645,0.164,0.1643,723.279
1770516000000,0.1645,0.1649,0.1642,0.1648,44667.796
1770516900000,0.1645,0.1651,0.1641,0.1642,326.156
1770517800000,0.1643,0.1646,0.1639,0.1643,1013.967
1770518700000,0.1644,0.1648,0.1642,0.1647,7236.497
1770519600000,0.1649,0.1649,0.1643,0.1643,2506.748
1770520500000,0.1645,0.1649,0.1642,0.1645,19330.873
1770521400000,0.1644,0.1649,0.1642,0.1644,3477.316
1770522300000,0.1647,0.1647,0.1639,0.164,487.919
1770523200000,0.1638,0.1646,0.1638,0.1639,26265.385
1770524100000,0.1639,0.1645,0.1635,0.1645,26077.29
1770525000000,0.1644,0.1645,0.1638,0.1643,75945.589
1770525900000,0.1642,0.1642,0.164,0.1642,9312.277
1770526800000,0.1642,0.1645,0.1642,0.1644,1270.865
1770527700000,0.1646,0.1646,0.1641,0.1641,298.148
1770528600000,0.1641,0.1641,0.163,0.163,11442.104
1770529500000,0.1629,0.1629,0.1627,0.1627,492.454
1770530400000,0.1633,0.1636,0.1627,0.1636,7523.905
1770531300000,0.1634,0.1637,0.1634,0.1635,2900.439
1770532200000,0.1634,0.1637,0.1633,0.1634,21910.21
1770533100000,0.1635,0.1636,0.1634,0.1635,3203.338
1770534000000,0.1634,0.1637,0.1631,0.1637,13508.892
1770534900000,0.1636,0.1638,0.1628,0.1631,6990.532
1770535800000,0.1631,0.1642,0.1631,0.1638,2112.331
1770536700000,0.1638,0.165,0.1638,0.165,4151.445
1770537600000,0.1649,0.1657,0.1647,0.1649,10304.485
1770538500000,0.1651,0.1665,0.1645,0.1665,88052.506
1770539400000,0.166,0.1677,0.166,0.1662,43770.207
1770540300000,0.1662,0.1668,0.1659,0.1668,6091.521
1770541200000,0.1668,0.167,0.1657,0.1657,4845.966
1770542100000,0.1656,0.1656,0.1652,0.1654,33372.882
1770543000000,0.1654,0.1659,0.1643,0.1643,20734.07
1770543900000,0.1645,0.1648,0.1641,0.1648,486.427
1770544800000,0.1644,0.1651,0.1644,0.1647,25342.216
1770545700000,0.165,0.1651,0.1632,0.1639,24987.141
1770546600000,0.1634,0.1641,0.1634,0.164,7490.914
1770547500000,0.1639,0.1646,0.1639,0.1642,8934.277
1770548400000,0.1644,0.165,0.1644,0.1646,499.723
1770549300000,0.1652,0.1661,0.1652,0.1655,12611.253
1770550200000,0.1654,0.1668,0.1653,0.1661,12560.515
1770551100000,0.1662,0.1668,0.1661,0.1664,48731.217
1770552000000,0.1664,0.1664,0.1658,0.1659,1969.029
1770552900000,0.1659,0.1661,0.1654,0.1661,588.64
1770553800000,0.166,0.166,0.1653,0.1653,2103.243
1770554700000,0.1652,0.1662,0.1652,0.1662,8041.539
1770555600000,0.1661,0.1664,0.165,0.1654,12454.089
1770556500000,0.1653,0.1673,0.1653,0.1672,5953.223
1770557400000,0.1672,0.1672,0.1663,0.1666,31536.089
1770558300000,0.1667,0.1673,0.1666,0.167,7338.623
1770559200000,0.1669,0.1674,0.1669,0.1674,7334.818
1770560100000,0.1675,0.1677,0.1666,0.1667,4324.797
1770561000000,0.1669,0.1675,0.1667,0.1668,12773.5
1770561900000,0.1669,0.167,0.1667,0.1667,28316.401
1770562800000,0.1667,0.167,0.1661,0.1662,39723.97
1770563700000,0.1663,0.1667,0.1643,0.1644,88907.219
1770564600000,0.1646,0.1654,0.1646,0.1651,13302.187
1770565500000,0.1653,0.1653,0.1645,0.1649,29764.193
1770566400000,0.1648,0.1649,0.1646,0.1647,2322.498
1770567300000,0.1649,0.1654,0.1648,0.165,5817.219
1770568200000,0.1645,0.1647,0.1626,0.1627,14002.505
1770569100000,0.1626,0.1626,0.1607,0.1613,39740.08
1770570000000,0.1614,0.1626,0.1614,0.1624,7527.84
1770570900000,0.1624,0.1632,0.1619,0.1622,19702.707
1770571800000,0.1622,0.1631,0.1622,0.163,6003.816
1770572700000,0.163,0.1634,0.1627,0.1629,6325.863
1770573600000,0.1632,0.1637,0.1632,0.1634,11359.825
1770574500000,0.1633,0.1636,0.1633,0.1635,4212.37
1770575400000,0.1639,0.1654,0.1637,0.1647,21258.603
1770576300000,0.1646,0.165,0.1643,0.1645,15181.827
1770577200000,0.1642,0.1648,0.164,0.164,4398.763
1770578100000,0.1643,0.1643,0.1641,0.1641,5160.005
1770579000000,0.1641,0.1642,0.1638,0.1642,1184.68
1770579900000,0.1642,0.1647,0.1639,0.1644,5260.286
1770580800000,0.1644,0.1644,0.1628,0.1629,11769.245
1770581700000,0.1628,0.1629,0.1623,0.1624,53674.397
1770582600000,0.1624,0.1629,0.1624,0.1628,2527.26
1770583500000,0.1626,0.1626,0.1616,0.1618,4670.498
1770584400000,0.1618,0.1625,0.1618,0.1624,3366.652
1770585300000,0.1624,0.1627,0.1623,0.1623,26147.065
1770586200000,0.1619,0.1619,0.161,0.161,8530.326
1770587100000,0.161,0.1614,0.1609,0.1614,26014.301
1770588000000,0.1617,0.162,0.1617,0.162,1714.3
1770588900000,0.1623,0.1629,0.1623,0.1629,4570.437
1770589800000,0.1622,0.1624,0.1621,0.1621,4274.645
1770590700000,0.1626,0.1633,0.1626,0.1633,8996.023
1770591600000,0.1636,0.1663,0.1636,0.1638,6576.455
1770592500000,0.1636,0.1637,0.1619,0.1624,6800.421
1770593400000,0.162,0.1623,0.1609,0.1623,25360.419
1770594300000,0.1627,0.1638,0.1627,0.1627,30511.864
1770595200000,0.1625,0.1631,0.1625,0.163,2159.661
1770596100000,0.1631,0.1633,0.1623,0.1623,7592.016
1770597000000,0.1623,0.1631,0.1619,0.1619,12307.944
1770597900000,0.162,0.1629,0.162,0.1627,4976.234
1770598800000,0.1628,0.1634,0.1626,0.1628,179560.262
1770599700000,0.1627,0.1646,0.1624,0.1643,8060.357
1770600600000,0.1639,0.1639,0.1616,0.1622,28081.128
1770601500000,0.1621,0.1632,0.162,0.1627,94121.282
1770602400000,0.1628,0.1628,0.1621,0.1621,18475.567
1770603300000,0.1621,0.1626,0.1621,0.1626,31347.892
1770604200000,0.1626,0.1645,0.1626,0.1644,39101.851
1770605100000,0.1639,0.164,0.1634,0.1634,4980.822
1770606000000,0.1634,0.1638,0.1634,0.1635,793.712
1770606900000,0.1636,0.1638,0.1632,0.1632,44521.747
1770607800000,0.1634,0.1646,0.1634,0.1644,4849.98
1770608700000,0.1643,0.1645,0.164,0.1644,7546.078
1770609600000,0.1644,0.1644,0.1641,0.1641,307.683
1770610500000,0.1637,0.1641,0.1637,0.1639,884.796
1770611400000,0.164,0.164,0.1635,0.1637,2669.182
1770612300000,0.1637,0.1637,0.1634,0.1634,3409.675
1770613200000,0.1633,0.1636,0.1632,0.1632,13036.135
1770614100000,0.1632,0.1638,0.1632,0.1638,7593.732
1770615000000,0.1639,0.1641,0.1638,0.1638,897.098
1770615900000,0.1637,0.1641,0.1637,0.1641,978.078
1770616800000,0.1639,0.1639,0.1628,0.1629,22848.555
1770617700000,0.1629,0.1629,0.1614,0.1617,33251.318
1770618600000,0.1617,0.162,0.1617,0.162,233.991
1770619500000,0.1622,0.1626,0.1621,0.1625,3262.07
1770620400000,0.1624,0.1628,0.1621,0.1627,11186.279
1770621300000,0.1627,0.1629,0.1623,0.1624,17913.38
1770622200000,0.1623,0.1626,0.1617,0.1617,25159.405
1770623100000,0.1618,0.1621,0.1616,0.1618,2021.676
1770624000000,0.1617,0.1622,0.1616,0.1621,17288.569
1770624900000,0.1616,0.1616,0.1605,0.1605,19779.741
1770625800000,0.1605,0.1605,0.1586,0.1599,111891.643
1770626700000,0.1599,0.1603,0.1597,0.1598,16263.783
1770627600000,0.1596,0.16,0.1596,0.1599,17910.604
1770628500000,0.1595,0.1595,0.1589,0.159,34392.672
1770629400000,0.159,0.1595,0.1589,0.1591,38111.233
1770630300000,0.1592,0.1594,0.1587,0.1589,3570.283
1770631200000,0.1588,0.1591,0.1584,0.1584,15847.681
1770632100000,0.1583,0.1583,0.1569,0.1569,46328.691
1770633000000,0.157,0.1571,0.1557,0.1558,87301.285
1770633900000,0.1561,0.1565,0.1558,0.1561,5258.418
1770634800000,0.1568,0.1575,0.1565,0.1565,135357.913
1770635700000,0.1565,0.1571,0.1563,0.1571,4433.322
1770636600000,0.157,0.1572,0.1567,0.1567,3337.886
1770637500000,0.1568,0.1573,0.1565,0.1572,36402.362
1770638400000,0.1574,0.1583,0.1571,0.1583,32571.871
1770639300000,0.1583,0.1583,0.1577,0.158,3807.362
1770640200000,0.1578,0.1587,0.1578,0.1585,30797.516
1770641100000,0.1584,0.1584,0.1579,0.158,234.616
1770642000000,0.1582,0.1588,0.1579,0.1587,8223.398
1770642900000,0.1585,0.1586,0.1582,0.1583,1393.459
1770643800000,0.1581,0.1581,0.1575,0.1581,2925.754
1770644700000,0.1579,0.1579,0.1569,0.157,4339.299
1770645600000,0.157,0.1574,0.1565,0.1566,6634.639
1770646500000,0.157,0.1574,0.1564,0.1572,10275.873
1770647400000,0.1571,0.1599,0.1567,0.159,28147.105
1770648300000,0.1586,0.1598,0.1586,0.1594,46880.333
1770649200000,0.1596,0.1609,0.1595,0.1596,24522.119
1770650100000,0.1596,0.1598,0.1582,0.1582,8294.824
1770651000000,0.1585,0.1608,0.1585,0.1608,4496.215
1770651900000,0.1605,0.1605,0.1597,0.1604,62990.215
1770652800000,0.1604,0.1604,0.1586,0.1588,31955.463
1770653700000,0.1591,0.1602,0.1588,0.1602,14094.337
1770654600000,0.1601,0.1612,0.1594,0.1612,27768.912
1770655500000,0.161,0.1624,0.1609,0.1614,12635.352
1770656400000,0.1611,0.1615,0.1603,0.1605,18835.569
1770657300000,0.1604,0.1608,0.16,0.1603,5667.799
1770658200000,0.1607,0.1637,0.1607,0.1634,21850.938
1770659100000,0.1634,0.1634,0.1627,0.1629,6737.519
1770660000000,0.1628,0.1635,0.1623,0.1623,3955.583
1770660900000,0.1623,0.1623,0.1608,0.1613,24862.799
1770661800000,0.1614,0.162,0.1612,0.1617,6192.08
1770662700000,0.1618,0.1619,0.1614,0.1616,5194.282
1770663600000,0.1617,0.1618,0.1614,0.1614,1117.089
1770664500000,0.1616,0.1616,0.1613,0.1614,679.506
1770665400000,0.1622,0.1625,0.1621,0.1625,4652.692
1770666300000,0.1624,0.1632,0.1623,0.1628,9638.887
1770667200000,0.1628,0.1631,0.1623,0.1629,5717.595
1770668100000,0.1628,0.1628,0.1615,0.1616,19216.308
1770669000000,0.1616,0.1626,0.1616,0.1625,4844.293
1770669900000,0.1625,0.1627,0.1625,0.1626,3083.474
1770670800000,0.1626,0.1627,0.1618,0.1618,4208.949
1770671700000,0.1618,0.162,0.1616,0.1619,3726.196
1770672600000,0.1616,0.1616,0.1603,0.1609,3124.52
1770673500000,0.1606,0.1623,0.1606,0.1619,25278.568
1770674400000,0.1619,0.1624,0.1617,0.1624,2129.828
1770675300000,0.1624,0.1624,0.1617,0.162,25358.415
1771306200000,0.171,0.1717,0.1705,0.1717,9320.391
1771307100000,0.1718,0.172,0.1718,0.1719,20549.553
1771308000000,0.1721,0.1725,0.1721,0.1724,3747.146
1771308900000,0.172,0.1725,0.172,0.1725,290.283
1771309800000,0.1726,0.1726,0.1724,0.1726,1460.32
1771310700000,0.1727,0.1728,0.1726,0.1727,897.157
1771311600000,0.1725,0.1725,0.1725,0.1725,2377.017
1771312500000,0.1723,0.1725,0.1719,0.1722,1910.22
1771313400000,0.1719,0.1729,0.1719,0.1727,23858.22
1771314300000,0.1728,0.1728,0.1724,0.1725,3182.759
1771315200000,0.1724,0.1732,0.1724,0.1732,5906.912
1771316100000,0.1732,0.1732,0.1725,0.1726,11616.982
1771317000000,0.1725,0.1725,0.1717,0.1718,2427.86
1771317900000,0.1721,0.1721,0.1718,0.1719,4562.447
1771318800000,0.1719,0.1719,0.1712,0.1712,9731.728
1771319700000,0.1712,0.1713,0.1711,0.1713,736.464
1771320600000,0.1711,0.1711,0.1708,0.171,1945.032
1771321500000,0.1712,0.1712,0.1712,0.1712,95.999
1771322400000,0.1711,0.1719,0.171,0.171,22818.816
1771323300000,0.171,0.171,0.1694,0.1694,39728.968
1771324200000,0.1698,0.1699,0.1698,0.1699,1954.208
1771325100000,0.17,0.17,0.1697,0.17,8063.07
1771326000000,0.1703,0.1706,0.1699,0.1705,10294.511
1771326900000,0.1705,0.1712,0.1704,0.1706,18230.673
1771327800000,0.171,0.1711,0.1705,0.1706,3151.303
1771328700000,0.1705,0.1709,0.1704,0.1709,410.235
1771329600000,0.1707,0.1713,0.1705,0.171,9179.042
1771330500000,0.1709,0.1715,0.1708,0.1715,2774.974
1771331400000,0.1715,0.172,0.1715,0.1716,4224.502
1771332300000,0.1715,0.1715,0.1707,0.1707,2385.052
1771333200000,0.1707,0.1716,0.1703,0.1716,18238.209
1771334100000,0.1716,0.1722,0.1715,0.1718,3109.573
1771335000000,0.1713,0.1714,0.1707,0.1707,908.711
1771335900000,0.1709,0.1722,0.1708,0.1719,17882.582
1771336800000,0.1715,0.172,0.1712,0.1713,14018.608
1771337700000,0.1712,0.1715,0.1711,0.1712,5838.855
1771338600000,0.1713,0.1727,0.1688,0.1694,53608.171
1771339500000,0.1693,0.1694,0.1679,0.1686,48006.4
1771340400000,0.1687,0.1704,0.1687,0.1696,5630.098
1771341300000,0.1694,0.1707,0.1687,0.169,26922.401
1771342200000,0.1689,0.1692,0.1682,0.1692,11911.243
1771343100000,0.1694,0.1709,0.1694,0.1709,16334.774
1771344000000,0.171,0.1731,0.171,0.1721,20759.405
1771344900000,0.172,0.1725,0.1711,0.1711,22959.969
1771345800000,0.171,0.1741,0.171,0.1732,23161.474
1771346700000,0.1729,0.173,0.1723,0.1723,2378.24
1771347600000,0.1722,0.1727,0.1705,0.1708,11468.228
1771348500000,0.1709,0.1713,0.1707,0.1713,8998.677
1771349400000,0.1714,0.1714,0.1701,0.1701,7172.918
1771350300000,0.17,0.1709,0.1697,0.1709,11088.667
1771351200000,0.1711,0.1711,0.1708,0.171,1434.439
1771352100000,0.171,0.1735,0.1707,0.1735,11279.604
1771353000000,0.1735,0.1741,0.1728,0.1735,21972.453
1771353900000,0.1732,0.1736,0.1732,0.1736,1604.611
1771354800000,0.1732,0.1733,0.1728,0.173,24649.583
1771355700000,0.1731,0.1731,0.1719,0.1719,1401.987
1771356600000,0.1718,0.1719,0.1715,0.1718,6113.532
1771357500000,0.172,0.172,0.1715,0.1719,2681.984
1771358400000,0.1717,0.1717,0.171,0.1714,7179.698
1771359300000,0.1712,0.1714,0.1707,0.1712,7274.344
1771360200000,0.1706,0.1714,0.1704,0.1714,1256.689
1771361100000,0.1713,0.1714,0.1711,0.1712,2807.912
1771362000000,0.171,0.1722,0.171,0.1722,949.586
1771362900000,0.1722,0.1722,0.1716,0.1716,2579.738
1771363800000,0.1713,0.1713,0.171,0.1712,2153.928
1771364700000,0.1712,0.1713,0.1712,0.1713,1827.953
1771365600000,0.1717,0.1719,0.1716,0.1719,290.862
1771366500000,0.1716,0.1716,0.1716,0.1716,2269.157
1771367400000,0.1722,0.1722,0.1718,0.1718,1744.861
1771368300000,0.1718,0.1719,0.1712,0.1713,3053.668
1771369200000,0.1711,0.1712,0.1706,0.1707,9699.922
1771370100000,0.171,0.1716,0.171,0.1716,646.75
1771371000000,0.1709,0.1714,0.1707,0.1713,4704.1
1771371900000,0.1714,0.1714,0.1709,0.1709,2530.927
1771372800000,0.171,0.1716,0.1709,0.1714,3761.978
1771373700000,0.1713,0.1716,0.171,0.171,5004.181
1771374600000,0.1716,0.1716,0.1715,0.1715,9401.153
1771375500000,0.171,0.171,0.1705,0.1705,23232.554
1771376400000,0.1704,0.1705,0.1698,0.1702,6795.548
1771377300000,0.1702,0.1705,0.1702,0.1702,1472.196
1771378200000,0.1699,0.1702,0.1697,0.1701,5457.081
1771379100000,0.1705,0.1706,0.1701,0.1703,2147.239
1771380000000,0.1703,0.1716,0.1702,0.1715,1068.258
1771380900000,0.1711,0.1711,0.1708,0.1708,579.371
1771381800000,0.1709,0.1718,0.1709,0.1716,678.853
1771382700000,0.1713,0.1716,0.1712,0.1716,3556.987
1771383600000,0.1712,0.1713,0.1711,0.1712,5589.053
1771384500000,0.1715,0.1718,0.1713,0.1716,3122.027
1771385400000,0.1717,0.1719,0.1714,0.1716,28683.346
1771386300000,0.1717,0.1717,0.1714,0.1714,120.293
1771387200000,0.1715,0.1716,0.1713,0.1713,355.145
1771388100000,0.1713,0.1714,0.1709,0.1709,11859.861
1771389000000,0.1711,0.1715,0.1711,0.1715,1235.84
1771389900000,0.1715,0.1718,0.1715,0.1715,875.224
1771390800000,0.1711,0.1712,0.171,0.1712,1059.351
1771391700000,0.1715,0.1719,0.1715,0.1719,2786.755
1771392600000,0.1714,0.1714,0.1712,0.1712,5328.843
1771393500000,0.1712,0.1715,0.171,0.171,13606.897
1771394400000,0.171,0.1714,0.1709,0.1713,3907.53
1771395300000,0.1713,0.1717,0.1712,0.1715,5139.725
1771396200000,0.1715,0.1724,0.1715,0.172,11286.84
1771397100000,0.1723,0.1723,0.1709,0.1714,25350.089
1771398000000,0.1716,0.1717,0.1712,0.1712,6204.955
1771398900000,0.1709,0.171,0.1708,0.1709,2201.07
1771399800000,0.1709,0.1721,0.1708,0.1721,3593.693
1771400700000,0.1719,0.1727,0.1718,0.1724,20608.215
1771401600000,0.1724,0.1729,0.1722,0.1724,18382.581
1771402500000,0.1724,0.173,0.1724,0.173,2816.116
1771403400000,0.1729,0.1732,0.1725,0.1726,14083.682
1771404300000,0.1724,0.1724,0.1722,0.1722,1425.266
1771405200000,0.1723,0.1723,0.1721,0.1723,1231.421
1771406100000,0.1723,0.1723,0.172,0.1721,6258.208
1771407000000,0.172,0.1723,0.1719,0.1719,12232.167
1771407900000,0.1719,0.1719,0.1717,0.1717,7519.47
1771408800000,0.1717,0.1725,0.1717,0.1723,30362.655
1771409700000,0.1722,0.1723,0.1719,0.1719,743.907
1771410600000,0.1717,0.1719,0.1712,0.1712,26388.548
1771411500000,0.1712,0.1715,0.1712,0.1712,34438.431
1771412400000,0.1713,0.1714,0.1694,0.1703,14245.228
1771413300000,0.1705,0.1707,0.1705,0.1707,3120.884
1771414200000,0.1705,0.1706,0.1702,0.1706,129.615
1771415100000,0.1707,0.1709,0.1703,0.1704,4330.264
1771416000000,0.1704,0.1709,0.1704,0.1707,8931.955
1771416900000,0.1711,0.1713,0.1707,0.1709,1171.125
1771417800000,0.1707,0.1708,0.1699,0.1708,8885.577
1771418700000,0.1708,0.1711,0.1707,0.1707,33264.441
1771419600000,0.1706,0.1707,0.17,0.1704,10467.405
1771420500000,0.1706,0.1708,0.17,0.1705,46641.193
1771421400000,0.1702,0.1703,0.1696,0.1696,1944.668
1771422300000,0.1696,0.1697,0.1689,0.1696,5057.733
1771423200000,0.1695,0.1701,0.1695,0.1701,36753.948
1771424100000,0.1703,0.1703,0.1693,0.1693,7443.832
1771425000000,0.1692,0.1711,0.169,0.1704,63221.46
1771425900000,0.1707,0.1715,0.1697,0.1709,8697.342
1771426800000,0.1709,0.1718,0.1709,0.1711,10835.272
1771427700000,0.1713,0.1717,0.1711,0.1712,6142.945
1771428600000,0.1711,0.174,0.1711,0.1732,36254.182
1771429500000,0.1734,0.1736,0.1722,0.1722,6187.281
1771430400000,0.1721,0.1722,0.171,0.1712,20726.944
1771431300000,0.1715,0.1716,0.171,0.1713,6072.432
1771432200000,0.1713,0.1713,0.1705,0.1708,2667.647
1771433100000,0.1706,0.1706,0.1696,0.1699,24177.614
1771434000000,0.1699,0.1714,0.1699,0.17,5037.696
1771434900000,0.1704,0.1705,0.1699,0.1699,5052.019
1771435800000,0.1697,0.1697,0.1686,0.1689,40848.204
1771436700000,0.1689,0.169,0.1685,0.1687,8707.634
1771437600000,0.1687,0.169,0.1685,0.1686,1609.914
1771438500000,0.1686,0.1687,0.1672,0.1677,39122.191
1771439400000,0.1676,0.1678,0.1656,0.1661,86286.808
1771440300000,0.1658,0.1669,0.1657,0.1666,14058.678
1771441200000,0.167,0.1675,0.167,0.167,10942.998
1771442100000,0.1668,0.1669,0.1661,0.1662,13925.309
1771443000000,0.1662,0.1662,0.1647,0.1652,18318.368
1771443900000,0.1652,0.1658,0.1646,0.1654,7005.894
1771444800000,0.1655,0.1658,0.1654,0.1654,1142.921
1771445700000,0.1655,0.1655,0.1651,0.1653,6611.734
1771446600000,0.1654,0.1666,0.1654,0.1662,1415.705
1771447500000,0.1666,0.1666,0.1656,0.1656,5816.892
1771448400000,0.1656,0.1656,0.165,0.1653,3035.526
1771449300000,0.1652,0.1655,0.1652,0.1655,4417.769
1771450200000,0.1655,0.1658,0.1655,0.1655,849.474
1771451100000,0.1653,0.1653,0.1643,0.1645,9753.18
1771452000000,0.1645,0.1649,0.1635,0.1636,20293.366
1771452900000,0.1637,0.1639,0.1633,0.1634,33980.863
1771453800000,0.164,0.1642,0.164,0.1642,693.987
1771454700000,0.1643,0.1644,0.1642,0.1643,10646.877
1771455600000,0.164,0.164,0.1634,0.1634,6898.339
1771456500000,0.1636,0.1638,0.1636,0.1637,2733.56
1771457400000,0.1635,0.164,0.1635,0.1638,897.309
1771458300000,0.1639,0.1642,0.1639,0.164,7539.268
1771459200000,0.1637,0.164,0.1634,0.1634,2990.158
1771460100000,0.1634,0.1638,0.163,0.1632,7242.792
1771461000000,0.1633,0.1642,0.1632,0.164,6673.957
1771461900000,0.164,0.164,0.1634,0.1634,40297.441
1771462800000,0.1635,0.1646,0.1635,0.1645,91109.217
1771463700000,0.164,0.164,0.1632,0.1636,12825.786
1771464600000,0.1638,0.1647,0.1632,0.1647,9616.13
1771465500000,0.1648,0.165,0.164,0.1649,46590.482
1771466400000,0.1649,0.1651,0.1647,0.1648,3685.782
1771467300000,0.1648,0.1657,0.1648,0.1656,9431.424
1771468200000,0.1655,0.1656,0.1649,0.1649,21790.877
1771469100000,0.165,0.1653,0.1649,0.1653,3100.096
1771470000000,0.1652,0.1654,0.1649,0.165,2547.02
1771470900000,0.1655,0.1658,0.1655,0.1657,2165.706
1771471800000,0.1656,0.1656,0.165,0.1653,20071.605
1771472700000,0.1652,0.1656,0.165,0.1656,10357.909
1771473600000,0.1656,0.1663,0.1656,0.1661,12488.869
1771474500000,0.1662,0.1664,0.1659,0.1663,2300.576
1771475400000,0.1662,0.1669,0.1662,0.1666,1912.48
1771476300000,0.1666,0.1666,0.1662,0.1664,3262.702
1771477200000,0.1662,0.1665,0.1656,0.1658,10653.408
1771478100000,0.1657,0.1659,0.1649,0.1651,15285.577
1771479000000,0.1655,0.1658,0.1655,0.1657,4795.886
1771479900000,0.1655,0.1659,0.1654,0.1655,13491.818
1771480800000,0.1654,0.1662,0.1654,0.1661,7369.44
1771481700000,0.1661,0.1669,0.1661,0.1669,38358.316
1771482600000,0.167,0.1672,0.1663,0.1663,8228.684
1771483500000,0.1663,0.1667,0.1663,0.1666,594.198
1771484400000,0.1667,0.1667,0.1661,0.1664,880.863
1771485300000,0.1663,0.1665,0.1662,0.1665,1106.608
1771486200000,0.1665,0.1669,0.1659,0.1661,16598.596
1771487100000,0.1662,0.1663,0.1659,0.166,776.384
1771488000000,0.1661,0.1661,0.1647,0.1647,46649.517
1771488900000,0.1646,0.1647,0.1639,0.1639,4891.899
1771489800000,0.1638,0.1638,0.1624,0.163,15385.832
1771490700000,0.1628,0.1636,0.1628,0.1636,9053.52
1771491600000,0.1637,0.1639,0.1634,0.1637,2129.823
1771492500000,0.1638,0.1647,0.1638,0.1644,32553.684
1771493400000,0.1648,0.1648,0.1643,0.1643,602.806
1771494300000,0.1639,0.1639,0.1635,0.1637,2183.623
1771495200000,0.1637,0.1637,0.163,0.1636,22092.072
1771496100000,0.1639,0.1647,0.1639,0.1646,540.826
1771497000000,0.1646,0.1647,0.1643,0.1646,774.585
1771497900000,0.1642,0.1643,0.1638,0.164,754.847
1771498800000,0.1638,0.1639,0.1633,0.1638,211290.812
1771499700000,0.164,0.1644,0.1637,0.1643,34282.641
1771500600000,0.1642,0.1644,0.1639,0.1644,22117.358
1771501500000,0.1642,0.1642,0.1633,0.1633,2780.119
1771502400000,0.1633,0.1636,0.1629,0.1632,13359.701
1771503300000,0.1632,0.1633,0.1628,0.1633,4988.802
1771504200000,0.1634,0.1635,0.1629,0.1632,19611.91
1771505100000,0.1631,0.1631,0.1618,0.1618,13720.417
1771506000000,0.1619,0.1622,0.1603,0.1606,56684.288
1771506900000,0.1608,0.1609,0.1605,0.1605,14930.256
1771507800000,0.1605,0.1608,0.1594,0.1598,31890.403
1771508700000,0.1598,0.1603,0.1593,0.1602,55517.305
1771509600000,0.1604,0.1608,0.1602,0.1602,37042.041
1771510500000,0.1601,0.1607,0.1596,0.1605,8976.181
1771511400000,0.1604,0.1615,0.1598,0.1608,25554.693
1771512300000,0.1606,0.1621,0.1603,0.1609,23585.676
1771513200000,0.1615,0.162,0.1594,0.1594,12740.327
1771514100000,0.1594,0.1607,0.1592,0.16,14407.41
1771515000000,0.1597,0.1611,0.1597,0.1609,4087.644
1771515900000,0.1609,0.1612,0.1599,0.1601,35058.722
1771516800000,0.1603,0.1603,0.1584,0.1595,13105.712
1771517700000,0.1596,0.1606,0.1593,0.1593,18087.836
1771518600000,0.16,0.1605,0.16,0.1603,5353.905
1771519500000,0.1604,0.1604,0.1596,0.1599,9497.889
1771520400000,0.1599,0.1611,0.1598,0.1611,14804.459
1771521300000,0.1607,0.162,0.1602,0.1602,31702.893
1771522200000,0.1602,0.1604,0.1595,0.1599,5289.343
1771523100000,0.1598,0.1601,0.1592,0.1594,11501.114
1771524000000,0.16,0.1607,0.1597,0.1607,4544.273
1771524900000,0.1606,0.1615,0.16,0.1615,22046.011
1771525800000,0.1615,0.1617,0.1608,0.1617,11570.417
1771526700000,0.1617,0.1619,0.1616,0.1617,5260.163
1771527600000,0.1615,0.1617,0.161,0.161,4416.461
1771528500000,0.1609,0.1611,0.1606,0.1606,1920.739
1771529400000,0.1606,0.1606,0.1602,0.1604,4454.552
1771530300000,0.1606,0.1617,0.1601,0.161,16981.706
1771531200000,0.1611,0.1613,0.1608,0.1611,4605.885
1771532100000,0.1609,0.1611,0.1609,0.1611,263.89
1771533000000,0.1611,0.1616,0.1611,0.1614,4962.052
1771533900000,0.1615,0.1623,0.1614,0.1614,7101.633
1771534800000,0.1617,0.1617,0.1613,0.1616,2681.224
1771535700000,0.1617,0.1619,0.1616,0.1618,1155.653
1771536600000,0.1617,0.162,0.1616,0.1618,19189.475
1771537500000,0.1616,0.1616,0.1613,0.1613,977.68
1771538400000,0.1613,0.1617,0.1611,0.1614,7678.735
1771539300000,0.1615,0.1615,0.1608,0.1608,7526.67
1771540200000,0.1608,0.1608,0.1608,0.1608,0.0
1771541100000,0.161,0.1614,0.161,0.1614,3761.273
1771542000000,0.1615,0.1617,0.1614,0.1615,17730.249
1771542900000,0.1617,0.1621,0.1617,0.1621,9848.435
1771543800000,0.162,0.1624,0.162,0.1624,16050.774
1771544700000,0.1625,0.1629,0.1625,0.1629,4586.943
1771545600000,0.1629,0.1629,0.1621,0.1622,7496.892
1771546500000,0.1626,0.1635,0.1623,0.1635,10954.722
1771547400000,0.1636,0.1647,0.1632,0.1638,18784.58
1771548300000,0.1637,0.1638,0.1635,0.1636,4330.477
1771549200000,0.1636,0.1636,0.1632,0.1635,8013.865
1771550100000,0.1638,0.1638,0.1629,0.1629,3657.195
1771551000000,0.163,0.164,0.1629,0.164,38254.074
1771551900000,0.1639,0.164,0.1634,0.1637,12400.929
1771552800000,0.1638,0.1654,0.1638,0.1647,50758.373
1771553700000,0.1646,0.1646,0.1639,0.164,9052.943
1771554600000,0.1641,0.1644,0.1641,0.1641,971.961
1771555500000,0.1642,0.1643,0.1636,0.1638,1909.034
1771556400000,0.1637,0.1644,0.1637,0.1643,11812.67
1771557300000,0.1638,0.1646,0.1637,0.1643,9161.15
1771558200000,0.1644,0.1646,0.1639,0.164,7945.784
1771559100000,0.164,0.164,0.1639,0.1639,315.631
1771560000000,0.1641,0.1641,0.1634,0.1634,2435.379
1771560900000,0.1633,0.1633,0.1625,0.1627,12285.021
1771561800000,0.1628,0.1632,0.1628,0.1632,2815.515
1771562700000,0.1629,0.1629,0.1624,0.1624,419.774
1771563600000,0.1626,0.1627,0.1622,0.1624,10323.603
1771564500000,0.1624,0.1624,0.162,0.1624,2741.54
1771565400000,0.1629,0.1647,0.1629,0.1644,15717.533
1771566300000,0.1649,0.165,0.1646,0.1647,3048.696
1771567200000,0.1644,0.1645,0.164,0.1642,3853.915
1771568100000,0.1641,0.1642,0.1639,0.164,2520.14
1771569000000,0.1638,0.1643,0.1637,0.164,866.586
1771569900000,0.1638,0.1641,0.1638,0.164,1466.242
1771570800000,0.1641,0.1642,0.1636,0.164,11935.823
1771571700000,0.164,0.1641,0.1638,0.1638,416.244
1771572600000,0.1638,0.1642,0.1638,0.164,17980.302
1771573500000,0.164,0.1646,0.164,0.1646,8671.565
1771574400000,0.1647,0.1648,0.1641,0.1641,3493.002
1771575300000,0.1643,0.1646,0.1641,0.1646,7412.58
1772206200000,0.1596,0.1596,0.1588,0.1594,40475.216
1772207100000,0.1596,0.16,0.1594,0.1595,4424.972
1772208000000,0.1593,0.1593,0.1582,0.1588,9058.056
1772208900000,0.1587,0.1596,0.1586,0.1596,5983.229
1772209800000,0.1592,0.1597,0.1586,0.1586,5311.336
1772210700000,0.1586,0.1587,0.158,0.158,6731.214
1772211600000,0.1581,0.1583,0.1571,0.1572,32354.159
1772212500000,0.1572,0.1572,0.1568,0.1571,804.316
1772213400000,0.1571,0.1583,0.157,0.158,7842.706
1772214300000,0.1584,0.1591,0.1584,0.159,9123.275
1772215200000,0.1588,0.1591,0.1586,0.1588,2232.773
1772216100000,0.1588,0.1588,0.1584,0.1584,1893.072
1772217000000,0.1586,0.1586,0.1586,0.1586,97.387
1772217900000,0.1589,0.1589,0.158,0.158,802.469
1772218800000,0.158,0.158,0.1571,0.1571,4197.043
1772219700000,0.1574,0.1574,0.1574,0.1574,1743.185
1772220600000,0.157,0.157,0.1563,0.1563,17982.513
1772221500000,0.1564,0.1571,0.1564,0.1569,4666.378
1772222400000,0.1571,0.1575,0.157,0.1575,4693.011
1772223300000,0.1573,0.1578,0.1573,0.1577,888.35
1772224200000,0.157,0.157,0.157,0.157,107.487
1772225100000,0.1575,0.1577,0.1572,0.1572,1926.556
1772226000000,0.1571,0.1573,0.1568,0.1569,17203.92
1772226900000,0.1571,0.1572,0.1567,0.1567,4613.072
1772227800000,0.1568,0.1569,0.1564,0.1566,4159.098
1772228700000,0.1567,0.1567,0.1562,0.1565,2173.548
1772229600000,0.1565,0.1567,0.1556,0.1556,7881.348
1772230500000,0.156,0.1561,0.1548,0.1549,20294.283
1772231400000,0.1548,0.1554,0.1533,0.1554,19135.923
1772232300000,0.1554,0.1557,0.1553,0.1554,11359.438
1772233200000,0.156,0.1564,0.1558,0.1558,6048.538
1772234100000,0.1558,0.1561,0.1558,0.1561,12198.824
1772235000000,0.1561,0.1561,0.1559,0.1561,9828.014
1772235900000,0.1559,0.1563,0.1559,0.1563,14746.349
1772236800000,0.1562,0.1566,0.1562,0.1566,5713.112
1772237700000,0.1568,0.1568,0.1564,0.1564,9859.451
1772238600000,0.1563,0.1567,0.1563,0.1566,969.641
1772239500000,0.1567,0.1573,0.1567,0.1572,12600.45
1772240400000,0.1573,0.1573,0.1568,0.1572,5187.446
1772241300000,0.157,0.1571,0.1564,0.1564,10477.663
1772242200000,0.1562,0.1564,0.156,0.1563,2943.35
1772243100000,0.1564,0.1566,0.1564,0.1564,921.3
1772244000000,0.1564,0.1568,0.1562,0.1565,1073.787
1772244900000,0.1565,0.1566,0.1565,0.1566,525.546
1772245800000,0.1566,0.1569,0.1566,0.1567,1864.388
1772246700000,0.1569,0.1569,0.1569,0.1569,833.725
1772247600000,0.1568,0.157,0.1566,0.157,6720.061
1772248500000,0.157,0.1572,0.1569,0.1569,106885.923
1772249400000,0.1564,0.1564,0.1558,0.156,9835.305
1772250300000,0.156,0.1564,0.156,0.1563,489.441
1772251200000,0.1562,0.1562,0.1558,0.1558,3722.956
1772252100000,0.1557,0.156,0.1556,0.156,1741.593
1772253000000,0.1556,0.1558,0.155,0.1557,1509.649
1772253900000,0.1559,0.1561,0.1559,0.1559,48436.515
1772254800000,0.1559,0.1565,0.1558,0.1565,4921.549
1772255700000,0.1564,0.1564,0.1559,0.1559,2588.535
1772256600000,0.1558,0.1558,0.155,0.1552,2378.805
1772257500000,0.1552,0.1554,0.1547,0.1551,123641.955
1772258400000,0.1551,0.1551,0.1544,0.1544,4853.975
1772259300000,0.1544,0.1544,0.151,0.1518,166036.265
1772260200000,0.1518,0.1518,0.1485,0.1504,164700.642
1772261100000,0.1503,0.1503,0.1462,0.1466,84898.922
1772262000000,0.1465,0.149,0.1457,0.1489,41629.123
1772262900000,0.1487,0.1491,0.147,0.1477,97436.014
1772263800000,0.1475,0.1517,0.1475,0.1511,59347.735
1772264700000,0.151,0.151,0.1489,0.149,105752.145
1772265600000,0.1487,0.1491,0.1481,0.1486,29174.061
1772266500000,0.1481,0.1487,0.1475,0.1482,67628.504
1772267400000,0.1479,0.1482,0.1477,0.1477,28442.371
1772268300000,0.1478,0.1481,0.1469,0.147,98159.398
1772269200000,0.147,0.1478,0.1467,0.1478,23489.869
1772270100000,0.1478,0.1481,0.1473,0.1481,73460.35
1772271000000,0.1479,0.1482,0.1469,0.1469,52363.335
1772271900000,0.1468,0.1471,0.1458,0.1458,13290.806
1772272800000,0.1457,0.1457,0.1445,0.1447,77732.072
1772273700000,0.1446,0.1462,0.1446,0.1458,16801.267
1772274600000,0.1457,0.1469,0.1457,0.1462,98693.092
1772275500000,0.1462,0.1465,0.1459,0.1459,31074.01
1772276400000,0.1459,0.1466,0.1459,0.1462,84261.487
1772277300000,0.1463,0.1466,0.1461,0.1464,90101.233
1772278200000,0.1464,0.1469,0.1457,0.146,122786.538
1772279100000,0.1457,0.1459,0.145,0.1452,60579.227
1772280000000,0.1451,0.1455,0.1451,0.1453,79707.215
1772280900000,0.1454,0.1456,0.1452,0.1453,10914.426
1772281800000,0.1455,0.1459,0.1454,0.1457,24581.391
1772282700000,0.1456,0.1456,0.145,0.1455,25718.63
1772283600000,0.1455,0.1462,0.1454,0.1462,70868.164
1772284500000,0.1463,0.1467,0.1459,0.1461,15312.143
1772285400000,0.146,0.1462,0.1454,0.1462,19620.993
1772286300000,0.1463,0.1505,0.1463,0.1505,233783.159
1772287200000,0.1507,0.1511,0.1483,0.1485,91203.035
1772288100000,0.1484,0.1494,0.1483,0.1491,26963.771
1772289000000,0.149,0.1505,0.1487,0.1499,32055.698
1772289900000,0.1499,0.15,0.1475,0.1478,60314.031
1772290800000,0.1478,0.1481,0.1469,0.1469,29501.981
1772291700000,0.147,0.149,0.147,0.1486,45374.72
1772292600000,0.1483,0.149,0.1481,0.1485,27624.608
1772293500000,0.1484,0.1485,0.148,0.1482,10255.286
1772294400000,0.148,0.148,0.1475,0.1478,17855.074
1772295300000,0.1479,0.1481,0.1477,0.1481,4502.205
1772296200000,0.148,0.1486,0.1475,0.1486,10860.815
1772297100000,0.1483,0.1487,0.1481,0.1487,48707.905
1772298000000,0.1486,0.1486,0.1475,0.1476,10452.454
1772298900000,0.1477,0.1479,0.1474,0.1476,1866.388
1772299800000,0.1478,0.1479,0.1471,0.1472,15855.783
1772300700000,0.1473,0.1488,0.147,0.1488,13690.46
1772301600000,0.1485,0.1488,0.1483,0.1487,9629.798
1772302500000,0.1485,0.1486,0.1482,0.1484,1061.265
1772303400000,0.1484,0.1508,0.1484,0.1504,10784.584
1772304300000,0.1505,0.1525,0.1504,0.1513,23982.045
1772305200000,0.1514,0.1515,0.1508,0.1511,4447.243
1772306100000,0.1509,0.1515,0.1509,0.1512,10743.211
1772307000000,0.1511,0.1543,0.151,0.153,41057.102
1772307900000,0.1533,0.1542,0.1531,0.1536,13523.898
1772308800000,0.1536,0.1553,0.1532,0.1552,5870.479
1772309700000,0.1554,0.1569,0.1554,0.1561,34568.074
1772310600000,0.1561,0.1565,0.1552,0.1556,35724.943
1772311500000,0.1555,0.1567,0.1555,0.1564,18714.465
1772312400000,0.1564,0.1564,0.1544,0.1549,15881.97
1772313300000,0.1547,0.1582,0.1543,0.155,610402.8
1772314200000,0.155,0.156,0.1548,0.1555,8866.247
1772315100000,0.1556,0.1561,0.1552,0.1557,5996.609
1772316000000,0.1557,0.1571,0.1557,0.1567,8745.459
1772316900000,0.1567,0.1575,0.1566,0.1569,45753.462
1772317800000,0.157,0.1587,0.157,0.1579,23867.92
1772318700000,0.1577,0.1582,0.1571,0.1575,60303.374
1772319600000,0.1575,0.1576,0.1571,0.1572,14528.393
1772320500000,0.1572,0.1574,0.1571,0.1574,23524.477
1772321400000,0.1573,0.1574,0.1564,0.1566,21875.022
1772322300000,0.1567,0.1572,0.1566,0.1569,9337.28
1772323200000,0.157,0.1573,0.1559,0.156,9818.409
1772324100000,0.156,0.1564,0.1555,0.1555,148452.895
1772325000000,0.1556,0.1556,0.1551,0.1556,18084.186
1772325900000,0.156,0.1562,0.1558,0.1559,4527.138
1772326800000,0.156,0.156,0.1542,0.1545,66591.039
1772327700000,0.1544,0.155,0.154,0.1548,96638.946
1772328600000,0.1549,0.1565,0.1549,0.1561,2956.954
1772329500000,0.1562,0.1596,0.1562,0.1584,39867.227
1772330400000,0.1591,0.1621,0.1591,0.1611,40337.082
1772331300000,0.1614,0.1616,0.1599,0.1606,13943.889
1772332200000,0.1605,0.161,0.1599,0.161,5555.784
1772333100000,0.1611,0.1612,0.1602,0.1605,67508.558
1772334000000,0.1608,0.1611,0.1603,0.1603,8435.748
1772334900000,0.1601,0.1607,0.1592,0.1596,3052.819
1772335800000,0.1596,0.16,0.1594,0.16,49672.901
1772336700000,0.1598,0.1598,0.1586,0.159,12419.574
1772337600000,0.1593,0.1598,0.159,0.1594,581.931
1772338500000,0.1588,0.1589,0.1576,0.1589,26748.578
1772339400000,0.159,0.1597,0.159,0.1596,52284.256
1772340300000,0.1596,0.1598,0.1594,0.1598,8252.0
1772341200000,0.1598,0.1604,0.1596,0.1602,11230.713
1772342100000,0.1599,0.1601,0.1598,0.1599,2429.552
1772343000000,0.1601,0.1606,0.1598,0.1602,14083.127
1772343900000,0.1604,0.1605,0.1602,0.1604,6534.236
1772344800000,0.1603,0.1603,0.1585,0.1589,89083.87
1772345700000,0.1589,0.1593,0.1588,0.1589,5436.522
1772346600000,0.1587,0.1587,0.1579,0.1583,27328.591
1772347500000,0.1582,0.1582,0.1577,0.1581,21337.756
1772348400000,0.1583,0.1583,0.1576,0.1579,19705.024
1772349300000,0.1583,0.1583,0.1576,0.1578,20809.772
1772350200000,0.1577,0.1587,0.1574,0.1584,48351.383
1772351100000,0.1586,0.1588,0.1584,0.1588,5399.544
1772352000000,0.1588,0.1591,0.1583,0.1591,22850.119
1772352900000,0.1591,0.1591,0.158,0.158,20576.066
1772353800000,0.158,0.158,0.1574,0.1576,22075.107
1772354700000,0.1576,0.1576,0.155,0.1554,40086.32
1772355600000,0.1556,0.1561,0.1546,0.1555,17134.858
1772356500000,0.1556,0.1565,0.1556,0.1559,7144.58
1772357400000,0.156,0.156,0.155,0.1553,46145.109
1772358300000,0.155,0.1553,0.1544,0.1547,71650.676
1772359200000,0.1549,0.1552,0.1543,0.1552,28007.937
1772360100000,0.1548,0.1549,0.1547,0.1549,6496.415
1772361000000,0.155,0.1553,0.1549,0.1551,1812.416
1772361900000,0.1554,0.1554,0.1553,0.1554,681.27
1772362800000,0.1553,0.1553,0.155,0.1552,435.038
1772363700000,0.1552,0.1552,0.1552,0.1552,194.288
1772364600000,0.1553,0.1553,0.155,0.155,1524.648
1772365500000,0.1548,0.155,0.1545,0.1548,46763.498
1772366400000,0.1548,0.1548,0.1544,0.1547,6199.606
1772367300000,0.1545,0.1546,0.1545,0.1545,1763.511
1772368200000,0.1545,0.1546,0.1539,0.1543,30395.09
1772369100000,0.1542,0.1542,0.1532,0.1532,28316.364
1772370000000,0.1532,0.1534,0.1528,0.1534,2809.888
1772370900000,0.1534,0.1534,0.1523,0.153,51181.363
1772371800000,0.1526,0.1528,0.1526,0.1528,1666.328
1772372700000,0.1528,0.1569,0.1527,0.1563,122562.891
1772373600000,0.1559,0.1572,0.1555,0.1568,49284.317
1772374500000,0.1568,0.157,0.1552,0.1556,18952.323
1772375400000,0.1561,0.1561,0.1545,0.1546,39511.091
1772376300000,0.1547,0.1557,0.1547,0.1557,12775.191
1772377200000,0.1557,0.1558,0.1557,0.1558,11732.419
1772378100000,0.156,0.1564,0.1558,0.1559,11332.268
1772379000000,0.1561,0.1563,0.1559,0.1563,5170.769
1772379900000,0.1563,0.1564,0.1557,0.1557,19159.553
1772380800000,0.1558,0.1565,0.1549,0.1561,20836.696
1772381700000,0.1559,0.1561,0.1552,0.156,77505.104
1772382600000,0.1558,0.1559,0.1556,0.1556,693.514
1772383500000,0.1553,0.1553,0.1523,0.1529,44216.311
1772384400000,0.153,0.153,0.1522,0.1527,37340.91
1772385300000,0.1528,0.1528,0.151,0.1519,24403.832
1772386200000,0.1518,0.152,0.1513,0.1519,2948.701
1772387100000,0.1519,0.1521,0.1512,0.1512,8517.377
1772388000000,0.1513,0.1538,0.1513,0.1534,29885.221
1772388900000,0.1534,0.1536,0.1529,0.153,5655.955
1772389800000,0.1528,0.153,0.1523,0.1526,25801.956
1772390700000,0.1527,0.1527,0.152,0.152,3377.309
1772391600000,0.1516,0.1516,0.1509,0.1509,3042.207
1772392500000,0.1508,0.1508,0.1503,0.1503,4092.098
1772393400000,0.1502,0.1509,0.15,0.15,97373.531
1772394300000,0.1502,0.1509,0.1502,0.1506,23231.3
1772395200000,0.1505,0.1505,0.1489,0.1489,30050.802
1772396100000,0.149,0.149,0.1486,0.1486,11295.821
1772397000000,0.1485,0.1487,0.1479,0.1481,62744.035
1772397900000,0.1483,0.1485,0.1478,0.1483,17730.421
1772398800000,0.1484,0.1488,0.148,0.1488,51250.067
1772399700000,0.1489,0.1501,0.1489,0.1498,19779.005
1772400600000,0.1499,0.1501,0.1498,0.1498,2899.59
1772401500000,0.1499,0.1499,0.1498,0.1498,1458.554
1772402400000,0.1498,0.1526,0.1496,0.1515,250205.077
1772403300000,0.1511,0.1517,0.1504,0.1504,51659.119
1772404200000,0.1508,0.1509,0.1494,0.1504,11775.321
1772405100000,0.1501,0.1501,0.1496,0.1496,9153.427
1772406000000,0.1495,0.1519,0.1494,0.151,45896.032
1772406900000,0.1509,0.1509,0.1501,0.1501,3875.215
1772407800000,0.15,0.1507,0.15,0.1505,8595.666
1772408700000,0.1505,0.1508,0.1504,0.1506,5102.104
1772409600000,0.1505,0.1511,0.1505,0.1511,1942.679
1772410500000,0.1507,0.1509,0.1507,0.1509,2716.686
1772411400000,0.151,0.1526,0.1509,0.1526,2699.116
1772412300000,0.1527,0.1531,0.1523,0.1525,8971.104
1772413200000,0.1524,0.1541,0.1523,0.1536,5488.529
1772414100000,0.1537,0.154,0.152,0.152,6979.648
1772415000000,0.1522,0.1528,0.1522,0.1526,1707.54
1772415900000,0.1527,0.1528,0.1522,0.1524,10277.652
1772416800000,0.1525,0.1527,0.1506,0.1511,9146.883
1772417700000,0.1513,0.1517,0.1513,0.1516,1171.877
1772418600000,0.1521,0.1524,0.152,0.152,837.304
1772419500000,0.1521,0.1521,0.1516,0.1517,4045.719
1772420400000,0.1515,0.1522,0.1511,0.1519,8551.507
1772421300000,0.1519,0.153,0.1519,0.1529,15834.568
1772422200000,0.1528,0.1532,0.1526,0.1528,83958.583
1772423100000,0.1528,0.1532,0.1527,0.1527,7406.202
1772424000000,0.1528,0.1528,0.152,0.1522,19999.482
1772424900000,0.1522,0.1525,0.1519,0.1524,9640.017
1772425800000,0.1524,0.1526,0.1524,0.1525,5898.915
1772426700000,0.1525,0.1525,0.1519,0.1519,6792.106
1772427600000,0.1515,0.1515,0.1509,0.1513,4737.494
1772428500000,0.1513,0.1513,0.1512,0.1512,5123.358
1772429400000,0.1515,0.1523,0.1515,0.1523,1224.291
1772430300000,0.1523,0.1523,0.151,0.151,1438.338
1772431200000,0.1508,0.1508,0.1501,0.1502,13403.66
1772432100000,0.1503,0.1504,0.1488,0.1493,30236.954
1772433000000,0.1495,0.15,0.1495,0.15,42474.323
1772433900000,0.1499,0.1499,0.1494,0.1495,50417.51
1772434800000,0.1494,0.1494,0.148,0.148,50686.694
1772435700000,0.148,0.1486,0.1476,0.1483,16745.969
1772436600000,0.1482,0.1488,0.1482,0.1487,7265.392
1772437500000,0.1486,0.1486,0.1481,0.1481,34784.01
1772438400000,0.1479,0.1481,0.1468,0.148,75608.883
1772439300000,0.1481,0.1482,0.1472,0.1473,8259.114
1772440200000,0.1473,0.1484,0.1472,0.1484,5715.43
1772441100000,0.1484,0.1495,0.1484,0.1494,3443.061
1772442000000,0.149,0.1499,0.149,0.1498,9280.741
1772442900000,0.1497,0.1501,0.1495,0.1495,33446.877
1772443800000,0.1495,0.1496,0.1492,0.1495,3955.327
1772444700000,0.1493,0.1493,0.149,0.149,9861.634
1772445600000,0.1488,0.1496,0.1488,0.1489,16617.383
1772446500000,0.1491,0.1493,0.1489,0.149,14020.985
1772447400000,0.1488,0.1491,0.1486,0.1488,3626.165
1772448300000,0.1489,0.1489,0.1483,0.1485,2614.261
1772449200000,0.1485,0.1487,0.148,0.1482,10478.313
1772450100000,0.1483,0.1486,0.1479,0.1482,27122.336
1772451000000,0.1483,0.1486,0.1483,0.1484,8305.345
1772451900000,0.1483,0.1488,0.1483,0.1485,44178.611
1772452800000,0.1487,0.1488,0.1487,0.1488,18192.536
1772453700000,0.1487,0.1487,0.1481,0.1482,8610.97
1772454600000,0.1482,0.1482,0.1477,0.1477,32177.248
1772455500000,0.1478,0.1481,0.1478,0.1478,608.662
1772456400000,0.1478,0.1479,0.1473,0.1473,7663.559
1772457300000,0.1473,0.148,0.147,0.147,34069.852
1772458200000,0.1477,0.1477,0.147,0.147,7127.102
1772459100000,0.1471,0.1471,0.1466,0.1467,5968.945
1772460000000,0.1467,0.1476,0.1467,0.1474,6002.217
1772460900000,0.1476,0.1478,0.1466,0.1473,39116.949
1772461800000,0.1474,0.1513,0.1474,0.151,45366.636
1772462700000,0.1509,0.1526,0.1505,0.1523,123500.552
1772463600000,0.1524,0.1559,0.1522,0.1558,99850.001
1772464500000,0.1558,0.1579,0.1555,0.1566,184784.202
1772465400000,0.1568,0.157,0.1551,0.157,163380.662
1772466300000,0.1571,0.1579,0.1557,0.1569,52145.445
1772467200000,0.157,0.1597,0.1561,0.1593,78395.722
1772468100000,0.1595,0.1595,0.1572,0.1572,214082.212
1772469000000,0.1573,0.1576,0.1551,0.1576,136067.783
1772469900000,0.1573,0.1584,0.1566,0.1566,35899.11
1772470800000,0.1565,0.1567,0.1551,0.1552,31825.87
1772471700000,0.1552,0.1555,0.1537,0.1543,29261.844
1772472600000,0.1543,0.1546,0.1517,0.1519,91590.034
1772473500000,0.1517,0.1535,0.1517,0.1535,35233.586
1772474400000,0.1535,0.1536,0.1518,0.1536,16470.167
1772475300000,0.1536,0.1539,0.1532,0.1533,23346.175
1773106200000,0.1446,0.1446,0.1441,0.1443,3115.61
1773107100000,0.1443,0.1456,0.1443,0.1453,10497.047
1773108000000,0.1452,0.1453,0.1448,0.1452,14930.194
1773108900000,0.1451,0.1455,0.1451,0.1455,36947.409
1773109800000,0.1456,0.1476,0.1455,0.1474,100902.349
1773110700000,0.1474,0.1479,0.147,0.1471,13351.345
1773111600000,0.1472,0.1474,0.1467,0.1471,15379.428
1773112500000,0.1472,0.1474,0.1471,0.1473,14806.795
1773113400000,0.1473,0.1473,0.1466,0.1466,34990.899
1773114300000,0.1465,0.1465,0.1457,0.1459,16181.423
1773115200000,0.1459,0.1464,0.1459,0.1462,4181.583
1773116100000,0.1463,0.1467,0.1462,0.1467,48770.109
1773117000000,0.1467,0.147,0.1466,0.147,9114.302
1773117900000,0.1468,0.1472,0.1466,0.147,7346.817
1773118800000,0.1469,0.1472,0.1468,0.1468,32494.732
1773119700000,0.1468,0.1471,0.1464,0.1465,10470.735
1773120600000,0.1464,0.1465,0.1458,0.1459,3567.095
1773121500000,0.1458,0.146,0.1457,0.146,15733.049
1773122400000,0.1459,0.1461,0.1456,0.146,5783.374
1773123300000,0.146,0.146,0.1453,0.1459,54260.828
1773124200000,0.1459,0.1459,0.1458,0.1458,10054.94
1773125100000,0.1458,0.1461,0.1458,0.1461,18847.958
1773126000000,0.1459,0.147,0.1459,0.1468,19040.722
1773126900000,0.1466,0.1474,0.1465,0.1471,52033.658
1773127800000,0.1469,0.1474,0.1469,0.147,46770.614
1773128700000,0.1469,0.1472,0.1469,0.1472,19278.356
1773129600000,0.1475,0.1486,0.1473,0.1483,44788.766
1773130500000,0.1478,0.1483,0.1478,0.1481,2216.78
1773131400000,0.148,0.1484,0.1477,0.1482,25822.256
1773132300000,0.1481,0.1482,0.1478,0.1478,21569.561
1773133200000,0.148,0.1486,0.1479,0.1486,29470.572
1773134100000,0.1485,0.1494,0.1485,0.1494,35901.146
1773135000000,0.1495,0.15,0.1494,0.1499,71566.661
1773135900000,0.1498,0.1498,0.1493,0.1495,836.532
1773136800000,0.1498,0.1498,0.1491,0.1491,9682.451
1773137700000,0.149,0.149,0.1487,0.149,8353.184
1773138600000,0.1489,0.1493,0.1487,0.149,19532.193
1773139500000,0.1489,0.1497,0.1489,0.1497,7402.699
1773140400000,0.1494,0.1497,0.1488,0.1491,31460.606
1773141300000,0.149,0.1492,0.1489,0.1489,88528.162
1773142200000,0.1487,0.1488,0.1484,0.1484,20265.332
1773143100000,0.1485,0.1488,0.1485,0.1488,5382.925
1773144000000,0.1488,0.1488,0.1482,0.1485,10931.734
1773144900000,0.1484,0.1484,0.1481,0.1481,5606.057
1773145800000,0.148,0.1486,0.1479,0.1486,19408.258
1773146700000,0.1487,0.1488,0.1485,0.1487,834.656
1773147600000,0.1488,0.1499,0.1488,0.1497,19747.213
1773148500000,0.1499,0.15,0.1494,0.1498,20479.822
1773149400000,0.1492,0.1493,0.1473,0.1477,39043.154
1773150300000,0.1482,0.1489,0.1481,0.1482,20787.374
1773151200000,0.1481,0.1485,0.1468,0.147,39681.537
1773152100000,0.147,0.1482,0.1465,0.1482,31366.228
1773153000000,0.1483,0.1498,0.1482,0.1494,79294.284
1773153900000,0.1496,0.1522,0.1495,0.1522,64196.694
1773154800000,0.1523,0.1526,0.1509,0.1511,47058.596
1773155700000,0.1508,0.1514,0.1505,0.1514,33465.574
1773156600000,0.1514,0.1516,0.1501,0.1508,49335.682
1773157500000,0.1507,0.1515,0.1505,0.1514,184306.759
1773158400000,0.1513,0.1515,0.1502,0.1508,163571.634
1773159300000,0.1509,0.153,0.1509,0.1525,110155.952
1773160200000,0.1525,0.1546,0.1523,0.1545,178253.931
1773161100000,0.1545,0.1553,0.1538,0.1552,89786.254
1773162000000,0.1553,0.1569,0.1551,0.1565,156902.23
1773162900000,0.1566,0.157,0.156,0.1566,129789.18
1773163800000,0.1565,0.1568,0.1546,0.1556,153442.644
1773164700000,0.1555,0.1569,0.1552,0.1556,53861.197
1773165600000,0.1556,0.1571,0.1548,0.1548,101738.755
1773166500000,0.1547,0.1554,0.1534,0.1545,150905.933
1773167400000,0.1541,0.1545,0.1532,0.1538,114666.573
1773168300000,0.1536,0.1545,0.1532,0.1536,49618.047
1773169200000,0.1536,0.1539,0.1529,0.1536,35864.126
1773170100000,0.1537,0.1539,0.1522,0.1522,42361.171
1773171000000,0.1523,0.154,0.1522,0.1532,36797.455
1773171900000,0.1534,0.1534,0.1526,0.1528,12722.361
1773172800000,0.1529,0.1537,0.1529,0.1533,21006.025
1773173700000,0.1529,0.1535,0.1528,0.1533,24866.974
1773174600000,0.1534,0.1538,0.1528,0.1528,48297.022
1773175500000,0.1528,0.1528,0.1525,0.1527,20299.612
1773176400000,0.1532,0.1534,0.1526,0.1529,35451.54
1773177300000,0.153,0.1531,0.1524,0.1524,21181.422
1773178200000,0.1524,0.1524,0.152,0.152,383541.646
1773179100000,0.152,0.1521,0.1514,0.1516,356661.526
1773180000000,0.1517,0.152,0.1511,0.1515,36636.498
1773180900000,0.1512,0.1526,0.1512,0.1526,14432.671
1773181800000,0.1526,0.1527,0.1517,0.1517,49547.403
1773182700000,0.1517,0.1517,0.1512,0.1514,36438.581
1773183600000,0.1514,0.1517,0.1514,0.1516,15253.858
1773184500000,0.1519,0.1532,0.1519,0.1531,59230.348
1773185400000,0.1532,0.1539,0.1532,0.1536,141111.896
1773186300000,0.1536,0.1547,0.1536,0.1545,54903.873
1773187200000,0.1545,0.1549,0.154,0.1547,66466.268
1773188100000,0.1544,0.1548,0.1542,0.1546,24657.857
1773189000000,0.1545,0.1545,0.1539,0.1543,9860.371
1773189900000,0.1544,0.1562,0.1544,0.156,59145.74
1773190800000,0.1562,0.1565,0.1553,0.1553,56482.099
1773191700000,0.1553,0.1553,0.1547,0.1549,33850.975
1773192600000,0.155,0.1558,0.1549,0.1557,27448.72
1773193500000,0.1556,0.1563,0.1553,0.1561,26888.18
1773194400000,0.1563,0.1563,0.155,0.155,73225.223
1773195300000,0.155,0.1555,0.1549,0.1554,46825.222
1773196200000,0.1554,0.1559,0.1543,0.1545,52904.475
1773197100000,0.1544,0.1555,0.1541,0.1553,28886.547
1773198000000,0.1554,0.156,0.1549,0.155,11086.915
1773198900000,0.155,0.155,0.154,0.154,22333.606
1773199800000,0.1541,0.1546,0.1541,0.1546,12957.264
1773200700000,0.1546,0.1546,0.1539,0.1539,17582.033
1773201600000,0.154,0.154,0.1531,0.1535,2944.573
1773202500000,0.1536,0.1553,0.1535,0.1552,73394.151
1773203400000,0.1552,0.156,0.1552,0.156,14686.19
1773204300000,0.1559,0.1577,0.1557,0.1577,63073.158
1773205200000,0.1576,0.1578,0.1565,0.1565,60366.838
1773206100000,0.1564,0.1581,0.1562,0.158,131293.493
1773207000000,0.1579,0.158,0.1562,0.1563,348727.891
1773207900000,0.1563,0.1564,0.1551,0.1552,44118.661
1773208800000,0.1552,0.1562,0.1546,0.1562,35255.475
1773209700000,0.156,0.1573,0.156,0.1566,230973.821
1773210600000,0.1566,0.1574,0.1565,0.1566,98091.289
1773211500000,0.1564,0.158,0.1558,0.1578,163366.277
1773212400000,0.1578,0.1587,0.1578,0.1585,113840.355
1773213300000,0.1586,0.1601,0.1586,0.1599,198517.868
1773214200000,0.1598,0.16,0.1572,0.1577,104985.783
1773215100000,0.1577,0.1591,0.1577,0.1588,91850.714
1773216000000,0.1588,0.1591,0.1571,0.1573,79349.951
1773216900000,0.1572,0.1579,0.1567,0.1571,74234.791
1773217800000,0.1571,0.1575,0.1563,0.1574,187370.938
1773218700000,0.1573,0.1581,0.157,0.158,67194.372
1773219600000,0.1577,0.1577,0.1567,0.1567,16756.445
1773220500000,0.1566,0.1571,0.1566,0.1571,42856.011
1773221400000,0.157,0.1571,0.1556,0.1564,39944.465
1773222300000,0.1564,0.1577,0.1558,0.1561,100074.957
1773223200000,0.1563,0.1579,0.1561,0.1572,113783.664
1773224100000,0.1573,0.1589,0.1572,0.1588,37106.847
1773225000000,0.1588,0.1604,0.1587,0.1604,168543.779
1773225900000,0.1603,0.161,0.1597,0.1603,144630.401
1773226800000,0.1603,0.1624,0.16,0.1624,130640.941
1773227700000,0.1624,0.1637,0.162,0.1631,288949.5
1773228600000,0.163,0.1642,0.1614,0.1618,154391.201
1773229500000,0.1618,0.1636,0.1616,0.163,138312.227
1773230400000,0.1631,0.1635,0.161,0.1624,168657.044
1773231300000,0.1626,0.1645,0.162,0.1639,148882.39
1773232200000,0.164,0.1652,0.1624,0.1628,384569.581
1773233100000,0.1627,0.163,0.1613,0.1613,101896.212
1773234000000,0.1613,0.1619,0.1612,0.1619,125617.533
1773234900000,0.1619,0.1631,0.1611,0.1622,173811.638
1773235800000,0.1622,0.1629,0.1617,0.1617,67512.742
1773236700000,0.1616,0.1617,0.159,0.1606,145280.343
1773237600000,0.1607,0.1617,0.1604,0.1609,114950.256
1773238500000,0.161,0.1622,0.1604,0.1611,51268.278
1773239400000,0.1612,0.1615,0.1601,0.1607,118693.028
1773240300000,0.1607,0.1613,0.1607,0.1609,26016.605
1773241200000,0.1607,0.1607,0.1594,0.1607,126552.923
1773242100000,0.1608,0.1621,0.1605,0.1605,104176.533
1773243000000,0.1604,0.1604,0.1586,0.1592,62745.708
1773243900000,0.1593,0.1595,0.1588,0.1591,31591.906
1773244800000,0.1591,0.1592,0.1579,0.1582,80108.849
1773245700000,0.1583,0.1585,0.1576,0.1576,38247.925
1773246600000,0.1576,0.1596,0.1573,0.1596,53000.888
1773247500000,0.1595,0.1598,0.1587,0.1588,58581.352
1773248400000,0.1588,0.1592,0.1584,0.1585,33694.155
1773249300000,0.1585,0.1592,0.1582,0.1588,72053.19
1773250200000,0.1589,0.159,0.1567,0.1582,55070.976
1773251100000,0.1583,0.1593,0.1583,0.1587,97866.14
1773252000000,0.1588,0.1589,0.1583,0.1584,12960.794
1773252900000,0.1583,0.1591,0.1578,0.1591,93707.565
1773253800000,0.1591,0.1591,0.1585,0.1588,25859.377
1773254700000,0.159,0.1603,0.159,0.1601,72914.623
1773255600000,0.1599,0.16,0.1591,0.1593,36263.13
1773256500000,0.1592,0.1598,0.1591,0.1594,21911.169
1773257400000,0.1594,0.1608,0.1591,0.1606,144801.432
1773258300000,0.1606,0.1609,0.16,0.1603,73825.958
1773259200000,0.1602,0.1603,0.1599,0.1602,28547.435
1773260100000,0.1604,0.1609,0.1597,0.1597,38176.642
1773261000000,0.1597,0.1599,0.1594,0.1598,27671.711
1773261900000,0.1598,0.1604,0.1597,0.1604,35306.857
1773262800000,0.1605,0.1606,0.1593,0.1593,29643.39
1773263700000,0.1591,0.16,0.1591,0.1599,13161.723
1773264600000,0.16,0.161,0.16,0.1606,26593.594
1773265500000,0.1604,0.1613,0.1604,0.1611,2638.487
1773266400000,0.1613,0.1619,0.1611,0.1615,53353.656
1773267300000,0.1614,0.1615,0.1612,0.1614,17438.054
1773268200000,0.1613,0.1618,0.1613,0.1615,1516.407
1773269100000,0.1615,0.162,0.1614,0.1619,12703.493
1773270000000,0.1619,0.162,0.1616,0.1619,32050.182
1773270900000,0.1618,0.1618,0.1614,0.1614,84420.048
1773271800000,0.1614,0.1614,0.1599,0.1599,111970.571
1773272700000,0.1602,0.1605,0.1595,0.1605,27345.246
1773273600000,0.1606,0.1614,0.1597,0.1604,48114.05
1773274500000,0.16,0.1602,0.1594,0.1597,17626.868
1773275400000,0.1598,0.16,0.1597,0.16,19509.937
1773276300000,0.16,0.1611,0.1597,0.1606,55621.395
1773277200000,0.1605,0.1605,0.1588,0.1593,69408.014
1773278100000,0.1594,0.1595,0.1588,0.1594,47414.605
1773279000000,0.1592,0.1596,0.1587,0.1596,37685.101
1773279900000,0.1597,0.1597,0.159,0.1593,86669.857
1773280800000,0.1594,0.16,0.1593,0.1594,39233.711
1773281700000,0.1594,0.1594,0.1587,0.1594,46639.619
1773282600000,0.1595,0.1596,0.1587,0.1595,93713.38
1773283500000,0.1597,0.1598,0.1589,0.1593,15100.12
1773284400000,0.1593,0.1599,0.1591,0.1595,31514.171
1773285300000,0.1596,0.1599,0.1592,0.1592,22725.782
1773286200000,0.159,0.1597,0.1589,0.1594,47219.961
1773287100000,0.1591,0.1591,0.1583,0.1589,27425.96
1773288000000,0.159,0.1599,0.159,0.1597,30121.234
1773288900000,0.1597,0.1597,0.1591,0.1592,25149.863
1773289800000,0.159,0.1591,0.1585,0.1585,4658.087
1773290700000,0.1585,0.1586,0.1582,0.1583,25701.312
1773291600000,0.1584,0.1587,0.1573,0.1573,127693.713
1773292500000,0.1573,0.1574,0.1564,0.1564,76778.092
1773293400000,0.1566,0.158,0.1566,0.158,25142.471
1773294300000,0.158,0.1581,0.1576,0.1581,9816.014
1773295200000,0.1581,0.1586,0.1577,0.158,141203.111
1773296100000,0.158,0.158,0.1573,0.1575,62120.251
1773297000000,0.1575,0.1576,0.1572,0.1574,45049.838
1773297900000,0.1574,0.1576,0.1573,0.1575,24209.558
1773298800000,0.1575,0.1576,0.1569,0.157,40732.793
1773299700000,0.1569,0.1573,0.1568,0.1572,7048.319
1773300600000,0.1572,0.158,0.1572,0.1572,36850.132
1773301500000,0.1572,0.1578,0.1572,0.1578,15018.724
1773302400000,0.1578,0.1579,0.157,0.1574,27495.537
1773303300000,0.1574,0.1584,0.1572,0.1583,62875.512
1773304200000,0.1582,0.1592,0.1579,0.1581,126170.818
1773305100000,0.1582,0.1588,0.1582,0.1585,24167.669
1773306000000,0.1585,0.1585,0.1581,0.1581,20832.193
1773306900000,0.1581,0.1581,0.1578,0.1579,38009.087
1773307800000,0.158,0.16,0.1578,0.16,25067.119
1773308700000,0.16,0.16,0.1585,0.1589,18320.765
1773309600000,0.159,0.1594,0.1589,0.159,25364.272
1773310500000,0.1592,0.161,0.1592,0.1606,16195.723
1773311400000,0.1608,0.1609,0.1605,0.1605,18740.99
1773312300000,0.1606,0.161,0.1599,0.1605,73154.672
1773313200000,0.1604,0.1604,0.1594,0.1594,48605.063
1773314100000,0.1595,0.1597,0.1593,0.1595,80110.157
1773315000000,0.1598,0.16,0.1596,0.1599,46517.549
1773315900000,0.16,0.1602,0.1595,0.1601,92533.147
1773316800000,0.1601,0.1607,0.1595,0.1607,2985.624
1773317700000,0.1607,0.1608,0.1604,0.1605,5482.998
1773318600000,0.1605,0.1605,0.1601,0.1604,5148.454
1773319500000,0.1601,0.1606,0.1599,0.16,12676.052
1773320400000,0.16,0.1611,0.16,0.1605,9123.819
1773321300000,0.1604,0.1604,0.1597,0.1602,39597.918
1773322200000,0.16,0.1628,0.16,0.1609,64548.393
1773323100000,0.1607,0.1611,0.1599,0.1608,54937.572
1773324000000,0.161,0.1616,0.1601,0.1601,38554.0
1773324900000,0.1605,0.1608,0.1587,0.1588,62451.81
1773325800000,0.1588,0.1589,0.158,0.1583,138339.598
1773326700000,0.1584,0.1589,0.158,0.1588,12929.601
1773327600000,0.1589,0.1598,0.1589,0.1596,14914.754
1773328500000,0.1596,0.1609,0.1592,0.16,56009.854
1773329400000,0.16,0.1607,0.16,0.1602,17100.197
1773330300000,0.1602,0.1606,0.16,0.16,51072.227
1773331200000,0.1602,0.1608,0.1596,0.1603,23161.435
1773332100000,0.1603,0.1614,0.1603,0.1605,46437.95
1773333000000,0.1604,0.1621,0.1604,0.162,22565.873
1773333900000,0.162,0.1621,0.1614,0.1615,32408.009
1773334800000,0.1616,0.1616,0.1611,0.1613,20851.745
1773335700000,0.1613,0.1613,0.1608,0.1608,12029.055
1773336600000,0.1609,0.1614,0.1608,0.1612,9428.744
1773337500000,0.1613,0.1623,0.1608,0.162,49088.783
1773338400000,0.1621,0.1631,0.1616,0.1627,87462.51
1773339300000,0.1628,0.163,0.1611,0.1616,102656.402
1773340200000,0.1615,0.1621,0.1614,0.1614,22651.291
1773341100000,0.1614,0.1626,0.161,0.1622,110626.916
1773342000000,0.1622,0.163,0.1616,0.1628,110946.958
1773342900000,0.1628,0.1642,0.1628,0.164,122552.105
1773343800000,0.1639,0.1649,0.1639,0.1639,88635.75
1773344700000,0.1639,0.1645,0.1635,0.1635,29157.167
1773345600000,0.1635,0.1659,0.1632,0.1644,126432.638
1773346500000,0.1643,0.1659,0.1642,0.1654,103944.04
1773347400000,0.1654,0.1681,0.1653,0.1676,184737.231
1773348300000,0.1676,0.1678,0.1661,0.1674,123662.257
1773349200000,0.1674,0.168,0.1666,0.1668,61494.39
1773350100000,0.1667,0.17,0.1667,0.17,107284.697
1773351000000,0.17,0.1713,0.1694,0.1713,85823.036
1773351900000,0.1713,0.1726,0.1703,0.1703,123628.177
1773352800000,0.1702,0.1721,0.1694,0.1711,110340.49
1773353700000,0.171,0.1712,0.1699,0.1705,82349.959
1773354600000,0.1706,0.1725,0.1706,0.1719,80106.968
1773355500000,0.1719,0.1722,0.1707,0.1717,83739.774
1773356400000,0.1717,0.1745,0.1715,0.1738,426174.348
1773357300000,0.1737,0.1755,0.1734,0.1745,252197.686
1773358200000,0.1745,0.1755,0.1731,0.1749,111725.403
1773359100000,0.1749,0.1778,0.1749,0.1773,231505.783
1773360000000,0.1773,0.1795,0.1757,0.1795,376362.198
1773360900000,0.1795,0.1854,0.1795,0.1832,910577.927
1773361800000,0.1832,0.1872,0.1829,0.1848,568065.021
1773362700000,0.1847,0.1891,0.1826,0.1848,890321.502
1773363600000,0.185,0.1876,0.1846,0.1871,365181.836
1773364500000,0.1869,0.1896,0.1863,0.1872,336084.886
1773365400000,0.1872,0.1883,0.1843,0.188,337226.572
1773366300000,0.1881,0.1886,0.1859,0.1867,161302.456
1773367200000,0.1868,0.187,0.1851,0.1861,453207.103
1773368100000,0.1862,0.1876,0.1858,0.1872,225401.816
1773369000000,0.1871,0.1871,0.1833,0.1842,329832.932
1773369900000,0.1843,0.1853,0.1837,0.1847,180925.792
1773370800000,0.1848,0.1867,0.1841,0.1855,111866.544
1773371700000,0.1855,0.1887,0.1853,0.187,151660.807
1773372600000,0.1869,0.1871,0.1851,0.1859,248897.516
1773373500000,0.1858,0.1898,0.1856,0.1887,212500.153
1773374400000,0.1887,0.1911,0.1883,0.1897,344363.095
1773375300000,0.1895,0.1905,0.1886,0.1886,167974.811
1774006200000,0.2251,0.2251,0.2225,0.2232,48468.744
1774007100000,0.2232,0.2236,0.2224,0.223,93519.331
1774008000000,0.2233,0.2244,0.2233,0.2235,19494.268
1774008900000,0.2237,0.2239,0.2222,0.2235,42445.39
1774009800000,0.2236,0.2245,0.2229,0.2244,31482.851
1774010700000,0.2246,0.2254,0.2233,0.2237,134842.501
1774011600000,0.2237,0.224,0.2229,0.2238,32246.143
1774012500000,0.2239,0.2278,0.2237,0.2254,40078.81
1774013400000,0.2257,0.2258,0.2227,0.2256,52606.425
1774014300000,0.2256,0.2258,0.2224,0.2229,66638.414
1774015200000,0.2227,0.2249,0.2215,0.2231,55393.886
1774016100000,0.2232,0.2246,0.2212,0.2237,50177.891
1774017000000,0.2237,0.2251,0.2226,0.2229,23509.612
1774017900000,0.2228,0.2234,0.2195,0.2198,136404.837
1774018800000,0.2202,0.2216,0.2189,0.2215,33719.473
1774019700000,0.2214,0.2232,0.2204,0.2212,124290.03
1774020600000,0.2208,0.2234,0.2208,0.2228,77412.998
1774021500000,0.2228,0.2235,0.2218,0.2228,18682.448
1774022400000,0.2228,0.2243,0.2221,0.2237,60248.267
1774023300000,0.2235,0.2246,0.2221,0.2229,53564.639
1774024200000,0.2225,0.2231,0.2214,0.2229,11568.759
1774025100000,0.2229,0.225,0.2221,0.2234,50221.843
1774026000000,0.2234,0.2244,0.2221,0.2225,22150.983
1774026900000,0.2226,0.2228,0.2213,0.2218,23510.647
1774027800000,0.2214,0.2216,0.2201,0.2206,35987.599
1774028700000,0.2204,0.2224,0.2202,0.2223,2893.629
1774029600000,0.2225,0.2228,0.2218,0.2218,20560.987
1774030500000,0.2217,0.2225,0.2202,0.2203,6816.007
1774031400000,0.2203,0.2206,0.2195,0.2202,12554.14
1774032300000,0.2198,0.2214,0.2195,0.2199,14498.547
1774033200000,0.2201,0.2205,0.2194,0.2202,8108.953
1774034100000,0.22,0.2203,0.2182,0.2183,30502.727
1774035000000,0.2183,0.2202,0.2177,0.2202,60482.527
1774035900000,0.2203,0.221,0.2198,0.221,35045.064
1774036800000,0.2209,0.2211,0.2198,0.2203,14563.395
1774037700000,0.2202,0.2205,0.2192,0.2192,11307.973
1774038600000,0.2194,0.2194,0.2178,0.219,8820.666
1774039500000,0.219,0.2204,0.219,0.2202,3527.92
1774040400000,0.2202,0.2205,0.2186,0.2193,162521.438
1774041300000,0.2196,0.2228,0.2196,0.222,192887.48
1774042200000,0.2221,0.2247,0.2218,0.2236,89062.728
1774043100000,0.2235,0.2301,0.2235,0.2299,234965.745
1774044000000,0.2299,0.2328,0.2294,0.2314,82087.661
1774044900000,0.2315,0.2324,0.2265,0.2275,96479.414
1774045800000,0.2275,0.2281,0.2252,0.2279,47402.837
1774046700000,0.2275,0.2292,0.2269,0.2269,47489.123
1774047600000,0.2269,0.2274,0.2233,0.2236,93387.179
1774048500000,0.2236,0.2261,0.2231,0.2259,79265.174
1774049400000,0.2258,0.2271,0.2249,0.2265,35987.217
1774050300000,0.2266,0.2267,0.2256,0.2262,25482.799
1774051200000,0.2262,0.2283,0.2261,0.2267,70399.735
1774052100000,0.2268,0.2276,0.2252,0.2253,24114.537
1774053000000,0.2251,0.2251,0.223,0.2233,56776.565
1774053900000,0.2229,0.2236,0.2217,0.2231,78810.859
1774054800000,0.2232,0.225,0.2218,0.2223,53786.792
1774055700000,0.2224,0.2225,0.2217,0.2222,15188.367
1774056600000,0.2222,0.2227,0.222,0.2224,27875.833
1774057500000,0.2224,0.224,0.2223,0.2232,11659.958
1774058400000,0.2232,0.2237,0.2224,0.2226,21330.268
1774059300000,0.223,0.2245,0.2224,0.224,10508.623
1774060200000,0.2239,0.225,0.223,0.2248,19143.125
1774061100000,0.2247,0.2264,0.2245,0.2259,40527.008
1774062000000,0.2259,0.2268,0.2252,0.2263,10114.354
1774062900000,0.2262,0.2272,0.2253,0.226,35647.626
1774063800000,0.226,0.2272,0.2246,0.225,52514.158
1774064700000,0.225,0.2252,0.2231,0.2241,40979.61
1774065600000,0.224,0.2252,0.223,0.2249,13326.984
1774066500000,0.225,0.227,0.225,0.2262,30262.647
1774067400000,0.2258,0.2266,0.225,0.226,54445.119
1774068300000,0.2262,0.2262,0.2251,0.2255,11247.041
1774069200000,0.2255,0.2298,0.2255,0.2297,119931.82
1774070100000,0.2297,0.2306,0.2288,0.2289,68708.978
1774071000000,0.2287,0.2294,0.2279,0.2293,34884.026
1774071900000,0.229,0.2293,0.2279,0.2279,16337.78
1774072800000,0.2278,0.23,0.2276,0.23,6888.815
1774073700000,0.23,0.2322,0.23,0.232,70549.289
1774074600000,0.2321,0.2332,0.2311,0.2324,45125.906
1774075500000,0.2321,0.2327,0.2316,0.2316,22622.666
1774076400000,0.2315,0.2328,0.2311,0.2321,76201.128
1774077300000,0.232,0.2354,0.2319,0.2352,82498.968
1774078200000,0.2352,0.2368,0.2342,0.2349,116525.093
1774079100000,0.2349,0.2349,0.2325,0.2327,120833.087
1774080000000,0.2327,0.2329,0.2318,0.2323,45225.264
1774080900000,0.2323,0.2333,0.2321,0.2329,35880.306
1774081800000,0.233,0.2349,0.2328,0.233,50330.429
1774082700000,0.233,0.2332,0.2294,0.2306,69967.647
1774083600000,0.2306,0.2306,0.2273,0.2275,42929.539
1774084500000,0.2272,0.2285,0.2267,0.2273,84851.442
1774085400000,0.2273,0.2273,0.2215,0.2217,159125.167
1774086300000,0.2217,0.2225,0.22,0.2223,336737.696
1774087200000,0.2223,0.2227,0.2207,0.2214,43396.824
1774088100000,0.2213,0.2219,0.2208,0.221,72886.022
1774089000000,0.221,0.2214,0.2206,0.2206,50201.343
1774089900000,0.2204,0.2211,0.2192,0.22,54303.132
1774090800000,0.22,0.2212,0.2198,0.2209,32302.126
1774091700000,0.2205,0.2221,0.2204,0.2216,50357.65
1774092600000,0.2212,0.2212,0.2194,0.2197,39369.419
1774093500000,0.2195,0.2206,0.2194,0.2202,20167.516
1774094400000,0.2207,0.2208,0.2193,0.2203,46236.561
1774095300000,0.2201,0.2203,0.2189,0.2198,22675.772
1774096200000,0.2199,0.221,0.2197,0.2201,20401.177
1774097100000,0.22,0.2204,0.2192,0.2204,35251.109
1774098000000,0.2202,0.2207,0.2199,0.2203,4353.004
1774098900000,0.22,0.2218,0.2199,0.2214,80392.778
1774099800000,0.2206,0.2221,0.2202,0.2208,69015.164
1774100700000,0.2207,0.2224,0.2205,0.2221,20681.564
1774101600000,0.2221,0.2256,0.222,0.2245,59226.274
1774102500000,0.2244,0.2246,0.2229,0.2244,15078.412
1774103400000,0.2243,0.2252,0.224,0.2244,9899.978
1774104300000,0.2242,0.2244,0.2218,0.2229,35549.283
1774105200000,0.2231,0.2248,0.2223,0.2241,64350.951
1774106100000,0.2242,0.225,0.2235,0.2245,28960.318
1774107000000,0.2245,0.2254,0.224,0.2242,62481.601
1774107900000,0.224,0.2275,0.2239,0.2264,121552.761
1774108800000,0.2264,0.2275,0.2255,0.2269,90275.163
1774109700000,0.2267,0.2288,0.2261,0.2282,45647.728
1774110600000,0.2281,0.2297,0.2277,0.2286,52649.922
1774111500000,0.2284,0.2292,0.2258,0.2264,50509.605
1774112400000,0.2263,0.2266,0.2243,0.225,130849.816
1774113300000,0.2249,0.225,0.224,0.2243,43012.16
1774114200000,0.2243,0.2246,0.2238,0.224,16165.008
1774115100000,0.224,0.2243,0.2233,0.2242,12652.669
1774116000000,0.2242,0.2242,0.223,0.2236,12456.318
1774116900000,0.2234,0.2243,0.2233,0.2239,4538.387
1774117800000,0.2237,0.2249,0.2237,0.2243,16606.413
1774118700000,0.2242,0.2258,0.2227,0.2249,27022.756
1774119600000,0.2245,0.2255,0.2245,0.2248,3120.351
1774120500000,0.2249,0.2258,0.2248,0.2253,9062.766
1774121400000,0.2254,0.2254,0.2249,0.225,1273.089
1774122300000,0.2249,0.2257,0.224,0.2249,60805.336
1774123200000,0.225,0.2254,0.2242,0.2248,3895.663
1774124100000,0.2243,0.2252,0.2243,0.2252,18690.75
1774125000000,0.2253,0.2255,0.2245,0.2245,56364.738
1774125900000,0.2243,0.226,0.224,0.226,14689.806
1774126800000,0.2262,0.2262,0.2256,0.2256,18669.208
1774127700000,0.2253,0.2258,0.2252,0.2254,1783.842
1774128600000,0.2254,0.2254,0.2245,0.2245,20026.217
1774129500000,0.2244,0.2244,0.2234,0.2236,17511.106
1774130400000,0.2238,0.2239,0.2229,0.2231,3831.37
1774131300000,0.2231,0.2245,0.2228,0.2238,26060.224
1774132200000,0.2239,0.2244,0.2239,0.2242,1928.881
1774133100000,0.2241,0.2244,0.2237,0.2241,3979.348
1774134000000,0.2242,0.2246,0.2231,0.2232,8495.13
1774134900000,0.2231,0.2246,0.2231,0.2244,17974.552
1774135800000,0.2242,0.2246,0.2238,0.2238,6815.652
1774136700000,0.2237,0.2237,0.2169,0.2183,200601.433
1774137600000,0.2184,0.2202,0.2139,0.2175,194889.496
1774138500000,0.2171,0.2187,0.2165,0.217,41259.652
1774139400000,0.2171,0.22,0.2171,0.219,57409.1
1774140300000,0.219,0.2201,0.2175,0.2185,67287.539
1774141200000,0.2186,0.2205,0.2186,0.2198,31651.009
1774142100000,0.2195,0.2203,0.2175,0.2184,66850.56
1774143000000,0.2184,0.2191,0.216,0.2169,61040.837
1774143900000,0.217,0.2187,0.217,0.2177,18781.168
1774144800000,0.2178,0.2184,0.2167,0.2171,14792.041
1774145700000,0.2171,0.2204,0.2165,0.2204,50651.921
1774146600000,0.2203,0.2203,0.2182,0.2188,22136.635
1774147500000,0.2187,0.2188,0.2173,0.2175,10711.852
1774148400000,0.2174,0.2184,0.2172,0.2181,42695.022
1774149300000,0.2179,0.2203,0.2177,0.2199,25741.872
1774150200000,0.2199,0.2206,0.219,0.2192,14359.124
1774151100000,0.2192,0.2192,0.2182,0.2183,8056.705
1774152000000,0.2184,0.2195,0.2183,0.219,9415.551
1774152900000,0.2191,0.2199,0.2182,0.2184,14340.487
1774153800000,0.2185,0.219,0.2177,0.2179,9297.336
1774154700000,0.2178,0.2181,0.2176,0.2179,4417.465
1774155600000,0.2182,0.2185,0.2178,0.2179,10347.552
1774156500000,0.2177,0.2184,0.2175,0.2176,18771.092
1774157400000,0.2178,0.2184,0.2175,0.2175,4016.51
1774158300000,0.2177,0.2186,0.2174,0.2185,5294.659
1774159200000,0.2184,0.219,0.2171,0.2172,59737.792
1774160100000,0.2171,0.2179,0.2168,0.2172,49346.68
1774161000000,0.217,0.2174,0.2164,0.2171,19750.832
1774161900000,0.2171,0.2191,0.217,0.2191,15892.918
1774162800000,0.2191,0.2211,0.219,0.2208,49504.479
1774163700000,0.2207,0.2235,0.2201,0.2228,78367.22
1774164600000,0.2229,0.223,0.2211,0.2213,42173.491
1774165500000,0.2214,0.2236,0.2213,0.2224,39551.253
1774166400000,0.2224,0.2226,0.2201,0.2206,22179.703
1774167300000,0.2207,0.2207,0.2185,0.2199,28324.031
1774168200000,0.2198,0.2206,0.2189,0.2201,20635.311
1774169100000,0.22,0.2211,0.2197,0.2207,18810.365
1774170000000,0.2206,0.221,0.2201,0.2203,23353.574
1774170900000,0.2206,0.2206,0.2179,0.2191,38951.936
1774171800000,0.219,0.2204,0.2186,0.2188,32337.489
1774172700000,0.2188,0.2192,0.2183,0.2183,224040.551
1774173600000,0.2181,0.2187,0.2167,0.2177,39836.126
1774174500000,0.2174,0.2176,0.2166,0.2166,16636.4
1774175400000,0.2167,0.2169,0.2153,0.2157,40465.093
1774176300000,0.2158,0.2162,0.2154,0.2161,27690.875
1774177200000,0.2162,0.2163,0.2151,0.2151,12500.41
1774178100000,0.2152,0.2152,0.2135,0.2135,78769.958
1774179000000,0.2134,0.2136,0.2117,0.2122,146735.601
1774179900000,0.2121,0.213,0.2118,0.2119,106753.55
1774180800000,0.2119,0.2121,0.2095,0.2098,152996.265
1774181700000,0.2099,0.2133,0.2098,0.2112,153466.217
1774182600000,0.2113,0.2115,0.2078,0.208,133629.687
1774183500000,0.208,0.2095,0.2064,0.2083,149970.536
1774184400000,0.2084,0.2109,0.2084,0.2102,71283.559
1774185300000,0.2102,0.2105,0.2095,0.21,41843.973
1774186200000,0.21,0.2105,0.21,0.2103,19107.919
1774187100000,0.2103,0.2118,0.2103,0.2114,27513.985
1774188000000,0.2113,0.212,0.2099,0.2119,14224.532
1774188900000,0.2118,0.2124,0.2109,0.2118,12611.464
1774189800000,0.2119,0.2123,0.2113,0.2114,8735.94
1774190700000,0.212,0.212,0.2101,0.2103,20884.126
1774191600000,0.2105,0.2118,0.2105,0.2116,9142.0
1774192500000,0.2118,0.2128,0.2117,0.2121,46520.703
1774193400000,0.212,0.2123,0.2116,0.2117,4509.957
1774194300000,0.2116,0.2123,0.2113,0.2119,16138.95
1774195200000,0.2119,0.212,0.2103,0.2105,30166.118
1774196100000,0.211,0.211,0.2104,0.2107,13865.457
1774197000000,0.2105,0.2114,0.2103,0.2108,28869.72
1774197900000,0.2108,0.2137,0.2108,0.2126,41454.097
1774198800000,0.2121,0.2147,0.212,0.2146,16539.404
1774199700000,0.2145,0.2145,0.213,0.2137,16807.609
1774200600000,0.2138,0.2138,0.2128,0.2137,5335.978
1774201500000,0.2135,0.2138,0.2125,0.2125,9011.21
1774202400000,0.2124,0.2124,0.2097,0.2103,115697.394
1774203300000,0.2104,0.2104,0.21,0.2103,4957.665
1774204200000,0.2102,0.2103,0.2081,0.2082,23623.729
1774205100000,0.2081,0.2084,0.2078,0.2083,15629.774
1774206000000,0.2084,0.2094,0.208,0.2083,51858.387
1774206900000,0.2084,0.2085,0.2073,0.2084,41259.338
1774207800000,0.2084,0.2094,0.2079,0.2086,16178.573
1774208700000,0.2086,0.2096,0.2083,0.2093,27240.049
1774209600000,0.2092,0.2101,0.2091,0.2095,3725.113
1774210500000,0.2096,0.2104,0.2089,0.2089,33533.903
1774211400000,0.2089,0.2092,0.2076,0.2087,74641.645
1774212300000,0.2086,0.2087,0.2082,0.2082,5950.087
1774213200000,0.2081,0.2082,0.205,0.2058,77482.711
1774214100000,0.2059,0.2059,0.2035,0.2054,104971.34
1774215000000,0.2052,0.2056,0.2033,0.2054,41090.514
1774215900000,0.2053,0.2055,0.2046,0.2055,11274.114
1774216800000,0.2057,0.2077,0.204,0.2063,95830.706
1774217700000,0.2063,0.2091,0.2061,0.2081,44527.559
1774218600000,0.2083,0.2083,0.2074,0.2078,7342.935
1774219500000,0.2078,0.2086,0.2077,0.2078,13057.412
1774220400000,0.208,0.2083,0.207,0.2079,41325.298
1774221300000,0.2078,0.2079,0.2069,0.2072,12684.717
1774222200000,0.2069,0.2071,0.2062,0.2069,10150.741
1774223100000,0.2065,0.2068,0.2051,0.2056,47743.707
1774224000000,0.2056,0.2071,0.2056,0.206,31024.279
1774224900000,0.206,0.2071,0.2053,0.2068,8171.602
1774225800000,0.2068,0.2074,0.2053,0.2074,54072.221
1774226700000,0.2077,0.2094,0.2073,0.208,58443.033
1774227600000,0.208,0.2099,0.2078,0.2094,9955.216
1774228500000,0.2095,0.2097,0.2087,0.2091,30764.282
1774229400000,0.209,0.2098,0.2087,0.2096,13597.101
1774230300000,0.2098,0.2108,0.209,0.2093,37170.379
1774231200000,0.2093,0.2099,0.2083,0.2089,30307.537
1774232100000,0.2088,0.2117,0.2084,0.2116,21210.274
1774233000000,0.2116,0.2116,0.2107,0.2107,11294.538
1774233900000,0.2106,0.2107,0.2093,0.2098,3375.128
1774234800000,0.2098,0.211,0.2091,0.2091,15114.25
1774235700000,0.2091,0.2091,0.2079,0.2079,23392.514
1774236600000,0.2081,0.2081,0.2065,0.2065,4264.775
1774237500000,0.2065,0.2065,0.2059,0.2062,9253.735
1774238400000,0.2064,0.2077,0.2064,0.2074,8522.26
1774239300000,0.2076,0.2084,0.2075,0.2084,3718.221
1774240200000,0.2086,0.2098,0.2086,0.2096,2113.616
1774241100000,0.2096,0.2103,0.2096,0.2102,16978.364
1774242000000,0.2101,0.2113,0.2098,0.2113,39570.21
1774242900000,0.2113,0.2113,0.2099,0.2103,48836.835
1774243800000,0.2104,0.2104,0.2091,0.2094,75947.474
1774244700000,0.2092,0.21,0.2088,0.21,10906.387
1774245600000,0.2101,0.2101,0.208,0.2082,9083.506
1774246500000,0.2084,0.2087,0.2064,0.2064,41501.274
1774247400000,0.2063,0.2063,0.2032,0.2037,61866.204
1774248300000,0.2038,0.2053,0.2035,0.2051,50860.361
1774249200000,0.2051,0.2051,0.2037,0.2046,57049.059
1774250100000,0.2045,0.2046,0.2033,0.2044,13346.679
1774251000000,0.2043,0.2066,0.2041,0.2058,18681.297
1774251900000,0.2059,0.2062,0.2052,0.2052,34244.823
1774252800000,0.2052,0.2061,0.2051,0.2061,17881.888
1774253700000,0.2062,0.207,0.2059,0.2068,24345.783
1774254600000,0.2069,0.2082,0.2058,0.2062,17960.466
1774255500000,0.2063,0.2065,0.2053,0.206,27218.633
1774256400000,0.206,0.2064,0.205,0.2052,28106.851
1774257300000,0.205,0.2053,0.2035,0.2039,28684.34
1774258200000,0.2034,0.2042,0.2025,0.2037,12756.895
1774259100000,0.204,0.2052,0.2039,0.2052,3359.337
1774260000000,0.2052,0.2082,0.2052,0.2075,231626.396
1774260900000,0.2075,0.2086,0.2064,0.2067,8656.59
1774261800000,0.2069,0.2071,0.2061,0.2064,20775.73
1774262700000,0.2061,0.207,0.206,0.2062,4247.776
1774263600000,0.2062,0.2219,0.2062,0.2186,666458.315
1774264500000,0.2187,0.2209,0.2147,0.2181,276907.307
1774265400000,0.2181,0.2201,0.2156,0.2168,247110.476
1774266300000,0.2169,0.217,0.2137,0.2145,61386.88
1774267200000,0.2147,0.2158,0.2129,0.2146,92290.597
1774268100000,0.2145,0.218,0.2145,0.2167,48158.443
1774269000000,0.2166,0.2194,0.2156,0.2194,44689.578
1774269900000,0.2187,0.2198,0.2186,0.2195,43305.929
1774270800000,0.2195,0.2211,0.2182,0.2191,22871.765
1774271700000,0.2194,0.2212,0.2188,0.2205,58167.156
1774272600000,0.2203,0.2205,0.2175,0.2188,46472.062
1774273500000,0.2188,0.2213,0.2184,0.2205,37182.799
1774274400000,0.2204,0.2239,0.2204,0.2211,452012.162
1774275300000,0.2211,0.2225,0.2195,0.2197,154940.333
1774906200000,0.2314,0.2327,0.2314,0.2317,9440.216
1774907100000,0.2314,0.2318,0.231,0.2316,20264.905
1774908000000,0.2317,0.233,0.2312,0.2318,86046.387
1774908900000,0.2319,0.2326,0.2314,0.2314,7271.687
1774909800000,0.2313,0.2318,0.2309,0.2316,7992.91
1774910700000,0.2317,0.2317,0.2304,0.2308,4083.944
1774911600000,0.2303,0.2304,0.2263,0.2276,219808.836
1774912500000,0.2276,0.2301,0.2272,0.2301,69293.515
1774913400000,0.2301,0.2301,0.2296,0.2296,4568.851
1774914300000,0.2296,0.23,0.229,0.23,18004.37
1774915200000,0.2299,0.2309,0.2295,0.2301,72673.207
1774916100000,0.2302,0.2303,0.2293,0.2299,11681.452
1774917000000,0.2298,0.2302,0.2294,0.2297,15726.573
1774917900000,0.2298,0.2306,0.2282,0.2288,46552.715
1774918800000,0.2289,0.23,0.2281,0.23,8298.435
1774919700000,0.2301,0.2324,0.2298,0.2315,143991.332
1774920600000,0.2316,0.2339,0.2312,0.2335,55903.986
1774921500000,0.2331,0.2334,0.2319,0.2331,177678.951
1774922400000,0.2332,0.2336,0.2323,0.2327,64485.753
1774923300000,0.2329,0.2333,0.2329,0.2333,7546.579
1774924200000,0.2335,0.2335,0.2327,0.2331,12562.249
1774925100000,0.233,0.2348,0.2329,0.2344,49690.75
1774926000000,0.2344,0.235,0.2334,0.234,39668.693
1774926900000,0.2341,0.2344,0.232,0.2328,37086.115
1774927800000,0.2327,0.2332,0.2322,0.2322,8916.818
1774928700000,0.2322,0.2331,0.2321,0.2329,93862.551
1774929600000,0.233,0.2334,0.2316,0.2324,46346.275
1774930500000,0.2325,0.2334,0.2321,0.2322,14521.383
1774931400000,0.2322,0.2324,0.2317,0.2322,8157.417
1774932300000,0.2321,0.2328,0.2321,0.2324,99092.866
1774933200000,0.2323,0.2335,0.2319,0.2326,5091.23
1774934100000,0.2324,0.2326,0.232,0.2323,10469.638
1774935000000,0.2322,0.2324,0.2305,0.2307,79814.593
1774935900000,0.2311,0.2313,0.2308,0.2313,2638.133
1774936800000,0.2313,0.2313,0.23,0.2305,41442.396
1774937700000,0.2304,0.2305,0.2293,0.2299,129420.124
1774938600000,0.2299,0.2301,0.2291,0.2292,67487.463
1774939500000,0.2298,0.2304,0.2295,0.2298,11657.215
1774940400000,0.2299,0.2299,0.2288,0.2289,74311.206
1774941300000,0.2288,0.229,0.2269,0.228,69078.162
1774942200000,0.2278,0.2283,0.2276,0.2278,21237.464
1774943100000,0.228,0.2299,0.228,0.2294,171921.461
1774944000000,0.2295,0.2305,0.2293,0.2301,98288.157
1774944900000,0.2302,0.232,0.2302,0.2316,339168.568
1774945800000,0.2316,0.2317,0.2289,0.2302,35809.644
1774946700000,0.2302,0.2314,0.2294,0.2294,29539.126
1774947600000,0.2293,0.2296,0.2286,0.2293,34598.191
1774948500000,0.2292,0.2293,0.2278,0.2282,34986.595
1774949400000,0.2282,0.2299,0.2281,0.2298,33673.391
1774950300000,0.2297,0.23,0.228,0.2292,25655.449
1774951200000,0.229,0.2299,0.2283,0.229,38608.959
1774952100000,0.2289,0.2294,0.2279,0.2282,71216.172
1774953000000,0.228,0.228,0.2264,0.2268,112263.552
1774953900000,0.2267,0.2274,0.2266,0.2266,16861.454
1774954800000,0.2265,0.2285,0.2251,0.2283,202323.73
1774955700000,0.2282,0.2308,0.228,0.2304,53810.719
1774956600000,0.2304,0.2308,0.2296,0.2297,25761.881
1774957500000,0.2297,0.2298,0.2291,0.2298,14902.404
1774958400000,0.23,0.2312,0.2292,0.2293,17179.237
1774959300000,0.2293,0.2303,0.2282,0.2289,39198.847
1774960200000,0.2287,0.2288,0.2263,0.2269,129713.204
1774961100000,0.2268,0.2275,0.2259,0.2265,39375.011
1774962000000,0.2265,0.2284,0.226,0.228,40534.176
1774962900000,0.2279,0.2295,0.2277,0.2277,38605.283
1774963800000,0.228,0.2298,0.2277,0.2289,74749.219
1774964700000,0.2291,0.2302,0.2284,0.2287,35996.726
1774965600000,0.229,0.2302,0.2286,0.229,53161.689
1774966500000,0.2289,0.2314,0.2289,0.2301,124894.908
1774967400000,0.2302,0.2302,0.2268,0.2274,35718.355
1774968300000,0.2272,0.2277,0.2258,0.2272,104072.338
1774969200000,0.2273,0.2306,0.2272,0.2303,72411.04
1774970100000,0.2306,0.2307,0.2285,0.2287,86000.158
1774971000000,0.2287,0.2294,0.2284,0.2286,14161.433
1774971900000,0.2287,0.2287,0.2262,0.2273,155419.531
1774972800000,0.2274,0.2281,0.227,0.2281,24174.604
1774973700000,0.2282,0.2285,0.2275,0.2277,18073.139
1774974600000,0.2275,0.2318,0.2266,0.23,102598.831
1774975500000,0.23,0.2316,0.23,0.2314,82596.451
1774976400000,0.2319,0.2366,0.2312,0.2365,188393.93
1774977300000,0.2367,0.2373,0.2343,0.2352,96245.602
1774978200000,0.2352,0.2358,0.2314,0.2319,139519.088
1774979100000,0.2319,0.2325,0.2308,0.2325,21235.954
1774980000000,0.2326,0.2376,0.2326,0.2375,152633.573
1774980900000,0.2375,0.2386,0.2297,0.2337,423937.986
1774981800000,0.2337,0.2343,0.2328,0.2338,28421.902
1774982700000,0.2338,0.2347,0.2336,0.2343,25229.8
1774983600000,0.2342,0.2353,0.2341,0.2342,8500.704
1774984500000,0.2343,0.2347,0.2328,0.2329,14631.381
1774985400000,0.2332,0.2344,0.233,0.2337,7012.085
1774986300000,0.2336,0.2339,0.2334,0.2336,21641.76
1774987200000,0.2337,0.2349,0.2333,0.2349,11434.94
1774988100000,0.235,0.2351,0.2341,0.2351,2812.289
1774989000000,0.2352,0.2361,0.2349,0.2359,18701.176
1774989900000,0.2359,0.2372,0.2356,0.2368,16276.207
1774990800000,0.2368,0.2368,0.2331,0.2344,73746.712
1774991700000,0.2341,0.2342,0.2321,0.2326,29909.444
1774992600000,0.2326,0.2333,0.2324,0.2332,26904.006
1774993500000,0.2328,0.234,0.2326,0.2329,15140.775
1774994400000,0.2329,0.2334,0.2317,0.2321,61128.763
1774995300000,0.2321,0.2332,0.2318,0.2318,50969.214
1774996200000,0.2318,0.2321,0.2308,0.2321,13351.2
1774997100000,0.2321,0.2322,0.2312,0.2316,15455.272
1774998000000,0.2316,0.2318,0.2311,0.2313,5697.106
1774998900000,0.2313,0.2333,0.2313,0.2323,52159.218
1774999800000,0.2322,0.2328,0.2317,0.2317,20922.311
1775000700000,0.2316,0.2326,0.2315,0.2321,7385.675
1775001600000,0.2314,0.2314,0.229,0.229,39734.53
1775002500000,0.2291,0.2311,0.2291,0.2311,18723.754
1775003400000,0.2312,0.2331,0.2308,0.2327,39656.937
1775004300000,0.2327,0.2345,0.2317,0.2341,18340.252
1775005200000,0.2343,0.2344,0.2328,0.2342,13561.609
1775006100000,0.2337,0.2338,0.2328,0.2329,14249.191
1775007000000,0.2326,0.2326,0.2307,0.2319,16087.744
1775007900000,0.2319,0.2319,0.2304,0.2304,24812.224
1775008800000,0.2305,0.2311,0.2301,0.2311,25334.947
1775009700000,0.231,0.231,0.2288,0.229,19011.351
1775010600000,0.229,0.2296,0.2286,0.2295,21849.839
1775011500000,0.2296,0.2296,0.2287,0.2287,2711.742
1775012400000,0.229,0.2301,0.2287,0.2297,7736.357
1775013300000,0.2297,0.2298,0.2285,0.2291,28525.549
1775014200000,0.2292,0.2302,0.2292,0.2301,12927.607
1775015100000,0.2304,0.2314,0.2301,0.2304,48826.464
1775016000000,0.2304,0.2308,0.2295,0.2298,31233.515
1775016900000,0.2298,0.2301,0.2295,0.2301,3163.722
1775017800000,0.2301,0.232,0.2299,0.2313,14004.429
1775018700000,0.2313,0.2315,0.2305,0.2307,36531.045
1775019600000,0.2307,0.2318,0.2301,0.2318,20769.407
1775020500000,0.2317,0.2354,0.2317,0.2353,20753.111
1775021400000,0.2352,0.2364,0.2345,0.2353,44868.534
1775022300000,0.2356,0.2374,0.2355,0.2362,63153.994
1775023200000,0.2363,0.2378,0.2354,0.2378,46758.013
1775024100000,0.2377,0.2405,0.2371,0.2403,76013.594
1775025000000,0.2407,0.2426,0.2397,0.2426,147875.674
1775025900000,0.2427,0.2428,0.2404,0.2422,101651.241
1775026800000,0.2422,0.2473,0.2422,0.2459,192897.926
1775027700000,0.246,0.2477,0.2433,0.2456,220444.593
1775028600000,0.2457,0.2465,0.2442,0.2457,73421.013
1775029500000,0.2457,0.2459,0.2429,0.2431,111744.381
1775030400000,0.2431,0.2445,0.2421,0.243,62572.868
1775031300000,0.2431,0.2438,0.2414,0.2417,66552.03
1775032200000,0.2416,0.243,0.2413,0.2425,40778.3
1775033100000,0.2428,0.2447,0.2416,0.2433,63828.165
1775034000000,0.2431,0.2438,0.2415,0.2428,32439.566
1775034900000,0.243,0.2432,0.2396,0.2411,63179.236
1775035800000,0.2411,0.2426,0.2411,0.2422,23495.117
1775036700000,0.242,0.2426,0.2406,0.2411,23570.718
1775037600000,0.2413,0.2415,0.2393,0.2405,158749.515
1775038500000,0.2404,0.2424,0.2404,0.2421,34674.578
1775039400000,0.2424,0.2441,0.2409,0.244,46533.258
1775040300000,0.244,0.2451,0.2433,0.2441,104946.1
1775041200000,0.2442,0.2465,0.2437,0.2457,60323.898
1775042100000,0.2457,0.2457,0.244,0.2445,53609.13
1775043000000,0.2446,0.2469,0.2439,0.2459,81049.022
1775043900000,0.2461,0.2463,0.2448,0.2463,60384.868
1775044800000,0.2459,0.2469,0.2446,0.2455,27892.283
1775045700000,0.2455,0.2462,0.244,0.2444,34466.074
1775046600000,0.2445,0.2463,0.2429,0.2461,88178.843
1775047500000,0.2462,0.2464,0.2427,0.243,91016.119
1775048400000,0.2431,0.2453,0.2412,0.2452,64014.342
1775049300000,0.2452,0.2478,0.2446,0.2471,54468.176
1775050200000,0.2471,0.2484,0.245,0.2457,125269.399
1775051100000,0.2457,0.246,0.2426,0.2428,45795.209
1775052000000,0.2428,0.2443,0.2424,0.243,83259.843
1775052900000,0.2435,0.2455,0.2431,0.2432,131203.058
1775053800000,0.2431,0.2439,0.2414,0.2422,42391.735
1775054700000,0.2422,0.2466,0.2422,0.2464,171806.268
1775055600000,0.2465,0.2467,0.2437,0.2442,56751.565
1775056500000,0.2443,0.2455,0.2434,0.2436,16972.878
1775057400000,0.2437,0.2458,0.2433,0.2438,26560.865
1775058300000,0.2439,0.2458,0.2439,0.2457,58836.81
1775059200000,0.2459,0.246,0.2437,0.2439,220595.997
1775060100000,0.2438,0.2463,0.243,0.245,91570.411
1775061000000,0.2452,0.2456,0.2442,0.2453,33491.643
1775061900000,0.2455,0.2455,0.2439,0.2443,21869.694
1775062800000,0.2444,0.2449,0.2431,0.2431,59187.693
1775063700000,0.2432,0.2433,0.2416,0.2416,81968.914
1775064600000,0.2416,0.2436,0.2416,0.2423,13913.032
1775065500000,0.2422,0.2424,0.2398,0.24,28306.157
1775066400000,0.2401,0.2409,0.2364,0.24,221878.825
1775067300000,0.24,0.2411,0.24,0.2405,18924.804
1775068200000,0.2406,0.2409,0.2396,0.2396,11285.443
1775069100000,0.2396,0.2398,0.2385,0.2387,12316.11
1775070000000,0.2389,0.239,0.2374,0.2374,10081.54
1775070900000,0.2373,0.2386,0.2371,0.2384,11031.469
1775071800000,0.2387,0.24,0.2385,0.2395,56295.636
1775072700000,0.2399,0.2412,0.2398,0.2409,86011.485
1775073600000,0.2409,0.2418,0.2396,0.2396,38878.697
1775074500000,0.2396,0.2408,0.2395,0.2398,23256.263
1775075400000,0.2395,0.2399,0.2389,0.2398,11899.659
1775076300000,0.2397,0.2401,0.2392,0.2393,5115.469
1775077200000,0.2393,0.2424,0.2392,0.2417,29622.014
1775078100000,0.2419,0.2422,0.2413,0.2418,7912.537
1775079000000,0.2415,0.2417,0.2408,0.2414,11327.064
1775079900000,0.2415,0.2416,0.2401,0.2416,8473.834
1775080800000,0.2415,0.242,0.2407,0.2413,2545.074
1775081700000,0.2408,0.2409,0.2399,0.2399,23627.692
1775082600000,0.24,0.2404,0.2396,0.2397,6408.803
1775083500000,0.2397,0.24,0.2385,0.2387,37927.271
1775084400000,0.2388,0.2396,0.2385,0.2385,22939.736
1775085300000,0.2388,0.2401,0.2385,0.2401,14144.49
1775086200000,0.2401,0.2402,0.2393,0.2393,5877.75
1775087100000,0.2392,0.2402,0.239,0.2401,40181.139
1775088000000,0.2402,0.2413,0.2393,0.2413,16294.036
1775088900000,0.2414,0.2428,0.2414,0.2424,270112.881
1775089800000,0.2421,0.2465,0.2421,0.2446,363285.228
1775090700000,0.2446,0.2457,0.2434,0.2452,159916.5
1775091600000,0.2451,0.2451,0.2399,0.2422,183208.162
1775092500000,0.2421,0.2421,0.2366,0.2368,120480.21
1775093400000,0.2368,0.2368,0.2331,0.2345,238614.457
1775094300000,0.2343,0.235,0.2339,0.2345,38167.828
1775095200000,0.2345,0.2345,0.2303,0.231,117186.25
1775096100000,0.2309,0.2312,0.2292,0.2299,243218.793
1775097000000,0.2299,0.23,0.227,0.2272,117955.958
1775097900000,0.2273,0.2296,0.2273,0.2292,57909.441
1775098800000,0.229,0.2306,0.2266,0.227,143976.22
1775099700000,0.227,0.2295,0.2266,0.2289,74923.549
1775100600000,0.2288,0.2303,0.2272,0.2277,78660.216
1775101500000,0.2275,0.228,0.2255,0.2269,117350.932
1775102400000,0.227,0.2294,0.2269,0.2289,70128.897
1775103300000,0.2289,0.2298,0.2285,0.229,19719.63
1775104200000,0.229,0.2294,0.2282,0.2294,8551.705
1775105100000,0.2294,0.2311,0.2294,0.2307,66873.51
1775106000000,0.23,0.2309,0.2298,0.2303,98053.021
1775106900000,0.2303,0.2308,0.2297,0.2305,15524.989
1775107800000,0.2308,0.2316,0.2298,0.2314,5190.605
1775108700000,0.2311,0.2311,0.2298,0.23,32339.005
1775109600000,0.2301,0.2325,0.2299,0.2321,25218.484
1775110500000,0.2321,0.2337,0.2321,0.2329,52382.563
1775111400000,0.2323,0.233,0.2314,0.2314,47753.553
1775112300000,0.2314,0.232,0.2301,0.2302,19903.401
1775113200000,0.2301,0.231,0.2298,0.2309,18709.197
1775114100000,0.231,0.2314,0.2302,0.2312,7109.135
1775115000000,0.231,0.2321,0.231,0.2319,19565.541
1775115900000,0.2319,0.2323,0.2317,0.2321,25585.13
1775116800000,0.2322,0.2325,0.2311,0.2314,24552.84
1775117700000,0.2311,0.2312,0.2283,0.2301,61245.265
1775118600000,0.2299,0.2301,0.2282,0.2283,5910.137
1775119500000,0.2284,0.2287,0.2283,0.2286,9426.458
1775120400000,0.2285,0.2288,0.2276,0.2284,11281.385
1775121300000,0.2287,0.229,0.2279,0.2289,6860.098
1775122200000,0.2285,0.229,0.2279,0.2285,7399.452
1775123100000,0.2288,0.229,0.2286,0.2287,7272.917
1775124000000,0.2286,0.2288,0.2279,0.2282,17692.064
1775124900000,0.2281,0.2286,0.2278,0.2283,19499.333
1775125800000,0.2282,0.2284,0.2263,0.228,17837.507
1775126700000,0.228,0.2282,0.2272,0.2278,11672.136
1775127600000,0.2279,0.2281,0.226,0.226,59303.512
1775128500000,0.226,0.2275,0.2256,0.2275,46627.918
1775129400000,0.2278,0.2285,0.2277,0.2277,16209.863
1775130300000,0.2269,0.2274,0.2265,0.2269,31229.698
1775131200000,0.2268,0.2268,0.2258,0.226,27432.126
1775132100000,0.2257,0.2266,0.2256,0.2265,31257.612
1775133000000,0.2258,0.2265,0.2258,0.2264,11740.559
1775133900000,0.2262,0.2262,0.2247,0.2248,32902.346
1775134800000,0.225,0.2256,0.2229,0.2238,100207.673
1775135700000,0.2236,0.2255,0.2235,0.2252,97461.22
1775136600000,0.2254,0.2256,0.2227,0.2233,45209.992
1775137500000,0.2232,0.2248,0.2232,0.2247,46537.712
1775138400000,0.2247,0.2269,0.2239,0.2266,224156.334
1775139300000,0.2265,0.2284,0.2256,0.2269,123442.648
1775140200000,0.2272,0.234,0.2272,0.2326,210347.491
1775141100000,0.2327,0.2328,0.2291,0.2304,58377.783
1775142000000,0.2304,0.2306,0.2289,0.2301,37160.923
1775142900000,0.2299,0.2299,0.2282,0.2296,20401.608
1775143800000,0.2297,0.231,0.2294,0.2304,20516.401
1775144700000,0.2304,0.2304,0.2282,0.229,18934.637
1775145600000,0.2293,0.2304,0.2288,0.2297,59571.659
1775146500000,0.2299,0.2302,0.2293,0.2297,31174.673
1775147400000,0.2296,0.2311,0.2296,0.2309,26386.75
1775148300000,0.231,0.2325,0.2309,0.2324,31050.723
1775149200000,0.2318,0.2318,0.2301,0.2318,11443.043
1775150100000,0.2318,0.2335,0.2318,0.2329,43862.648
1775151000000,0.2328,0.2331,0.231,0.2312,7910.23
1775151900000,0.2309,0.2309,0.2287,0.2287,53669.649
1775152800000,0.2287,0.2296,0.2282,0.229,18809.263
1775153700000,0.2291,0.2298,0.2288,0.2296,2891.518
1775154600000,0.2292,0.2295,0.2288,0.2295,10408.549
1775155500000,0.2294,0.2302,0.2289,0.2301,642.383
1775156400000,0.2296,0.2301,0.2293,0.2298,92937.145
1775157300000,0.23,0.2308,0.2297,0.2306,19109.844
1775158200000,0.2307,0.2308,0.229,0.2296,8322.395
1775159100000,0.2297,0.2311,0.2294,0.231,2317.806
1775160000000,0.2312,0.2314,0.2302,0.2311,19532.622
1775160900000,0.2311,0.2325,0.2302,0.2317,34325.399
1775161800000,0.2316,0.2317,0.2302,0.2303,45348.805
1775162700000,0.2304,0.2304,0.2293,0.2294,32168.953
1775163600000,0.2293,0.2294,0.2276,0.2281,17050.82
1775164500000,0.2281,0.2283,0.2278,0.2283,7657.775
1775165400000,0.2285,0.2294,0.2282,0.2284,2323.173
1775166300000,0.2282,0.2297,0.2282,0.2292,14472.021
1775167200000,0.2291,0.2296,0.2285,0.2285,2188.391
1775168100000,0.2288,0.2288,0.2277,0.2277,7620.402
1775169000000,0.2284,0.229,0.2283,0.229,6727.936
1775169900000,0.229,0.2291,0.2284,0.2286,33698.141
1775170800000,0.2284,0.2285,0.2282,0.2283,9142.708
1775171700000,0.2285,0.2295,0.228,0.2282,18801.224
1775172600000,0.2283,0.2285,0.2278,0.228,13750.884
1775173500000,0.2277,0.2282,0.2275,0.228,22284.694
1775174400000,0.228,0.229,0.2277,0.2279,11901.953
1775175300000,0.2279,0.2284,0.2268,0.2268,23008.191
1775806200000,0.237,0.2377,0.2366,0.2373,6402.386
1775807100000,0.2374,0.2375,0.236,0.2366,8897.018
1775808000000,0.2366,0.237,0.2362,0.2366,91448.506
1775808900000,0.2364,0.2374,0.2363,0.2365,34593.056
1775809800000,0.2364,0.238,0.2362,0.2374,30330.412
1775810700000,0.2374,0.2375,0.2364,0.2365,19748.703
1775811600000,0.2366,0.2379,0.2366,0.2375,2151.153
1775812500000,0.2378,0.2385,0.2375,0.2382,8770.257
1775813400000,0.2384,0.2385,0.238,0.2382,15638.371
1775814300000,0.2382,0.2383,0.2372,0.2372,32907.85
1775815200000,0.2373,0.2373,0.2365,0.2371,32118.039
1775816100000,0.2365,0.2372,0.2363,0.237,6445.665
1775817000000,0.237,0.237,0.2366,0.2366,4324.383
1775817900000,0.2365,0.237,0.2362,0.2367,16448.954
1775818800000,0.2366,0.2374,0.2366,0.237,20035.944
1775819700000,0.2369,0.237,0.235,0.236,74733.189
1775820600000,0.2358,0.236,0.2346,0.2347,43630.902
1775821500000,0.2345,0.2352,0.2338,0.2352,37974.036
1775822400000,0.2353,0.2357,0.2336,0.234,43929.573
1775823300000,0.234,0.2355,0.2328,0.2346,57288.794
1775824200000,0.2345,0.2373,0.2339,0.2356,267410.728
1775825100000,0.2353,0.2356,0.234,0.2342,111930.824
1775826000000,0.2341,0.236,0.2335,0.2355,112269.362
1775826900000,0.2355,0.2364,0.235,0.2351,17463.19
1775827800000,0.2352,0.2355,0.2339,0.2353,55272.734
1775828700000,0.2356,0.2368,0.2354,0.2366,21571.18
1775829600000,0.2364,0.2385,0.2361,0.2381,59728.414
1775830500000,0.2382,0.2397,0.2382,0.2395,107818.333
1775831400000,0.2395,0.2408,0.2388,0.2392,114679.261
1775832300000,0.2392,0.2401,0.2387,0.2401,34599.76
1775833200000,0.2403,0.2416,0.24,0.2402,62146.504
1775834100000,0.2401,0.2413,0.2393,0.2393,19842.799
1775835000000,0.2393,0.2399,0.2371,0.238,28229.235
1775835900000,0.2381,0.2381,0.2356,0.236,277152.835
1775836800000,0.236,0.2383,0.236,0.2378,91534.303
1775837700000,0.2377,0.2383,0.2361,0.2364,44463.755
1775838600000,0.2366,0.2368,0.2351,0.2356,50720.749
1775839500000,0.2354,0.2372,0.2354,0.2371,12300.231
1775840400000,0.2371,0.241,0.237,0.2385,421390.081
1775841300000,0.2385,0.2399,0.2384,0.2395,22505.089
1775842200000,0.2391,0.2399,0.2388,0.2393,47258.12
1775843100000,0.2395,0.2414,0.2393,0.2406,42191.282
1775844000000,0.2403,0.2418,0.2399,0.2418,52128.455
1775844900000,0.2419,0.2424,0.2414,0.2421,87764.249
1775845800000,0.2419,0.2419,0.2399,0.2401,6111.711
1775846700000,0.24,0.2406,0.2397,0.2403,4899.95
1775847600000,0.2401,0.2415,0.2395,0.2415,22441.235
1775848500000,0.2414,0.2417,0.2408,0.2414,30230.396
1775849400000,0.2411,0.2414,0.2402,0.241,5348.591
1775850300000,0.241,0.2412,0.2402,0.241,6874.129
1775851200000,0.241,0.2416,0.2402,0.2412,43331.305
1775852100000,0.2409,0.2417,0.2408,0.2412,111610.324
1775853000000,0.2409,0.2416,0.2402,0.241,25247.596
1775853900000,0.2408,0.2414,0.2404,0.2408,6422.416
1775854800000,0.2407,0.2412,0.2397,0.2399,7964.939
1775855700000,0.2395,0.24,0.2394,0.24,40714.013
1775856600000,0.2399,0.2399,0.2375,0.2379,23912.574
1775857500000,0.2377,0.2391,0.2376,0.239,51682.369
1775858400000,0.2391,0.2399,0.2386,0.2394,4438.886
1775859300000,0.2394,0.2397,0.2389,0.2391,6052.575
1775860200000,0.239,0.2392,0.2378,0.238,52459.507
1775861100000,0.238,0.2389,0.2371,0.2389,10326.299
1775862000000,0.239,0.2393,0.2383,0.2386,6445.874
1775862900000,0.2383,0.2391,0.2377,0.2379,28487.063
1775863800000,0.2379,0.2383,0.2375,0.2383,22003.796
1775864700000,0.2381,0.2387,0.238,0.2387,50147.151
1775865600000,0.2386,0.2393,0.2382,0.2393,7345.162
1775866500000,0.2394,0.2397,0.2385,0.2388,3562.657
1775867400000,0.2386,0.2386,0.2376,0.2377,4934.749
1775868300000,0.2375,0.2375,0.2367,0.2372,12425.223
1775869200000,0.2372,0.2373,0.2353,0.2354,6912.845
1775870100000,0.2354,0.2358,0.2346,0.2354,27177.933
1775871000000,0.2352,0.2365,0.2351,0.2363,47150.82
1775871900000,0.2364,0.2377,0.2364,0.2369,3034.186
1775872800000,0.237,0.2378,0.2361,0.2378,9784.8
1775873700000,0.2378,0.2382,0.2375,0.2382,1590.056
1775874600000,0.2382,0.239,0.2382,0.2387,14697.747
1775875500000,0.2381,0.2381,0.2373,0.2374,6229.539
1775876400000,0.2376,0.2387,0.2376,0.2386,2102.091
1775877300000,0.2388,0.2396,0.2385,0.2391,48664.022
1775878200000,0.2392,0.24,0.239,0.2396,12391.203
1775879100000,0.2395,0.2395,0.2361,0.2368,88279.392
1775880000000,0.2369,0.2378,0.2365,0.2372,14552.453
1775880900000,0.2373,0.2373,0.235,0.2359,44666.509
1775881800000,0.2358,0.2373,0.2357,0.2364,43354.608
1775882700000,0.2363,0.2374,0.236,0.2374,9168.724
1775883600000,0.2373,0.2379,0.2366,0.2366,51896.843
1775884500000,0.2367,0.237,0.2363,0.2366,13792.622
1775885400000,0.2369,0.2373,0.2366,0.2366,17591.297
1775886300000,0.2365,0.2365,0.2356,0.2357,6988.886
1775887200000,0.2357,0.2357,0.2347,0.2348,45394.803
1775888100000,0.2348,0.2355,0.2348,0.2355,2266.728
1775889000000,0.2355,0.2358,0.2351,0.2356,6069.171
1775889900000,0.2355,0.2358,0.2352,0.2352,22336.55
1775890800000,0.2351,0.2355,0.2349,0.2355,27925.896
1775891700000,0.2356,0.2362,0.2356,0.236,9085.309
1775892600000,0.236,0.2361,0.2357,0.2357,14372.57
1775893500000,0.2356,0.2361,0.2356,0.236,7705.454
1775894400000,0.2362,0.2362,0.2358,0.2358,2631.724
1775895300000,0.2357,0.2369,0.2355,0.2367,10761.378
1775896200000,0.2368,0.2369,0.2358,0.2365,44850.544
1775897100000,0.2367,0.2367,0.2356,0.2363,13371.072
1775898000000,0.2364,0.2378,0.2364,0.2371,59758.992
1775898900000,0.2371,0.2387,0.2371,0.2382,23123.73
1775899800000,0.2381,0.2381,0.2367,0.2371,6250.806
1775900700000,0.2372,0.2379,0.2371,0.2379,10042.487
1775901600000,0.2379,0.2382,0.2366,0.2371,12458.435
1775902500000,0.2373,0.2373,0.2361,0.2368,179863.691
1775903400000,0.2367,0.2369,0.2364,0.2364,14087.618
1775904300000,0.2362,0.2367,0.2362,0.2364,3559.596
1775905200000,0.2365,0.2371,0.2363,0.2365,4542.175
1775906100000,0.2365,0.2372,0.2362,0.237,11668.157
1775907000000,0.2369,0.2372,0.2366,0.2372,1498.866
1775907900000,0.2369,0.2381,0.2369,0.2374,8222.63
1775908800000,0.2374,0.2374,0.2368,0.2369,5158.788
1775909700000,0.2371,0.2372,0.2363,0.2368,7308.893
1775910600000,0.2368,0.2373,0.2367,0.237,15844.487
1775911500000,0.2366,0.2367,0.2366,0.2367,784.751
1775912400000,0.2363,0.2363,0.2349,0.2359,26887.755
1775913300000,0.2354,0.2363,0.2353,0.2356,29457.373
1775914200000,0.2355,0.2362,0.2354,0.2359,4860.198
1775915100000,0.2361,0.2366,0.2361,0.2366,909.314
1775916000000,0.2364,0.2392,0.2364,0.238,32534.007
1775916900000,0.2379,0.2384,0.2374,0.2374,35828.87
1775917800000,0.2373,0.2373,0.2362,0.2365,51159.75
1775918700000,0.2366,0.2371,0.2365,0.2366,20682.284
1775919600000,0.2365,0.2365,0.2357,0.2361,7037.239
1775920500000,0.236,0.2374,0.2358,0.2369,5841.494
1775921400000,0.2371,0.2375,0.237,0.2374,6621.715
1775922300000,0.2375,0.238,0.2371,0.2377,3776.606
1775923200000,0.238,0.2395,0.2379,0.2395,24300.098
1775924100000,0.2396,0.2414,0.2396,0.2414,94382.182
1775925000000,0.2413,0.2422,0.2403,0.2419,126716.764
1775925900000,0.2419,0.242,0.2405,0.241,20573.626
1775926800000,0.2409,0.2412,0.24,0.2406,11546.782
1775927700000,0.2406,0.2412,0.2397,0.2399,78412.734
1775928600000,0.2399,0.2413,0.2398,0.2408,16252.551
1775929500000,0.2407,0.2407,0.2395,0.2395,11203.869
1775930400000,0.2394,0.2394,0.2386,0.2394,10672.894
1775931300000,0.2394,0.2403,0.2392,0.2403,3930.2
1775932200000,0.2404,0.2437,0.2404,0.2436,53744.382
1775933100000,0.2438,0.244,0.2423,0.2424,79984.274
1775934000000,0.2429,0.2448,0.2428,0.2436,36327.314
1775934900000,0.2437,0.2456,0.2436,0.2454,26498.256
1775935800000,0.2455,0.2485,0.2454,0.248,95275.808
1775936700000,0.2481,0.2487,0.2469,0.2482,43612.734
1775937600000,0.2483,0.2485,0.2465,0.2468,60392.674
1775938500000,0.2467,0.2473,0.2455,0.2466,196888.906
1775939400000,0.2468,0.2469,0.2442,0.2452,59823.586
1775940300000,0.2454,0.2476,0.2452,0.2461,23853.052
1775941200000,0.2461,0.247,0.2456,0.2464,20116.937
1775942100000,0.2465,0.2465,0.2458,0.2463,29391.427
1775943000000,0.2457,0.2465,0.2449,0.2461,14340.302
1775943900000,0.2459,0.2471,0.2459,0.2461,9857.295
1775944800000,0.2461,0.248,0.2461,0.2479,27008.978
1775945700000,0.2479,0.2502,0.2479,0.2493,71092.786
1775946600000,0.2493,0.2493,0.2472,0.2479,53702.727
1775947500000,0.2479,0.2486,0.2462,0.2473,47422.403
1775948400000,0.2472,0.2472,0.2433,0.2438,43242.926
1775949300000,0.244,0.2454,0.2438,0.2447,11697.669
1775950200000,0.2447,0.2448,0.2439,0.2439,28086.366
1775951100000,0.2438,0.2445,0.2437,0.2444,5857.672
1775952000000,0.2444,0.2444,0.2415,0.242,28241.144
1775952900000,0.2419,0.2432,0.2419,0.2432,3110.641
1775953800000,0.2431,0.2438,0.2414,0.2416,11329.479
1775954700000,0.2418,0.2428,0.2417,0.2428,14300.931
1775955600000,0.2428,0.2441,0.2424,0.243,28947.864
1775956500000,0.243,0.2444,0.243,0.2443,19243.506
1775957400000,0.2444,0.2445,0.236,0.2367,264697.575
1775958300000,0.2368,0.2368,0.2336,0.2346,264983.356
1775959200000,0.2344,0.236,0.2333,0.2351,233144.801
1775960100000,0.235,0.2369,0.2346,0.2352,134305.796
1775961000000,0.2352,0.2361,0.2347,0.2352,100977.475
1775961900000,0.2351,0.2352,0.2345,0.235,12580.486
1775962800000,0.235,0.2358,0.2339,0.2343,41824.065
1775963700000,0.2341,0.2343,0.232,0.2334,85868.668
1775964600000,0.2333,0.234,0.2326,0.2338,48251.692
1775965500000,0.2336,0.2346,0.2336,0.2342,54365.607
1775966400000,0.2342,0.2344,0.2328,0.233,16601.599
1775967300000,0.233,0.2339,0.232,0.2336,30978.151
1775968200000,0.2336,0.2344,0.2331,0.2339,13429.61
1775969100000,0.2339,0.2347,0.2334,0.2339,5661.813
1775970000000,0.234,0.2351,0.2338,0.2345,65889.033
1775970900000,0.2341,0.2344,0.2326,0.2343,46630.119
1775971800000,0.2343,0.2356,0.2343,0.2352,13909.99
1775972700000,0.2352,0.2359,0.235,0.2354,13023.533
1775973600000,0.2352,0.2375,0.2352,0.237,26261.506
1775974500000,0.2365,0.2382,0.2364,0.2371,119300.626
1775975400000,0.2365,0.2365,0.2356,0.2357,18265.784
1775976300000,0.2357,0.2361,0.2354,0.2355,111776.47
1775977200000,0.2355,0.2366,0.2353,0.2357,33200.354
1775978100000,0.236,0.2372,0.236,0.2366,20076.827
1775979000000,0.2365,0.2368,0.236,0.2362,15906.224
1775979900000,0.2363,0.2365,0.2359,0.2359,45521.171
1775980800000,0.236,0.2368,0.2358,0.2368,3922.261
1775981700000,0.2368,0.238,0.2368,0.2378,7653.812
1775982600000,0.2381,0.2387,0.237,0.237,14417.18
1775983500000,0.2369,0.2371,0.2362,0.2371,47592.622
1775984400000,0.2373,0.2374,0.2363,0.237,3889.08
1775985300000,0.2371,0.2378,0.2368,0.2368,15717.684
1775986200000,0.2369,0.2369,0.2356,0.2358,23325.454
1775987100000,0.2363,0.2363,0.2354,0.2355,6078.317
1775988000000,0.2356,0.2356,0.2333,0.234,167556.096
1775988900000,0.2341,0.2345,0.2338,0.2338,6058.898
1775989800000,0.2336,0.2342,0.233,0.2335,33873.017
1775990700000,0.2335,0.234,0.2322,0.2332,84898.987
1775991600000,0.2331,0.2346,0.2329,0.2345,7386.758
1775992500000,0.2344,0.2348,0.2343,0.2347,6998.127
1775993400000,0.2347,0.2347,0.2342,0.2345,1606.591
1775994300000,0.2345,0.2355,0.2344,0.2352,5232.63
1775995200000,0.2351,0.2351,0.2343,0.2345,7950.483
1775996100000,0.2343,0.2348,0.2339,0.2348,10800.864
1775997000000,0.2349,0.2361,0.2343,0.2358,14218.095
1775997900000,0.2358,0.2362,0.2345,0.2347,27212.77
1775998800000,0.2346,0.2363,0.2338,0.2352,62827.711
1775999700000,0.2353,0.2355,0.2344,0.2349,9585.914
1776000600000,0.2346,0.2348,0.234,0.2345,11270.906
1776001500000,0.2343,0.2344,0.2333,0.2335,21918.778
1776002400000,0.2336,0.2347,0.2336,0.2347,5444.177
1776003300000,0.2348,0.2355,0.2345,0.2352,14666.696
1776004200000,0.2352,0.2352,0.2343,0.2349,9399.791
1776005100000,0.2347,0.235,0.234,0.2341,32876.087
1776006000000,0.234,0.234,0.2333,0.234,12260.74
1776006900000,0.2338,0.2338,0.233,0.2332,15314.82
1776007800000,0.2333,0.2343,0.2327,0.2343,19563.542
1776008700000,0.2342,0.2346,0.234,0.2346,10572.743
1776009600000,0.2346,0.2356,0.2342,0.2346,46925.118
1776010500000,0.2343,0.2349,0.2337,0.2347,22969.058
1776011400000,0.2349,0.2349,0.2336,0.2338,41640.362
1776012300000,0.2337,0.2337,0.233,0.2335,7869.745
1776013200000,0.2337,0.2351,0.2336,0.2341,20856.428
1776014100000,0.2341,0.2344,0.2337,0.2341,5550.918
1776015000000,0.2343,0.2345,0.2337,0.2345,2147.563
1776015900000,0.2342,0.2367,0.2342,0.2365,38826.933
1776016800000,0.2367,0.2369,0.2354,0.2357,12532.855
1776017700000,0.2356,0.2359,0.235,0.2351,15201.528
1776018600000,0.2351,0.236,0.2349,0.2349,13602.089
1776019500000,0.2349,0.2351,0.2345,0.2345,2078.273
1776020400000,0.2345,0.2346,0.2341,0.2343,8899.385
1776021300000,0.2343,0.2349,0.2342,0.2349,20429.335
1776022200000,0.2348,0.2348,0.234,0.2341,15241.785
1776023100000,0.234,0.2344,0.2338,0.2342,10109.785
1776024000000,0.2342,0.2357,0.2339,0.2352,16719.846
1776024900000,0.235,0.2353,0.2348,0.2349,8355.523
1776025800000,0.2347,0.2367,0.2347,0.2362,5954.592
1776026700000,0.2363,0.2363,0.2355,0.236,17005.438
1776027600000,0.2361,0.2371,0.235,0.235,18622.769
1776028500000,0.2352,0.2355,0.2352,0.2354,7728.489
1776029400000,0.2355,0.2358,0.2346,0.235,14412.193
1776030300000,0.235,0.2353,0.2347,0.235,16478.339
1776031200000,0.2352,0.2352,0.2323,0.2328,58921.455
1776032100000,0.2328,0.2328,0.2301,0.2311,107022.647
1776033000000,0.2309,0.2321,0.2291,0.2313,110980.287
1776033900000,0.2318,0.2322,0.2314,0.2322,47806.147
1776034800000,0.2321,0.2321,0.23,0.23,12847.096
1776035700000,0.2298,0.2302,0.2297,0.23,11428.146
1776036600000,0.23,0.2301,0.2293,0.2299,7911.619
1776037500000,0.2298,0.2302,0.2294,0.2296,52221.49
1776038400000,0.2296,0.231,0.2294,0.2308,26038.061
1776039300000,0.2308,0.2317,0.2306,0.231,153122.592
1776040200000,0.2309,0.2318,0.2309,0.2318,1853.497
1776041100000,0.2317,0.2324,0.2314,0.2319,2449.114
1776042000000,0.232,0.2331,0.2316,0.233,14795.905
1776042900000,0.233,0.233,0.232,0.232,22774.803
1776043800000,0.2321,0.2325,0.2315,0.2321,6974.6
1776044700000,0.2322,0.2341,0.2322,0.2338,51021.509
1776045600000,0.2335,0.2338,0.2321,0.2321,9338.268
1776046500000,0.2321,0.2332,0.2321,0.2325,9216.894
1776047400000,0.2325,0.2327,0.2311,0.2312,5680.442
1776048300000,0.2312,0.2312,0.2308,0.2308,24347.128
1776049200000,0.2307,0.2309,0.2304,0.2305,12847.664
1776050100000,0.2304,0.2308,0.2303,0.2303,2500.115
1776051000000,0.2302,0.2309,0.2302,0.2305,613.041
1776051900000,0.2305,0.2311,0.2304,0.2311,1018.697
1776052800000,0.231,0.2312,0.2306,0.2308,1951.725
1776053700000,0.2309,0.231,0.2306,0.2309,755.897
1776054600000,0.2307,0.231,0.2305,0.2306,4421.196
1776055500000,0.2305,0.2308,0.2291,0.2297,16129.079
1776056400000,0.2297,0.2302,0.2295,0.2297,3295.33
1776057300000,0.2297,0.23,0.2293,0.2299,8216.268
1776058200000,0.2298,0.2298,0.2291,0.2291,24721.526
1776059100000,0.2295,0.2306,0.2294,0.2306,504927.56
1776060000000,0.2308,0.2321,0.2308,0.2318,22932.899
1776060900000,0.2317,0.2329,0.2317,0.2325,7775.83
1776061800000,0.2323,0.2325,0.2318,0.2318,2136.703
1776062700000,0.2322,0.2322,0.2312,0.2314,11401.824
1776063600000,0.2315,0.2317,0.2305,0.2308,10251.289
1776064500000,0.2307,0.2307,0.229,0.2292,57219.896
1776065400000,0.2291,0.2299,0.2288,0.2293,50615.454
1776066300000,0.2295,0.2295,0.2289,0.2289,14856.557
1776067200000,0.2288,0.2298,0.2286,0.2292,10232.853
1776068100000,0.2291,0.2294,0.229,0.2293,1164.744
1776069000000,0.2293,0.2294,0.2273,0.2282,44262.211
1776069900000,0.2279,0.2287,0.2278,0.2283,41031.316
1776070800000,0.2284,0.2296,0.2281,0.2281,5995.414
1776071700000,0.2283,0.229,0.2281,0.2289,8290.899
1776072600000,0.2287,0.2288,0.2282,0.2283,3784.817
1776073500000,0.2283,0.2286,0.2282,0.2285,964.998
1776074400000,0.2286,0.2286,0.228,0.2281,25974.56
1776075300000,0.2283,0.2283,0.2272,0.2273,61188.314
1776706200000,0.2119,0.2126,0.2114,0.2121,1194.309
1776707100000,0.2121,0.213,0.2121,0.2128,20831.471
1776708000000,0.213,0.2155,0.213,0.2149,29129.053
1776708900000,0.2149,0.2156,0.2147,0.2154,15210.177
1776709800000,0.2149,0.2152,0.2142,0.2149,28738.525
1776710700000,0.2148,0.215,0.214,0.214,13398.729
1776711600000,0.2143,0.2145,0.2135,0.2135,32638.042
1776712500000,0.2134,0.2134,0.2122,0.2125,12032.44
1776713400000,0.2126,0.2136,0.2126,0.2136,767.09
1776714300000,0.2135,0.2135,0.213,0.2132,14808.031
1776715200000,0.2131,0.2136,0.2128,0.2128,5851.292
1776716100000,0.2129,0.2146,0.2129,0.214,16579.79
1776717000000,0.2139,0.2143,0.2134,0.2135,6658.906
1776717900000,0.2134,0.2148,0.2133,0.2145,14950.72
1776718800000,0.2146,0.2147,0.2122,0.2127,14778.185
1776719700000,0.2127,0.2127,0.2116,0.212,3686.51
1776720600000,0.2123,0.2125,0.2118,0.2122,5481.544
1776721500000,0.2121,0.2126,0.2121,0.2126,8611.586
1776722400000,0.2127,0.2128,0.2122,0.2128,4026.188
1776723300000,0.2126,0.2126,0.2115,0.2117,6508.29
1776724200000,0.2118,0.2123,0.2113,0.2113,8561.223
1776725100000,0.2114,0.2119,0.2114,0.2118,1826.915
1776726000000,0.2116,0.2116,0.2108,0.2112,16335.323
1776726900000,0.2111,0.2112,0.2104,0.2106,7157.235
1776727800000,0.2103,0.2106,0.2103,0.2105,23368.863
1776728700000,0.2106,0.2113,0.2106,0.2112,20748.434
1776729600000,0.2111,0.2113,0.2103,0.2105,33809.296
1776730500000,0.2104,0.2107,0.2101,0.2105,3958.634
1776731400000,0.2106,0.2109,0.2103,0.2107,4178.42
1776732300000,0.2107,0.2117,0.2107,0.2116,4273.529
1776733200000,0.2115,0.212,0.2112,0.212,7618.018
1776734100000,0.2115,0.2118,0.2111,0.2117,822.638
1776735000000,0.2119,0.2122,0.211,0.2112,1110.436
1776735900000,0.2111,0.2112,0.2098,0.2102,20203.83
1776736800000,0.2101,0.2101,0.2087,0.209,33655.159
1776737700000,0.2092,0.2095,0.209,0.2094,2248.031
1776738600000,0.2095,0.2102,0.2095,0.2098,1700.066
1776739500000,0.2095,0.2098,0.2095,0.2096,1089.158
1776740400000,0.2095,0.2096,0.2089,0.209,12227.61
1776741300000,0.2089,0.2095,0.2086,0.2095,2494.948
1776742200000,0.2097,0.2098,0.2089,0.2089,3318.209
1776743100000,0.2088,0.2103,0.2088,0.2095,119991.13
1776744000000,0.2096,0.2097,0.2094,0.2095,11131.322
1776744900000,0.2092,0.2103,0.2091,0.2099,7221.657
1776745800000,0.2099,0.2103,0.2098,0.2099,3100.311
1776746700000,0.21,0.2111,0.21,0.2107,5919.31
1776747600000,0.2109,0.2121,0.2109,0.2118,4295.453
1776748500000,0.2117,0.2123,0.2117,0.2123,4426.711
1776749400000,0.2119,0.2129,0.2118,0.2129,13019.385
1776750300000,0.213,0.2138,0.213,0.2133,6482.842
1776751200000,0.2134,0.2137,0.213,0.2136,11058.876
1776752100000,0.2135,0.2135,0.2123,0.2126,15875.58
1776753000000,0.2126,0.2142,0.2126,0.2136,32025.784
1776753900000,0.2135,0.2135,0.2125,0.2127,8317.844
1776754800000,0.2122,0.2123,0.2117,0.2121,25909.198
1776755700000,0.2122,0.2136,0.2121,0.2127,10910.579
1776756600000,0.213,0.2135,0.2122,0.2135,6160.933
1776757500000,0.2136,0.2138,0.2133,0.2134,7178.883
1776758400000,0.2131,0.2141,0.2131,0.2133,86887.008
1776759300000,0.2136,0.2139,0.2131,0.2133,5217.705
1776760200000,0.2132,0.2135,0.2128,0.2133,7677.912
1776761100000,0.2131,0.2146,0.213,0.2131,2717.272
1776762000000,0.2131,0.2132,0.2126,0.213,762.136
1776762900000,0.2137,0.2137,0.2125,0.2126,105015.197
1776763800000,0.2126,0.2128,0.212,0.2126,8035.368
1776764700000,0.2127,0.2127,0.2121,0.2125,50930.085
1776765600000,0.2124,0.2133,0.2124,0.2133,36463.342
1776766500000,0.2132,0.2137,0.213,0.2134,4204.715
1776767400000,0.2135,0.2147,0.2134,0.2146,46957.254
1776768300000,0.2148,0.2155,0.2144,0.2144,20808.869
1776769200000,0.2145,0.2149,0.2133,0.2141,14014.498
1776770100000,0.214,0.2149,0.214,0.2148,5553.973
1776771000000,0.215,0.2154,0.2137,0.2139,12566.356
1776771900000,0.2139,0.2141,0.2136,0.2141,5359.185
1776772800000,0.2141,0.2151,0.2133,0.2136,10013.145
1776773700000,0.2133,0.2135,0.2129,0.2132,3694.559
1776774600000,0.213,0.2131,0.2108,0.2109,69497.385
1776775500000,0.2108,0.2117,0.2107,0.2112,46953.911
1776776400000,0.2114,0.2114,0.2107,0.2107,2598.349
1776777300000,0.2107,0.2111,0.2105,0.211,5835.913
1776778200000,0.211,0.2119,0.2107,0.2116,23749.23
1776779100000,0.2115,0.2121,0.2114,0.2119,13463.366
1776780000000,0.212,0.212,0.2108,0.2112,768.955
1776780900000,0.2112,0.2127,0.2111,0.2127,2179.372
1776781800000,0.2126,0.2137,0.2126,0.2132,6352.477
1776782700000,0.2131,0.2131,0.2106,0.2107,8061.688
1776783600000,0.2107,0.2111,0.2103,0.2106,12823.997
1776784500000,0.2111,0.2111,0.2094,0.2101,42749.778
1776785400000,0.2102,0.2102,0.2092,0.2095,5507.722
1776786300000,0.2095,0.2105,0.2092,0.2102,131278.356
1776787200000,0.2103,0.2106,0.2095,0.2095,15004.818
1776788100000,0.2096,0.2101,0.2096,0.2097,8827.155
1776789000000,0.2095,0.2107,0.2095,0.2098,2945.67
1776789900000,0.2097,0.2099,0.2089,0.2089,5014.327
1776790800000,0.2092,0.2099,0.208,0.2084,14501.36
1776791700000,0.2082,0.2082,0.2068,0.207,94292.678
1776792600000,0.2073,0.2094,0.2073,0.2089,9600.114
1776793500000,0.2088,0.209,0.2081,0.2081,2763.185
1776794400000,0.2081,0.2084,0.2072,0.2076,11422.408
1776795300000,0.2078,0.2078,0.2062,0.2064,36039.13
1776796200000,0.2066,0.207,0.2064,0.2065,4893.26
1776797100000,0.2064,0.2065,0.2052,0.2064,146960.487
1776798000000,0.2067,0.2074,0.2063,0.2064,27893.261
1776798900000,0.2065,0.2081,0.2062,0.2074,9364.417
1776799800000,0.2075,0.2075,0.2046,0.205,24611.503
1776800700000,0.2052,0.2058,0.2048,0.205,4271.807
1776801600000,0.205,0.2079,0.2046,0.2075,109389.778
1776802500000,0.2072,0.2084,0.2072,0.2084,20930.571
1776803400000,0.2082,0.209,0.208,0.2084,7257.992
1776804300000,0.2086,0.2087,0.208,0.208,18235.968
1776805200000,0.2082,0.2082,0.2076,0.2079,17521.885
1776806100000,0.2081,0.2086,0.208,0.2081,6421.221
1776807000000,0.2082,0.2082,0.2075,0.2075,7019.158
1776807900000,0.2073,0.2082,0.2071,0.208,6375.177
1776808800000,0.208,0.2087,0.208,0.2087,4926.213
1776809700000,0.2086,0.2086,0.2074,0.2075,10916.462
1776810600000,0.2074,0.2074,0.2066,0.2071,1962.729
1776811500000,0.2074,0.2076,0.2073,0.2076,164.611
1776812400000,0.2075,0.2091,0.2075,0.209,108962.08
1776813300000,0.2092,0.2096,0.2087,0.2088,11816.274
1776814200000,0.2088,0.2098,0.2088,0.2098,3606.631
1776815100000,0.2097,0.2103,0.2094,0.2097,5697.185
1776816000000,0.2098,0.2104,0.2098,0.2103,7957.371
1776816900000,0.2099,0.2101,0.2097,0.21,10022.727
1776817800000,0.2099,0.2099,0.2092,0.2097,1042.025
1776818700000,0.2102,0.2109,0.2102,0.2105,2707.475
1776819600000,0.2105,0.2108,0.21,0.21,1214.549
1776820500000,0.2107,0.211,0.2102,0.2103,8750.726
1776821400000,0.2102,0.2109,0.2102,0.2109,647.449
1776822300000,0.2109,0.2111,0.2104,0.2107,23010.866
1776823200000,0.2104,0.2119,0.2101,0.2114,17686.511
1776824100000,0.2115,0.2138,0.2115,0.2137,27662.207
1776825000000,0.2137,0.214,0.2128,0.2136,56505.64
1776825900000,0.2137,0.2151,0.2136,0.2148,31834.269
1776826800000,0.2148,0.2151,0.214,0.215,57811.327
1776827700000,0.2149,0.2149,0.213,0.213,31728.594
1776828600000,0.2129,0.2129,0.2122,0.2127,2431.739
1776829500000,0.2128,0.2128,0.2122,0.2128,6805.808
1776830400000,0.2129,0.2131,0.2127,0.2127,27320.136
1776831300000,0.2126,0.2133,0.2125,0.2133,12974.107
1776832200000,0.2133,0.2138,0.2131,0.2136,10834.349
1776833100000,0.2135,0.2137,0.213,0.2137,8392.847
1776834000000,0.2137,0.2149,0.2133,0.2146,4889.412
1776834900000,0.2143,0.217,0.2143,0.2164,124141.58
1776835800000,0.2164,0.2178,0.2164,0.217,51101.53
1776836700000,0.2168,0.2176,0.2159,0.2159,45355.644
1776837600000,0.2158,0.2168,0.2153,0.2153,63442.964
1776838500000,0.2154,0.2157,0.2152,0.2155,1089.115
1776839400000,0.2155,0.2159,0.2152,0.2157,6985.606
1776840300000,0.2155,0.2156,0.2147,0.2155,1605.322
1776841200000,0.2155,0.2155,0.215,0.2154,7358.18
1776842100000,0.2153,0.2153,0.2142,0.2146,31227.805
1776843000000,0.2145,0.2155,0.2145,0.2155,19329.226
1776843900000,0.2155,0.2155,0.2147,0.2149,124625.971
1776844800000,0.2151,0.2155,0.2148,0.2151,12300.425
1776845700000,0.2153,0.2157,0.2149,0.2156,11989.835
1776846600000,0.2153,0.2158,0.2149,0.215,6796.487
1776847500000,0.215,0.2153,0.2148,0.215,3406.466
1776848400000,0.215,0.2157,0.2144,0.2155,29443.772
1776849300000,0.2155,0.2157,0.2152,0.2157,16395.804
1776850200000,0.2156,0.2156,0.2153,0.2155,77650.647
1776851100000,0.2154,0.2158,0.2148,0.2148,10365.265
1776852000000,0.2147,0.2151,0.2141,0.2141,29310.939
1776852900000,0.2142,0.2144,0.2138,0.2143,20081.469
1776853800000,0.2143,0.2147,0.2141,0.2141,24232.835
1776854700000,0.2142,0.2142,0.214,0.214,6691.612
1776855600000,0.2141,0.2145,0.2139,0.214,5576.727
1776856500000,0.2139,0.2145,0.2139,0.2143,1790.871
1776857400000,0.2141,0.2147,0.2139,0.214,1619.951
1776858300000,0.2142,0.2146,0.2142,0.2146,28625.804
1776859200000,0.2147,0.2149,0.2142,0.2148,2448.4
1776860100000,0.2146,0.2146,0.2132,0.2133,4353.994
1776861000000,0.2133,0.2134,0.2124,0.2124,13669.015
1776861900000,0.2129,0.2134,0.2126,0.2131,4004.008
1776862800000,0.2131,0.2146,0.2125,0.2145,15748.324
1776863700000,0.2145,0.2148,0.2143,0.2144,21928.351
1776864600000,0.2141,0.2148,0.2141,0.2147,63824.447
1776865500000,0.2148,0.2152,0.2145,0.2147,8039.518
1776866400000,0.2148,0.2163,0.2145,0.2161,17041.122
1776867300000,0.2161,0.2163,0.2151,0.2154,31695.489
1776868200000,0.2155,0.2157,0.2144,0.2145,20822.486
1776869100000,0.2144,0.2152,0.2144,0.215,8091.327
1776870000000,0.215,0.2154,0.2142,0.2152,23927.611
1776870900000,0.2152,0.2153,0.2148,0.2152,6456.459
1776871800000,0.2157,0.2158,0.2149,0.2154,20562.603
1776872700000,0.2154,0.2158,0.2143,0.2143,14076.741
1776873600000,0.2144,0.2147,0.2133,0.2135,15203.558
1776874500000,0.2136,0.2139,0.2118,0.2124,39895.592
1776875400000,0.2123,0.2132,0.2123,0.2128,1958.483
1776876300000,0.2129,0.2131,0.2125,0.2126,10919.352
1776877200000,0.2127,0.2138,0.2127,0.2138,1782.19
1776878100000,0.2135,0.2135,0.2129,0.2131,2206.174
1776879000000,0.2129,0.2129,0.2123,0.2123,10859.065
1776879900000,0.2122,0.2128,0.2117,0.2128,8321.117
1776880800000,0.2129,0.2134,0.2128,0.2134,506.859
1776881700000,0.2135,0.2136,0.2132,0.2132,7698.203
1776882600000,0.2129,0.213,0.2125,0.2125,11857.663
1776883500000,0.2128,0.2128,0.2128,0.2128,3.0
1776884400000,0.2121,0.2121,0.211,0.2111,8092.378
1776885300000,0.2111,0.2111,0.21,0.2101,17921.8
1776886200000,0.21,0.2101,0.2084,0.2091,22785.572
1776887100000,0.2092,0.2099,0.2089,0.2096,59296.75
1776888000000,0.2097,0.2103,0.2093,0.2102,8405.367
1776888900000,0.2104,0.2105,0.2092,0.2095,14870.178
1776889800000,0.2095,0.2098,0.2091,0.2091,9981.028
1776890700000,0.2089,0.2093,0.2087,0.2091,11449.435
1776891600000,0.2087,0.2098,0.2087,0.2098,22560.729
1776892500000,0.2097,0.2104,0.2093,0.2104,6575.976
1776893400000,0.2106,0.2106,0.2101,0.2104,1535.053
1776894300000,0.2104,0.2113,0.2104,0.2109,30830.894
1776895200000,0.2107,0.2113,0.2107,0.2112,65957.418
1776896100000,0.2108,0.2109,0.2098,0.2098,27630.473
1776897000000,0.2098,0.2103,0.2094,0.2094,6640.123
1776897900000,0.2093,0.2095,0.2088,0.2092,4131.885
1776898800000,0.2092,0.2093,0.2086,0.2091,3290.464
1776899700000,0.2089,0.2089,0.2071,0.2077,29867.302
1776900600000,0.2076,0.2076,0.2066,0.207,71819.581
1776901500000,0.207,0.2073,0.2067,0.2067,50999.351
1776902400000,0.2071,0.2073,0.2057,0.2057,33690.443
1776903300000,0.2056,0.2067,0.2037,0.2066,95256.206
1776904200000,0.2065,0.207,0.2059,0.2065,16197.615
1776905100000,0.2068,0.2069,0.2064,0.2066,9677.642
1776906000000,0.2067,0.2067,0.2058,0.2058,59711.69
1776906900000,0.2059,0.2059,0.2054,0.2059,25330.342
1776907800000,0.2054,0.2066,0.205,0.2065,11588.838
1776908700000,0.2065,0.2068,0.2063,0.2063,1317.158
1776909600000,0.2063,0.2063,0.2058,0.2058,2395.797
1776910500000,0.2055,0.2066,0.205,0.2051,20634.403
1776911400000,0.205,0.205,0.2043,0.2049,3220.414
1776912300000,0.2052,0.2056,0.2051,0.2054,838.106
1776913200000,0.2053,0.2064,0.2053,0.2053,24432.502
1776914100000,0.2052,0.2055,0.2048,0.2055,37391.039
1776915000000,0.2054,0.2056,0.2046,0.2055,3670.218
1776915900000,0.2055,0.206,0.2052,0.2058,25618.658
1776916800000,0.206,0.2069,0.206,0.2069,8393.015
1776917700000,0.2067,0.207,0.2066,0.207,8330.896
1776918600000,0.207,0.2078,0.207,0.2078,4003.247
1776919500000,0.2078,0.2078,0.2073,0.2074,8514.171
1776920400000,0.2077,0.2085,0.2077,0.208,7274.245
1776921300000,0.2082,0.2083,0.2077,0.2078,4080.786
1776922200000,0.2077,0.2077,0.2068,0.2073,23302.278
1776923100000,0.2074,0.208,0.2074,0.2075,10835.274
1776924000000,0.2076,0.2088,0.2075,0.2088,6664.855
1776924900000,0.2089,0.2096,0.2087,0.2096,1736.886
1776925800000,0.2098,0.2107,0.2098,0.2101,9970.567
1776926700000,0.2101,0.2108,0.21,0.21,8346.115
1776927600000,0.2101,0.2106,0.2095,0.2096,28936.16
1776928500000,0.2094,0.2095,0.209,0.2094,41907.68
1776929400000,0.209,0.2095,0.209,0.2093,11853.936
1776930300000,0.2094,0.2096,0.2078,0.2079,40620.332
1776931200000,0.208,0.2088,0.208,0.2088,2258.205
1776932100000,0.2088,0.2091,0.2085,0.2087,9575.536
1776933000000,0.2087,0.2088,0.208,0.2081,2223.056
1776933900000,0.2079,0.2089,0.2079,0.2089,160.862
1776934800000,0.2088,0.2088,0.2071,0.2077,6470.097
1776935700000,0.2079,0.2082,0.2074,0.2074,8054.745
1776936600000,0.2076,0.2079,0.2073,0.2077,45258.485
1776937500000,0.2075,0.2078,0.207,0.2077,34335.064
1776938400000,0.2077,0.2079,0.2062,0.2062,39513.752
1776939300000,0.2064,0.207,0.2062,0.207,8142.516
1776940200000,0.2068,0.2071,0.2066,0.2066,22649.88
1776941100000,0.2066,0.2067,0.2062,0.2066,5098.504
1776942000000,0.2067,0.2074,0.2066,0.2073,3772.609
1776942900000,0.2075,0.2077,0.2072,0.2075,3088.705
1776943800000,0.2074,0.2086,0.2074,0.2086,8128.771
1776944700000,0.2087,0.2098,0.2087,0.2093,51736.083
1776945600000,0.2094,0.2102,0.2093,0.2096,10876.483
1776946500000,0.2092,0.2092,0.2087,0.2087,5005.227
1776947400000,0.209,0.2094,0.2088,0.2093,6147.75
1776948300000,0.2093,0.2093,0.208,0.2086,33530.791
1776949200000,0.2086,0.2086,0.2074,0.2075,22163.444
1776950100000,0.2075,0.2078,0.2075,0.2078,8955.406
1776951000000,0.2076,0.208,0.2071,0.2074,25396.325
1776951900000,0.2072,0.2076,0.207,0.2076,2128.824
1776952800000,0.2076,0.2083,0.2068,0.2082,5605.353
1776953700000,0.208,0.209,0.208,0.2089,4368.545
1776954600000,0.2087,0.2091,0.2084,0.2091,16981.86
1776955500000,0.2092,0.2104,0.2092,0.2099,5552.755
1776956400000,0.2099,0.2099,0.2093,0.2096,28541.222
1776957300000,0.2097,0.2118,0.2097,0.2107,36797.714
1776958200000,0.2103,0.2108,0.2101,0.2105,15214.505
1776959100000,0.2102,0.2112,0.2102,0.2112,25797.113
1776960000000,0.2113,0.2116,0.2106,0.2107,8919.635
1776960900000,0.2107,0.2108,0.21,0.2106,4933.154
1776961800000,0.2103,0.2107,0.2101,0.2101,2917.767
1776962700000,0.2101,0.2101,0.2088,0.2089,17057.351
1776963600000,0.2091,0.2091,0.2073,0.208,10025.355
1776964500000,0.2081,0.2083,0.2072,0.2077,21303.043
1776965400000,0.2076,0.2081,0.2058,0.2064,25131.657
1776966300000,0.2064,0.2084,0.2063,0.2077,22633.073
1776967200000,0.2078,0.2087,0.2078,0.2081,2934.849
1776968100000,0.2081,0.2081,0.2076,0.2076,2334.908
1776969000000,0.2079,0.2087,0.2079,0.2084,4927.465
1776969900000,0.208,0.2082,0.2076,0.2077,8228.141
1776970800000,0.2077,0.2084,0.2073,0.2084,1620.731
1776971700000,0.2085,0.2095,0.2085,0.2093,12020.724
1776972600000,0.2092,0.2092,0.2083,0.2085,1284.87
1776973500000,0.2083,0.2091,0.2078,0.209,18912.713
1776974400000,0.2087,0.2099,0.2087,0.2096,5591.847
1776975300000,0.2094,0.2096,0.2092,0.2096,969.103
1777606200000,0.1982,0.1984,0.198,0.1984,4735.014
1777607100000,0.1984,0.1984,0.1976,0.1976,3702.31
1777608000000,0.1977,0.1988,0.1977,0.1988,2829.538
1777608900000,0.1986,0.1987,0.1973,0.1973,2136.292
1777609800000,0.1974,0.1981,0.1973,0.1981,1670.524
1777610700000,0.1982,0.1986,0.1982,0.1982,1208.271
1777611600000,0.1978,0.1986,0.1978,0.1986,3600.149
1777612500000,0.1985,0.1987,0.1983,0.1987,5013.54
1777613400000,0.1988,0.1994,0.1988,0.1993,2014.152
1777614300000,0.1993,0.1993,0.1991,0.1991,1286.827
1777615200000,0.1991,0.1997,0.199,0.1993,22914.864
1777616100000,0.1993,0.1993,0.1991,0.1992,1103.716
1777617000000,0.199,0.1992,0.1987,0.199,11346.54
1777617900000,0.199,0.199,0.1982,0.1982,2702.089
1777618800000,0.198,0.1983,0.198,0.1983,50539.854
1777619700000,0.1982,0.1982,0.1976,0.1976,7379.661
1777620600000,0.1976,0.1978,0.1976,0.1978,6553.296
1777621500000,0.1977,0.1986,0.1977,0.1983,2962.676
1777622400000,0.1981,0.1987,0.1979,0.1987,5488.085
1777623300000,0.1991,0.1994,0.199,0.1993,3736.803
1777624200000,0.1989,0.1989,0.1986,0.1986,693.191
1777625100000,0.1987,0.1987,0.1986,0.1987,3562.71
1777626000000,0.1986,0.1987,0.1982,0.1985,17293.602
1777626900000,0.1983,0.1983,0.1979,0.198,47513.506
1777627800000,0.1979,0.1981,0.1977,0.1977,1155.738
1777628700000,0.1978,0.1978,0.1971,0.1973,6351.042
1777629600000,0.1979,0.1982,0.1975,0.198,2952.978
1777630500000,0.1981,0.1993,0.1981,0.1987,9484.794
1777631400000,0.1991,0.1992,0.1979,0.1982,15493.659
1777632300000,0.1982,0.1987,0.198,0.1982,4748.067
1777633200000,0.1984,0.1985,0.1983,0.1983,178.695
1777634100000,0.1985,0.1991,0.1983,0.1983,1758.63
1777635000000,0.1982,0.1982,0.1978,0.1978,1612.208
1777635900000,0.1979,0.1984,0.1975,0.1984,16801.43
1777636800000,0.1982,0.1992,0.1982,0.1988,1424.457
1777637700000,0.1987,0.1994,0.1987,0.1992,29215.231
1777638600000,0.1993,0.2004,0.1992,0.1999,125198.778
1777639500000,0.1999,0.2011,0.1998,0.2002,28780.393
1777640400000,0.2003,0.2009,0.2003,0.2004,52274.282
1777641300000,0.2005,0.2018,0.2005,0.2011,25838.82
1777642200000,0.2011,0.2013,0.2002,0.2002,1758.561
1777643100000,0.2006,0.2017,0.2004,0.2014,52497.521
1777644000000,0.2015,0.2017,0.2011,0.2015,21293.498
1777644900000,0.2012,0.2012,0.2003,0.2003,102307.339
1777645800000,0.2001,0.2001,0.1996,0.1999,5734.479
1777646700000,0.2004,0.2009,0.2004,0.2009,11515.105
1777647600000,0.2008,0.201,0.2006,0.2008,3875.787
1777648500000,0.2009,0.2009,0.2005,0.2008,2553.247
1777649400000,0.2009,0.2018,0.2007,0.2013,17983.117
1777650300000,0.2013,0.2013,0.1997,0.2009,48402.866
1777651200000,0.201,0.2017,0.2008,0.2012,12693.602
1777652100000,0.2011,0.2011,0.2006,0.2008,4093.775
1777653000000,0.201,0.201,0.2001,0.2008,18404.434
1777653900000,0.2007,0.2018,0.2006,0.2011,5880.324
1777654800000,0.201,0.2011,0.2,0.2001,12187.627
1777655700000,0.2004,0.2007,0.2001,0.2001,5447.261
1777656600000,0.2001,0.2005,0.1998,0.2004,5787.841
1777657500000,0.2002,0.2009,0.2001,0.2009,3014.541
1777658400000,0.2009,0.2012,0.2006,0.2006,1620.68
1777659300000,0.2005,0.2012,0.2005,0.2011,1231.241
1777660200000,0.201,0.201,0.2006,0.2006,4114.761
1777661100000,0.2007,0.2008,0.2006,0.2006,1538.982
1777662000000,0.2005,0.2009,0.2004,0.2008,885.223
1777662900000,0.2008,0.2008,0.2001,0.2008,10368.839
1777663800000,0.2007,0.2007,0.2002,0.2002,5231.17
1777664700000,0.2002,0.2003,0.2001,0.2001,2784.636
1777665600000,0.2001,0.2003,0.2,0.2,966.865
1777666500000,0.1999,0.1999,0.1992,0.1995,3847.817
1777667400000,0.1998,0.1999,0.1987,0.199,1015.406
1777668300000,0.1991,0.1991,0.1981,0.1984,13432.69
1777669200000,0.1985,0.1986,0.1983,0.1984,560.612
1777670100000,0.1983,0.1984,0.1979,0.1979,13526.512
1777671000000,0.198,0.1987,0.198,0.198,1723.186
1777671900000,0.1989,0.1989,0.1988,0.1988,524.472
1777672800000,0.1987,0.1998,0.1986,0.1997,23163.46
1777673700000,0.1997,0.1997,0.1997,0.1997,0.0
1777674600000,0.1985,0.1985,0.1983,0.1983,2766.257
1777675500000,0.1982,0.1982,0.1976,0.1982,2270.858
1777676400000,0.1984,0.1984,0.1983,0.1983,1049.735
1777677300000,0.1981,0.1981,0.1973,0.1973,1576.959
1777678200000,0.1977,0.1985,0.1976,0.1985,952.471
1777679100000,0.1984,0.1986,0.1983,0.1983,1250.214
1777680000000,0.1983,0.1985,0.1983,0.1985,378.397
1777680900000,0.1984,0.1992,0.1984,0.1986,29807.46
1777681800000,0.1988,0.1989,0.1987,0.1988,1518.226
1777682700000,0.1992,0.1995,0.1992,0.1994,5103.407
1777683600000,0.1991,0.1997,0.199,0.1997,6748.083
1777684500000,0.1995,0.1996,0.1993,0.1995,5533.258
1777685400000,0.1996,0.2001,0.1995,0.1998,3449.023
1777686300000,0.1994,0.1996,0.1994,0.1996,2703.764
1777687200000,0.1998,0.1998,0.1994,0.1994,5457.234
1777688100000,0.1996,0.1997,0.1995,0.1996,938.49
1777689000000,0.1995,0.1998,0.1995,0.1995,606.644
1777689900000,0.1994,0.2001,0.1994,0.1995,1443.386
1777690800000,0.1994,0.1994,0.1989,0.1992,4579.518
1777691700000,0.1991,0.1996,0.199,0.1995,6396.94
1777692600000,0.1994,0.1998,0.1991,0.1991,767.38
1777693500000,0.1991,0.1994,0.199,0.1993,1750.54
1777694400000,0.1993,0.1993,0.1989,0.1989,5659.257
1777695300000,0.199,0.199,0.1989,0.1989,770.013
1777696200000,0.1989,0.1991,0.1989,0.1991,294.082
1777697100000,0.1987,0.1989,0.1986,0.1988,2312.9
1777698000000,0.1987,0.1987,0.1982,0.1982,12470.122
1777698900000,0.198,0.1982,0.1979,0.1982,4156.86
1777699800000,0.1981,0.1988,0.1981,0.1988,4029.819
1777700700000,0.1988,0.1991,0.1982,0.1983,34783.323
1777701600000,0.1983,0.1986,0.1983,0.1986,1460.823
1777702500000,0.1983,0.1983,0.198,0.198,1562.692
1777703400000,0.198,0.1982,0.198,0.1982,615.0
1777704300000,0.1981,0.1987,0.1981,0.1987,2137.152
1777705200000,0.1987,0.199,0.1987,0.1988,1215.664
1777706100000,0.1987,0.1992,0.1987,0.1989,22043.623
1777707000000,0.199,0.1991,0.1989,0.199,25950.312
1777707900000,0.1988,0.1992,0.1988,0.199,6914.281
1777708800000,0.1988,0.199,0.1987,0.1987,8041.945
1777709700000,0.1986,0.1987,0.1986,0.1986,531.024
1777710600000,0.1986,0.1987,0.1984,0.1984,25880.774
1777711500000,0.1987,0.1988,0.1987,0.1988,281.534
1777712400000,0.199,0.1994,0.199,0.1994,387.143
1777713300000,0.1996,0.2,0.1994,0.1994,8055.129
1777714200000,0.1994,0.2002,0.1994,0.1999,7751.732
1777715100000,0.1999,0.2,0.1998,0.1999,4050.01
1777716000000,0.1999,0.2002,0.1996,0.2001,6088.545
1777716900000,0.2,0.2005,0.1999,0.2,2436.719
1777717800000,0.1999,0.2002,0.1999,0.2,2542.626
1777718700000,0.1999,0.2,0.1998,0.1999,5484.64
1777719600000,0.1994,0.1994,0.1991,0.1991,235.966
1777720500000,0.1991,0.1994,0.1991,0.1993,1212.557
1777721400000,0.1994,0.1994,0.1989,0.1989,688.404
1777722300000,0.199,0.199,0.1988,0.199,6311.015
1777723200000,0.1989,0.1991,0.1989,0.1991,936.824
1777724100000,0.1992,0.2,0.1991,0.2,31034.892
1777725000000,0.1998,0.2,0.1998,0.1998,90731.281
1777725900000,0.1998,0.2,0.1994,0.1995,9395.322
1777726800000,0.1993,0.2013,0.1993,0.2008,95545.014
1777727700000,0.2005,0.2008,0.2002,0.2003,2464.022
1777728600000,0.2003,0.2005,0.1999,0.2004,3743.986
1777729500000,0.2004,0.2009,0.2004,0.2007,3396.253
1777730400000,0.2009,0.2012,0.2006,0.2012,42438.811
1777731300000,0.2011,0.2021,0.2011,0.2018,33493.763
1777732200000,0.2019,0.2021,0.2017,0.202,15293.38
1777733100000,0.2021,0.2036,0.2021,0.2034,7982.898
1777734000000,0.2035,0.2042,0.2031,0.204,13925.612
1777734900000,0.204,0.2044,0.2037,0.2043,27485.218
1777735800000,0.2042,0.2047,0.2036,0.2043,21532.64
1777736700000,0.2042,0.2049,0.2041,0.2045,12883.833
1777737600000,0.2046,0.2055,0.2041,0.2042,99139.091
1777738500000,0.204,0.204,0.2034,0.2038,13007.784
1777739400000,0.2036,0.2039,0.2036,0.2037,5074.348
1777740300000,0.2035,0.2039,0.2034,0.2039,9707.397
1777741200000,0.204,0.2041,0.2035,0.204,952.85
1777742100000,0.2041,0.2041,0.2031,0.2032,396.708
1777743000000,0.2031,0.2034,0.2026,0.2026,8400.605
1777743900000,0.2027,0.2028,0.2025,0.2025,477.01
1777744800000,0.2025,0.2027,0.2022,0.2025,9397.403
1777745700000,0.203,0.2038,0.2029,0.2038,5995.449
1777746600000,0.2038,0.2044,0.2036,0.2037,1335.926
1777747500000,0.2038,0.2048,0.2037,0.2044,7636.104
1777748400000,0.2044,0.2049,0.2041,0.2049,19782.555
1777749300000,0.205,0.2064,0.205,0.2062,23869.715
1777750200000,0.2063,0.2078,0.2062,0.2075,31733.236
1777751100000,0.2075,0.2091,0.2074,0.2089,28067.37
1777752000000,0.2091,0.2094,0.2074,0.2084,63357.143
1777752900000,0.2084,0.2084,0.2076,0.208,30779.331
1777753800000,0.208,0.2097,0.2078,0.2091,13476.391
1777754700000,0.2089,0.2096,0.2087,0.2094,34538.474
1777755600000,0.2095,0.2097,0.2077,0.2079,68691.401
1777756500000,0.2078,0.2097,0.2078,0.2096,48172.17
1777757400000,0.2094,0.2095,0.2086,0.2091,14811.175
1777758300000,0.209,0.209,0.2078,0.2078,9839.431
1777759200000,0.2078,0.2085,0.2077,0.2085,2360.843
1777760100000,0.2086,0.2087,0.2075,0.2076,35585.019
1777761000000,0.2077,0.2084,0.2072,0.2074,108760.912
1777761900000,0.2075,0.2086,0.2072,0.2084,11817.435
1777762800000,0.2084,0.2084,0.2069,0.207,4783.801
1777763700000,0.207,0.2073,0.2064,0.2073,1888.891
1777764600000,0.2073,0.2079,0.2072,0.2076,6808.741
1777765500000,0.2075,0.2077,0.2072,0.2075,47444.261
1777766400000,0.2075,0.208,0.2059,0.2059,4979.303
1777767300000,0.2058,0.207,0.2057,0.2067,24192.898
1777768200000,0.2067,0.2074,0.2061,0.2064,4510.806
1777769100000,0.2063,0.2063,0.2057,0.206,708.944
1777770000000,0.2058,0.2058,0.2048,0.2049,19213.576
1777770900000,0.2049,0.2049,0.2038,0.2043,19774.684
1777771800000,0.2043,0.2043,0.2036,0.2039,31472.991
1777772700000,0.2039,0.2048,0.2037,0.2048,1197.563
1777773600000,0.2049,0.2052,0.2038,0.2038,1047.901
1777774500000,0.2041,0.2042,0.2035,0.2035,8765.096
1777775400000,0.2035,0.2038,0.2035,0.2038,150.0
1777776300000,0.204,0.2042,0.2039,0.2041,1409.303
1777777200000,0.204,0.204,0.2033,0.2035,627.265
1777778100000,0.2036,0.2036,0.2034,0.2035,354.0
1777779000000,0.2035,0.2046,0.2035,0.2043,2445.821
1777779900000,0.2042,0.2043,0.2039,0.2039,5938.66
1777780800000,0.2038,0.2045,0.2038,0.2039,4294.562
1777781700000,0.2041,0.2047,0.2041,0.2047,110.036
1777782600000,0.2048,0.205,0.2047,0.2047,2572.839
1777783500000,0.2047,0.2048,0.204,0.2042,1314.538
1777784400000,0.2043,0.2049,0.2041,0.2041,1381.159
1777785300000,0.2041,0.2047,0.2041,0.2043,1837.596
1777786200000,0.2043,0.2045,0.2035,0.2035,46108.486
1777787100000,0.2034,0.2052,0.2034,0.2052,2147.514
1777788000000,0.2051,0.2053,0.2048,0.2051,8588.985
1777788900000,0.205,0.2058,0.2049,0.2052,5615.342
1777789800000,0.2049,0.2055,0.2049,0.2055,5636.926
1777790700000,0.2056,0.2067,0.2056,0.2061,2236.902
1777791600000,0.2063,0.2073,0.2063,0.2072,13645.07
1777792500000,0.2074,0.2085,0.2074,0.2082,20412.748
1777793400000,0.2082,0.2093,0.208,0.2089,49127.226
1777794300000,0.2089,0.2089,0.2082,0.2085,5860.118
1777795200000,0.2086,0.2097,0.2086,0.2092,16614.959
1777796100000,0.2091,0.2091,0.2082,0.2085,16867.188
1777797000000,0.2085,0.2087,0.2083,0.2085,6813.219
1777797900000,0.2085,0.2089,0.2073,0.2074,6450.82
1777798800000,0.2074,0.2075,0.2063,0.2063,8330.057
1777799700000,0.2062,0.2068,0.2061,0.2064,17284.264
1777800600000,0.2064,0.2069,0.2058,0.2065,7741.726
1777801500000,0.2065,0.2075,0.2064,0.2072,13847.951
1777802400000,0.2071,0.2074,0.2069,0.2072,1328.507
1777803300000,0.2068,0.2077,0.2068,0.2075,11878.996
1777804200000,0.2075,0.2079,0.2072,0.2079,2241.771
1777805100000,0.2079,0.2079,0.2066,0.2069,14149.199
1777806000000,0.2068,0.2076,0.2065,0.2071,19412.3
1777806900000,0.2071,0.2074,0.207,0.2072,5011.169
1777807800000,0.2073,0.2089,0.2073,0.2087,18704.21
1777808700000,0.2087,0.2092,0.2082,0.2083,10062.068
1777809600000,0.2083,0.21,0.2083,0.21,19293.833
1777810500000,0.2098,0.2108,0.2093,0.2104,19682.184
1777811400000,0.2105,0.2108,0.2098,0.2108,2913.887
1777812300000,0.2109,0.2116,0.2105,0.2107,14512.018
1777813200000,0.2106,0.2109,0.2102,0.2106,6629.821
1777814100000,0.2112,0.2117,0.2095,0.2095,34302.272
1777815000000,0.2095,0.2105,0.2094,0.2101,1188.248
1777815900000,0.2102,0.2104,0.2093,0.2093,9780.713
1777816800000,0.2093,0.2102,0.209,0.21,3564.352
1777817700000,0.2099,0.2102,0.2097,0.2101,7476.805
1777818600000,0.2103,0.2111,0.2102,0.2107,30661.609
1777819500000,0.2102,0.2108,0.2099,0.2108,11300.558
1777820400000,0.2105,0.2113,0.2104,0.211,3633.36
1777821300000,0.2111,0.2111,0.2102,0.2104,6303.189
1777822200000,0.2106,0.2106,0.2087,0.2089,1995.924
1777823100000,0.2088,0.2088,0.2081,0.2086,9777.361
1777824000000,0.2088,0.2089,0.2076,0.2078,24652.1
1777824900000,0.2077,0.2079,0.2073,0.2079,9981.722
1777825800000,0.208,0.2091,0.208,0.2091,7580.539
1777826700000,0.2093,0.2094,0.2083,0.2083,734.454
1777827600000,0.2085,0.2085,0.2073,0.2081,15943.866
1777828500000,0.2081,0.2083,0.2075,0.2078,4893.24
1777829400000,0.2078,0.208,0.2075,0.2077,5504.868
1777830300000,0.2076,0.2076,0.207,0.2071,7043.201
1777831200000,0.2073,0.2076,0.207,0.2075,57494.637
1777832100000,0.2075,0.2079,0.2074,0.2078,1539.932
1777833000000,0.2078,0.2078,0.2074,0.2074,7471.498
1777833900000,0.2074,0.2076,0.2067,0.2068,6126.166
1777834800000,0.2069,0.2074,0.2064,0.2067,8982.948
1777835700000,0.2066,0.2072,0.2065,0.207,1096.358
1777836600000,0.207,0.2081,0.207,0.208,5732.281
1777837500000,0.2076,0.2081,0.2074,0.208,3050.171
1777838400000,0.2079,0.2085,0.2078,0.2078,7683.849
1777839300000,0.2077,0.209,0.2074,0.2085,5464.865
1777840200000,0.2086,0.2091,0.2083,0.2084,8394.571
1777841100000,0.2083,0.2086,0.2079,0.2086,2442.353
1777842000000,0.2084,0.2091,0.2084,0.2087,6747.879
1777842900000,0.2085,0.2087,0.2076,0.2079,28743.434
1777843800000,0.2077,0.2078,0.2068,0.2069,2627.711
1777844700000,0.2068,0.2069,0.2065,0.2069,1010.4
1777845600000,0.2069,0.2086,0.2068,0.2084,5332.321
1777846500000,0.2083,0.2086,0.2074,0.2076,5118.318
1777847400000,0.2077,0.2086,0.2075,0.2085,620.571
1777848300000,0.2081,0.2085,0.208,0.2081,8713.647
1777849200000,0.208,0.2082,0.2075,0.2075,1010.139
1777850100000,0.2074,0.2074,0.2063,0.2068,11011.807
1777851000000,0.2064,0.2068,0.2056,0.2064,31369.065
1777851900000,0.2062,0.2065,0.2058,0.2061,18771.478
1777852800000,0.2059,0.2059,0.2047,0.2048,14033.716
1777853700000,0.2049,0.2051,0.204,0.2046,15221.25
1777854600000,0.2045,0.2046,0.2041,0.2045,7100.65
1777855500000,0.2044,0.2063,0.2044,0.2061,1777.45
1777856400000,0.2061,0.2062,0.2045,0.2048,2437.919
1777857300000,0.2049,0.205,0.2044,0.2048,17277.486
1777858200000,0.2049,0.2071,0.2049,0.2065,25162.381
1777859100000,0.2064,0.2081,0.2063,0.208,83170.085
1777860000000,0.2082,0.2089,0.2078,0.2086,15458.473
1777860900000,0.2084,0.2094,0.208,0.2092,18506.339
1777861800000,0.2091,0.2106,0.2091,0.2102,11938.852
1777862700000,0.2103,0.2115,0.2101,0.2111,19181.854
1777863600000,0.2108,0.2116,0.2102,0.2113,9330.022
1777864500000,0.211,0.2111,0.21,0.2101,44914.478
1777865400000,0.2101,0.2101,0.2094,0.2097,19038.896
1777866300000,0.2096,0.2109,0.2096,0.2109,32157.614
1777867200000,0.2109,0.2119,0.2109,0.2114,44785.122
1777868100000,0.2114,0.2117,0.2107,0.2111,21902.525
1777869000000,0.2109,0.2114,0.2108,0.2109,12484.839
1777869900000,0.2109,0.2109,0.2104,0.2105,23771.087
1777870800000,0.2105,0.2105,0.2094,0.2095,100045.742
1777871700000,0.2096,0.2096,0.2089,0.209,23393.793
1777872600000,0.209,0.2104,0.209,0.2102,22329.087
1777873500000,0.2102,0.2105,0.2097,0.2103,43370.398
1777874400000,0.2104,0.2105,0.2091,0.2091,26620.179
1777875300000,0.2092,0.2095,0.2079,0.2085,52975.897
