timestamp,open,high,low,close,volume
1717308000000,2.1189,2.1304,2.1153,2.128,88065.612
1717311600000,2.128,2.1298,2.0957,2.0964,75284.875
1717315200000,2.0967,2.1084,2.0877,2.0999,48588.973
1717318800000,2.0993,2.1014,2.0736,2.086,86003.192
1717322400000,2.0867,2.0891,2.0779,2.0884,74592.083
1717326000000,2.089,2.12,2.0805,2.1166,33801.746
1717329600000,2.1177,2.1218,2.0984,2.1035,38379.533
1717333200000,2.1047,2.116,2.0954,2.1153,36047.011
1717336800000,2.1127,2.1235,2.106,2.1219,24125.439
1717340400000,2.1233,2.1239,2.1122,2.1152,42561.056
1717344000000,2.1148,2.1183,2.0975,2.1003,46931.44
1717347600000,2.1001,2.1006,2.0672,2.0696,67093.137
1717351200000,2.0679,2.0865,2.0417,2.0823,180134.041
1717354800000,2.0829,2.0887,2.0693,2.087,28698.788
1717358400000,2.0876,2.09,2.0668,2.0815,22314.823
1717362000000,2.0835,2.0842,2.0688,2.0792,31607.073
1717365600000,2.0835,2.0878,2.0725,2.0784,15770.276
1717369200000,2.079,2.0887,2.076,2.0861,11569.144
1717372800000,2.0842,2.0883,2.0503,2.0626,105686.021
1717376400000,2.0652,2.1158,2.0596,2.1094,61852.423
1717380000000,2.1117,2.1254,2.1051,2.1097,149438.714
1717383600000,2.1118,2.1119,2.0982,2.1077,34384.017
1717387200000,2.1087,2.1145,2.0895,2.1064,61549.272
1717390800000,2.108,2.1268,2.108,2.1122,68220.911
1717394400000,2.1139,2.1666,2.1124,2.16,158299.089
1717398000000,2.1618,2.1738,2.1386,2.1562,191935.481
1717401600000,2.1582,2.1687,2.1438,2.15,95275.153
1717405200000,2.1521,2.1534,2.1369,2.1472,68262.927
1717408800000,2.1476,2.1579,2.143,2.143,69189.505
1717412400000,2.143,2.1663,2.1376,2.1543,111529.917
1717416000000,2.1557,2.1962,2.1548,2.1893,182754.667
1717419600000,2.1907,2.194,2.1621,2.1655,122655.961
1717423200000,2.1661,2.1867,2.1225,2.1363,214419.737
1717426800000,2.1363,2.1829,2.1343,2.1806,120578.296
1717430400000,2.1804,2.1804,2.1431,2.1531,97123.905
1717434000000,2.1506,2.16,2.139,2.1564,62344.363
1717437600000,2.1563,2.1656,2.155,2.1585,60452.634
1717441200000,2.1571,2.1669,2.1558,2.1622,34260.817
1717444800000,2.1632,2.1804,2.1598,2.1619,58125.426
1717448400000,2.1603,2.169,2.1443,2.1561,37400.859
1717452000000,2.1561,2.1561,2.141,2.1533,26268.228
1717455600000,2.1518,2.154,2.131,2.1384,112033.532
1717459200000,2.1373,2.1623,2.1314,2.1581,78830.494
1717462800000,2.1574,2.174,2.1533,2.1607,40753.751
1717466400000,2.1601,2.1601,2.1395,2.1416,57527.538
1717470000000,2.1418,2.1529,2.1393,2.1506,39064.906
1717473600000,2.1477,2.1557,2.1318,2.1349,50762.936
1717477200000,2.1335,2.141,2.1163,2.1191,58699.469
1717480800000,2.1194,2.1281,2.1105,2.1165,46246.544
1717484400000,2.1154,2.1247,2.1118,2.1177,47758.577
1717488000000,2.1188,2.1284,2.1059,2.1074,43029.158
1717491600000,2.107,2.1109,2.08,2.0841,86692.591
1717495200000,2.0834,2.104,2.081,2.1037,48258.897
1717498800000,2.1051,2.1057,2.0902,2.1028,35732.823
1717502400000,2.1028,2.1091,2.0872,2.09,42805.082
1717506000000,2.089,2.1208,2.089,2.1111,90819.196
1717509600000,2.1124,2.1314,2.1066,2.1154,107588.638
1717513200000,2.1182,2.1356,2.11,2.1325,83449.717
1717516800000,2.1329,2.1395,2.1219,2.1252,97258.988
1717520400000,2.1286,2.1333,2.1124,2.1237,96892.188
1717524000000,2.1258,2.1391,2.1242,2.1329,50065.842
1717527600000,2.1332,2.1333,2.1058,2.1216,48029.985
1717531200000,2.1195,2.1199,2.1049,2.1181,38503.457
1717534800000,2.1176,2.1178,2.1,2.1064,31448.288
1717538400000,2.1097,2.1225,2.1023,2.1159,38897.284
1717542000000,2.1149,2.1296,2.1128,2.1246,40966.786
1717545600000,2.1257,2.1627,2.1257,2.1462,132459.632
1717549200000,2.1461,2.1632,2.1361,2.1628,147686.269
1717552800000,2.1635,2.1673,2.1332,2.1531,73935.855
1717556400000,2.1533,2.1726,2.151,2.1711,77686.909
1717560000000,2.1718,2.1842,2.1655,2.178,57530.575
1717563600000,2.1775,2.1914,2.1629,2.1824,102332.564
1717567200000,2.1827,2.2079,2.1661,2.2024,163749.107
1717570800000,2.2015,2.2196,2.1856,2.186,122735.578
1717574400000,2.1858,2.1912,2.1679,2.1694,77533.88
1717578000000,2.1698,2.1724,2.151,2.1584,113794.371
1717581600000,2.1592,2.1831,2.1525,2.1728,80251.35
1717585200000,2.1719,2.187,2.1651,2.1776,46642.501
1717588800000,2.1766,2.1776,2.1508,2.1687,54984.729
1717592400000,2.1659,2.1713,2.1487,2.1538,88053.268
1717596000000,2.1542,2.1648,2.1331,2.156,143206.887
1717599600000,2.1563,2.1759,2.1558,2.1714,106553.261
1717603200000,2.1714,2.1758,2.1493,2.1533,67875.116
1717606800000,2.1534,2.1629,2.1494,2.1588,61978.12
1717610400000,2.1597,2.1601,2.141,2.1451,59456.001
1717614000000,2.1436,2.1579,2.1351,2.1551,58866.612
1717617600000,2.1562,2.1612,2.1512,2.1539,22852.734
1717621200000,2.1526,2.1544,2.1454,2.15,15748.849
1717624800000,2.1497,2.1518,2.1429,2.1464,14169.229
1717628400000,2.1457,2.16,2.1441,2.1538,40903.832
1717632000000,2.1567,2.1591,2.1479,2.1493,93009.536
1717635600000,2.1493,2.1683,2.1421,2.1555,81616.508
1717639200000,2.1555,2.1637,2.1517,2.1598,56550.465
1717642800000,2.1598,2.1613,2.1416,2.1423,81053.547
1717646400000,2.143,2.1437,2.1228,2.1285,202180.185
1717650000000,2.1273,2.1318,2.1186,2.1217,105572.476
1717653600000,2.122,2.1254,2.1036,2.1109,165323.996
1717657200000,2.1113,2.1233,2.1047,2.1223,69828.948
1717660800000,2.1221,2.128,2.1092,2.1136,40548.927
1717664400000,2.1144,2.1252,2.1086,2.114,51103.765
1717668000000,2.1148,2.1151,2.1046,2.1086,70464.304
1717671600000,2.1095,2.1154,2.1015,2.1045,152738.555
1717675200000,2.1039,2.1176,2.0978,2.1066,136796.14
1717678800000,2.1049,2.1101,2.094,2.099,142730.762
1717682400000,2.099,2.1069,2.0949,2.1012,112002.502
1717686000000,2.1019,2.1239,2.0987,2.106,174015.306
1717689600000,2.1056,2.1085,2.0699,2.0864,154246.276
1717693200000,2.086,2.0931,2.0807,2.0843,55125.959
1717696800000,2.084,2.0849,2.075,2.0804,44662.648
1717700400000,2.0787,2.0809,2.0501,2.0521,203731.899
1717704000000,2.0525,2.0562,2.0101,2.056,386694.144
1717707600000,2.0563,2.0568,2.0387,2.047,43563.239
1717711200000,2.0452,2.0552,2.0371,2.0551,44653.379
1717714800000,2.0546,2.056,2.0421,2.0441,59953.494
1717718400000,2.0421,2.043,2.0326,2.0347,63974.12
1717722000000,2.0344,2.0348,2.0182,2.0209,71967.105
1717725600000,2.0203,2.0278,2.0008,2.0048,126379.943
1717729200000,2.0046,2.0275,2.0,2.0274,160653.945
1717732800000,2.0276,2.0449,2.025,2.0445,217177.566
1717736400000,2.0446,2.0559,2.0248,2.0477,204591.046
1717740000000,2.0478,2.0506,2.032,2.0413,98856.687
1717743600000,2.0416,2.042,2.0203,2.0267,84853.903
1717747200000,2.0282,2.0485,2.0239,2.0351,106975.837
1717750800000,2.0359,2.0643,2.0234,2.0388,240034.675
1717754400000,2.0386,2.0389,2.0125,2.0259,93489.713
1717758000000,2.0261,2.0375,2.0197,2.0321,95571.451
1717761600000,2.034,2.0411,1.9757,2.0067,410376.966
1717765200000,2.0066,2.0271,1.9979,2.0257,170247.94
1717768800000,2.0248,2.0248,2.0022,2.0121,134859.778
1717772400000,2.0121,2.0134,1.9959,2.005,140862.034
1717776000000,2.0035,2.0048,1.9033,1.9293,464954.071
1717779600000,1.9294,1.9401,1.9,1.9021,405448.413
1717783200000,1.9026,1.9117,1.6204,1.7978,2858017.346
1717786800000,1.7977,1.8282,1.7682,1.8163,652195.423
1717790400000,1.816,1.8583,1.8008,1.8426,345340.749
1717794000000,1.842,1.8471,1.8293,1.8351,146691.983
1717797600000,1.8343,1.8423,1.8243,1.8372,98375.887
1717801200000,1.8377,1.8524,1.8181,1.8507,178825.633
1717804800000,1.8499,1.8521,1.8355,1.8397,129764.545
1717808400000,1.8382,1.8632,1.8358,1.8438,267358.394
1717812000000,1.8439,1.8456,1.8343,1.8394,157262.154
1717815600000,1.839,1.8546,1.8304,1.8471,81849.732
1717819200000,1.8464,1.8517,1.8303,1.8357,75675.937
1717822800000,1.8341,1.8375,1.8187,1.8187,83867.422
1717826400000,1.82,1.8301,1.8146,1.8278,69290.442
1717830000000,1.8276,1.8363,1.8263,1.8277,34718.676
1717833600000,1.8275,1.8283,1.8177,1.8261,31992.318
1717837200000,1.8258,1.8267,1.8038,1.8105,113540.266
1717840800000,1.8143,1.8146,1.8,1.8077,49927.321
1717844400000,1.8082,1.8084,1.7469,1.7533,492924.338
1717848000000,1.7539,1.7583,1.7318,1.7417,342371.249
1717851600000,1.7429,1.7458,1.6999,1.7445,399545.748
1717855200000,1.7443,1.7758,1.7368,1.7731,210184.285
1717858800000,1.7749,1.7773,1.7423,1.7445,108470.892
1717862400000,1.7445,1.7531,1.7123,1.7169,209748.91
1717866000000,1.7172,1.7328,1.7024,1.7239,222810.036
1717869600000,1.7226,1.7477,1.7212,1.7422,95044.711
1717873200000,1.7432,1.7569,1.7334,1.7338,78701.918
1717876800000,1.7344,1.7466,1.733,1.7354,65725.046
1717880400000,1.7352,1.7384,1.7233,1.7307,30106.689
1717884000000,1.731,1.7489,1.7252,1.7364,123464.891
1717887600000,1.7363,1.7504,1.7307,1.7452,61835.313
1717891200000,1.745,1.7566,1.7344,1.7347,66057.461
1717894800000,1.7357,1.7535,1.7316,1.7492,121971.422
1717898400000,1.7483,1.7483,1.7165,1.7181,99774.739
1717902000000,1.7193,1.7396,1.7166,1.7362,29058.58
1717905600000,1.7365,1.7597,1.7365,1.7503,48462.88
1717909200000,1.7506,1.761,1.7296,1.7574,148037.95
1717912800000,1.7578,1.7705,1.7562,1.7661,165027.976
1717916400000,1.7666,1.7731,1.7477,1.7486,54792.189
1717920000000,1.7486,1.7486,1.736,1.7405,158077.459
1717923600000,1.7405,1.7471,1.7379,1.7387,48499.548
1717927200000,1.7379,1.7434,1.733,1.7344,31254.822
1717930800000,1.7342,1.7404,1.7281,1.7328,101877.258
1717934400000,1.7326,1.7513,1.7234,1.7493,128620.162
1717938000000,1.75,1.7524,1.7209,1.7287,95004.745
1717941600000,1.7285,1.7504,1.725,1.746,63147.454
1717945200000,1.7453,1.752,1.735,1.7413,36593.693
1717948800000,1.7404,1.7527,1.736,1.7515,134170.253
1717952400000,1.7509,1.7536,1.7432,1.747,105876.908
1717956000000,1.7472,1.7591,1.7442,1.7567,26958.374
1717959600000,1.7576,1.7658,1.7528,1.7571,35952.269
1717963200000,1.7575,1.759,1.7496,1.7512,22409.688
1717966800000,1.7515,1.7545,1.7364,1.7402,25731.542
1717970400000,1.7394,1.7452,1.7322,1.7412,15116.483
1717974000000,1.741,1.7416,1.724,1.7367,134710.897
1717977600000,1.7362,1.7362,1.714,1.723,83009.332
1717981200000,1.7231,1.74,1.7185,1.7245,45527.522
1717984800000,1.7244,1.7328,1.7152,1.7202,37147.645
1717988400000,1.7202,1.7215,1.6906,1.6996,117193.305
1717992000000,1.7005,1.7081,1.6876,1.6988,89569.923
1717995600000,1.6995,1.6995,1.6703,1.6777,98766.995
1717999200000,1.6782,1.6825,1.6581,1.665,128385.425
1718002800000,1.6648,1.6658,1.6292,1.6317,356751.362
1718006400000,1.6314,1.68,1.6314,1.676,199577.267
1718010000000,1.6769,1.722,1.6769,1.7162,288560.395
1718013600000,1.7163,1.7299,1.708,1.7219,67556.452
1718017200000,1.722,1.7241,1.7,1.7029,55428.701
1718020800000,1.7024,1.7043,1.6845,1.691,81705.788
1718024400000,1.6907,1.6956,1.6753,1.6881,188582.463
1718028000000,1.689,1.728,1.6795,1.7129,196654.256
1718031600000,1.715,1.75,1.7147,1.7363,257284.141
1718035200000,1.737,1.7405,1.7069,1.7205,85241.168
1718038800000,1.7197,1.7242,1.7093,1.7231,94331.78
1718042400000,1.7216,1.735,1.6984,1.7088,190920.348
1718046000000,1.7084,1.7126,1.6883,1.6913,102888.638
1718049600000,1.6935,1.694,1.6694,1.6743,78238.537
1718053200000,1.6733,1.6802,1.6564,1.671,69762.875
1718056800000,1.6711,1.6733,1.656,1.6673,53226.053
1718060400000,1.6672,1.669,1.6501,1.6595,71458.877
1718064000000,1.6593,1.6696,1.6545,1.6641,62415.736
1718067600000,1.6664,1.675,1.6231,1.6439,241438.93
1718071200000,1.6429,1.6588,1.6069,1.645,280720.808
1718074800000,1.6444,1.6619,1.6428,1.6484,136986.911
1718078400000,1.6476,1.6515,1.6194,1.635,331971.561
1718082000000,1.6346,1.6383,1.6149,1.6265,205795.643
1718085600000,1.6265,1.6401,1.6065,1.6183,181062.481
1718089200000,1.6188,1.6724,1.6132,1.6708,228504.587
1718092800000,1.6722,1.7174,1.6679,1.694,428836.859
1718096400000,1.6941,1.6962,1.6564,1.6675,217315.646
1718100000000,1.6652,1.7003,1.6584,1.6862,219945.672
1718103600000,1.6862,1.6967,1.6728,1.6729,76953.202
1718107200000,1.6729,1.6839,1.6559,1.6559,179901.612
1718110800000,1.6555,1.6828,1.6384,1.6473,137347.125
1718114400000,1.6476,1.6743,1.6322,1.637,272735.671
1718118000000,1.637,1.6393,1.5375,1.5454,1469665.762
1718121600000,1.5453,1.5777,1.54,1.543,605066.486
1718125200000,1.5438,1.5496,1.506,1.5417,324299.225
1718128800000,1.5413,1.5833,1.5413,1.5765,115608.327
1718132400000,1.5767,1.5892,1.5656,1.583,78977.966
1718136000000,1.5823,1.5913,1.5625,1.5668,63356.128
1718139600000,1.566,1.5684,1.5515,1.5573,41352.961
1718143200000,1.5573,1.5576,1.5439,1.5462,122968.028
1718146800000,1.5468,1.5497,1.5248,1.5365,128861.706
1718150400000,1.5378,1.5445,1.5162,1.525,114902.851
1718154000000,1.5249,1.5313,1.465,1.5007,334483.645
1718157600000,1.5002,1.5351,1.4944,1.5301,144689.337
1718161200000,1.531,1.5659,1.5274,1.5584,206407.611
1718164800000,1.5586,1.5784,1.5545,1.5599,268570.129
1718168400000,1.5596,1.5597,1.5398,1.5398,38839.127
1718172000000,1.5396,1.5531,1.5365,1.5373,80542.392
1718175600000,1.5367,1.5501,1.5279,1.5492,164289.833
1718179200000,1.55,1.5735,1.544,1.5613,391782.821
1718182800000,1.5613,1.5989,1.5582,1.5948,313358.132
1718186400000,1.5948,1.6159,1.5946,1.6137,211314.506
1718190000000,1.6141,1.6331,1.6114,1.623,196982.264
1718193600000,1.6245,1.7406,1.612,1.7292,651627.927
1718197200000,1.7292,1.746,1.6965,1.7031,273196.006
1718200800000,1.7025,1.7459,1.6971,1.7302,265351.245
1718204400000,1.7305,1.7408,1.7162,1.7265,156737.399
1718208000000,1.7277,1.7394,1.7065,1.7215,94991.024
1718211600000,1.7221,1.7539,1.7151,1.7467,107990.064
1718215200000,1.7474,1.7477,1.6808,1.6882,468381.835
1718218800000,1.6874,1.7288,1.6493,1.6591,386561.69
1718222400000,1.6593,1.6939,1.6473,1.6862,103565.516
1718226000000,1.6872,1.7112,1.6872,1.6992,25589.797
1718229600000,1.7041,1.7263,1.7041,1.7263,17359.702
1718233200000,1.7226,1.7226,1.7064,1.7173,65237.818
1718236800000,1.7174,1.7293,1.6967,1.7203,241772.431
1718240400000,1.7177,1.7263,1.694,1.6959,82686.455
1718244000000,1.6959,1.6973,1.6517,1.6522,145868.813
1718247600000,1.6517,1.653,1.6123,1.6427,335519.664
1718251200000,1.6416,1.6747,1.64,1.6549,199387.492
1718254800000,1.6548,1.6716,1.6503,1.6503,73595.55
1718258400000,1.65,1.6536,1.6247,1.6254,113262.43
1718262000000,1.626,1.6411,1.6205,1.6368,74858.799
1718265600000,1.6366,1.6447,1.6317,1.6394,42350.846
1718269200000,1.6376,1.6455,1.6265,1.6435,115105.518
1718272800000,1.6438,1.6567,1.6326,1.652,96651.787
1718276400000,1.6518,1.6523,1.6364,1.641,85469.88
1718280000000,1.6418,1.6867,1.6342,1.6467,261483.126
1718283600000,1.6478,1.6827,1.6321,1.6493,149423.724
1718287200000,1.6512,1.669,1.6385,1.648,804549.958
1718290800000,1.6475,1.649,1.5807,1.5874,318797.65
1718294400000,1.5871,1.6076,1.5749,1.6057,182450.84
1718298000000,1.6049,1.6179,1.5995,1.6173,99732.169
1718301600000,1.6154,1.6196,1.592,1.5998,75122.6
1718305200000,1.5994,1.6045,1.5911,1.5928,41385.121
1718308800000,1.5919,1.5999,1.5733,1.5783,99740.839
1718312400000,1.5791,1.5875,1.5628,1.587,38521.009
1718316000000,1.5865,1.6096,1.5726,1.5998,199130.547
1718319600000,1.5994,1.5994,1.5818,1.5878,96171.869
1718323200000,1.5879,1.6,1.57,1.5803,151756.214
1718326800000,1.579,1.6012,1.565,1.5991,129327.642
1718330400000,1.6009,1.6127,1.5938,1.6095,75329.203
1718334000000,1.6094,1.6152,1.594,1.5983,156184.925
1718337600000,1.5984,1.6003,1.588,1.5894,27385.726
1718341200000,1.5887,1.611,1.5843,1.6042,74009.878
1718344800000,1.6031,1.6031,1.5797,1.5823,216421.265
1718348400000,1.5823,1.5887,1.578,1.5789,67336.151
1718352000000,1.5776,1.59,1.5723,1.5894,92549.716
1718355600000,1.5894,1.5902,1.5725,1.5781,58234.954
1718359200000,1.5784,1.6581,1.5737,1.6119,977486.274
1718362800000,1.6119,1.6194,1.6005,1.6054,138409.966
1718366400000,1.6062,1.6097,1.5734,1.5777,201974.839
1718370000000,1.5783,1.5941,1.5729,1.5874,66526.705
1718373600000,1.5888,1.5888,1.5291,1.5471,208388.352
1718377200000,1.5472,1.5583,1.5159,1.5207,170014.012
1718380800000,1.5209,1.524,1.4353,1.4659,721912.67
1718384400000,1.4655,1.4832,1.4435,1.4648,204978.286
1720908000000,1.1507,1.1716,1.1374,1.1699,85676.727
1720911600000,1.1705,1.1917,1.1612,1.1642,219321.442
1720915200000,1.1643,1.1892,1.1641,1.181,152084.621
1720918800000,1.1823,1.194,1.1808,1.1905,127362.604
1720922400000,1.1915,1.1949,1.1753,1.1769,103931.994
1720926000000,1.1773,1.184,1.175,1.1824,52857.48
1720929600000,1.1809,1.212,1.1806,1.2073,304758.682
1720933200000,1.208,1.2299,1.197,1.2225,291080.872
1720936800000,1.2243,1.2288,1.2104,1.212,87231.929
1720940400000,1.211,1.2302,1.208,1.2256,124468.697
1720944000000,1.2262,1.2374,1.2248,1.2266,168205.269
1720947600000,1.2274,1.2282,1.212,1.2215,150241.65
1720951200000,1.2233,1.2273,1.2006,1.2007,179823.42
1720954800000,1.2017,1.2102,1.1978,1.2009,113062.551
1720958400000,1.2022,1.2033,1.1837,1.1865,105449.519
1720962000000,1.1852,1.1909,1.1806,1.1869,92984.816
1720965600000,1.1875,1.2038,1.16,1.1827,1358351.989
1720969200000,1.1826,1.1946,1.1826,1.1924,83050.472
1720972800000,1.1934,1.1975,1.1892,1.1932,86319.325
1720976400000,1.1928,1.196,1.1881,1.191,45481.252
1720980000000,1.1908,1.1933,1.1842,1.1902,66856.405
1720983600000,1.1896,1.1901,1.1818,1.1831,21114.967
1720987200000,1.1823,1.1897,1.181,1.1857,64019.827
1720990800000,1.1856,1.2347,1.1842,1.2316,172976.87
1720994400000,1.2307,1.2493,1.2263,1.2453,203715.788
1720998000000,1.2453,1.268,1.2383,1.2468,319954.717
1721001600000,1.2465,1.2669,1.2377,1.258,252498.408
1721005200000,1.2574,1.3027,1.2554,1.2919,635886.43
1721008800000,1.2912,1.32,1.2807,1.3182,424858.813
1721012400000,1.3182,1.3236,1.3011,1.3039,421118.5
1721016000000,1.3056,1.3103,1.2855,1.2883,208555.009
1721019600000,1.288,1.2969,1.2767,1.2898,301081.623
1721023200000,1.29,1.3181,1.2898,1.3075,303298.501
1721026800000,1.3074,1.3199,1.3001,1.3059,317620.004
1721030400000,1.3064,1.32,1.2947,1.2979,239039.444
1721034000000,1.2976,1.3086,1.2868,1.304,298145.842
1721037600000,1.3044,1.3127,1.2933,1.2972,181436.057
1721041200000,1.2966,1.3157,1.2933,1.3057,179333.227
1721044800000,1.3049,1.3247,1.3037,1.313,377673.037
1721048400000,1.3131,1.33,1.298,1.302,414639.548
1721052000000,1.3016,1.323,1.299,1.3209,334288.467
1721055600000,1.3198,1.3357,1.3048,1.3092,462407.277
1721059200000,1.3091,1.326,1.2955,1.3103,451652.82
1721062800000,1.3104,1.3269,1.3049,1.3138,275318.79
1721066400000,1.3136,1.3653,1.3075,1.3572,658002.093
1721070000000,1.3556,1.3588,1.3331,1.3402,455823.713
1721073600000,1.3395,1.3966,1.3356,1.3964,468187.876
1721077200000,1.3955,1.3957,1.3721,1.3792,187393.657
1721080800000,1.3805,1.4266,1.3782,1.4181,296410.997
1721084400000,1.4189,1.4345,1.4037,1.4211,628305.299
1721088000000,1.4211,1.4286,1.3697,1.3805,542236.599
1721091600000,1.3808,1.3993,1.3753,1.3878,274433.038
1721095200000,1.3865,1.3917,1.3792,1.383,158688.769
1721098800000,1.3815,1.386,1.3693,1.3799,223627.413
1721102400000,1.3799,1.3953,1.3798,1.3848,169141.835
1721106000000,1.3858,1.3883,1.3345,1.3483,480025.997
1721109600000,1.3475,1.3725,1.3244,1.3307,347297.779
1721113200000,1.3313,1.3454,1.316,1.3277,467397.289
1721116800000,1.3283,1.349,1.315,1.3446,539079.055
1721120400000,1.3442,1.3626,1.3331,1.3574,248807.244
1721124000000,1.3569,1.3814,1.3502,1.3658,338976.379
1721127600000,1.3664,1.3718,1.354,1.3631,134121.843
1721131200000,1.3649,1.3726,1.3494,1.352,149092.147
1721134800000,1.3526,1.4063,1.3509,1.3874,421144.606
1721138400000,1.3862,1.4138,1.3673,1.4112,398266.233
1721142000000,1.4111,1.4658,1.4036,1.4513,779313.087
1721145600000,1.4507,1.4809,1.4213,1.4501,576455.826
1721149200000,1.4495,1.4528,1.4323,1.4523,268617.956
1721152800000,1.4525,1.4525,1.4332,1.4463,226770.042
1721156400000,1.4469,1.4603,1.4358,1.4461,213783.613
1721160000000,1.4456,1.446,1.428,1.4311,169405.184
1721163600000,1.432,1.4402,1.4223,1.4223,82630.172
1721167200000,1.424,1.4267,1.4009,1.4172,147868.212
1721170800000,1.4172,1.4356,1.4142,1.429,128225.774
1721174400000,1.4298,1.4608,1.425,1.4494,191327.355
1721178000000,1.4497,1.4703,1.4496,1.4546,199748.004
1721181600000,1.4547,1.4691,1.434,1.4349,182881.017
1721185200000,1.4364,1.4389,1.418,1.4316,117838.741
1721188800000,1.4316,1.4538,1.4222,1.4523,93087.544
1721192400000,1.4528,1.467,1.4443,1.4544,187757.268
1721196000000,1.4535,1.4888,1.4354,1.4819,255812.035
1721199600000,1.4812,1.5035,1.465,1.5008,325659.549
1721203200000,1.5005,1.5362,1.4701,1.5335,458903.022
1721206800000,1.5332,1.55,1.5067,1.5482,373107.006
1721210400000,1.547,1.5562,1.5305,1.5306,439249.708
1721214000000,1.5308,1.5321,1.4816,1.4915,476970.801
1721217600000,1.4911,1.5265,1.4812,1.506,221889.382
1721221200000,1.5058,1.5381,1.4938,1.5225,451560.641
1721224800000,1.5214,1.5384,1.5065,1.5225,323022.636
1721228400000,1.5227,1.5263,1.4813,1.4813,375261.202
1721232000000,1.4816,1.492,1.4391,1.4747,532018.364
1721235600000,1.4743,1.4891,1.4591,1.4797,220745.493
1721239200000,1.4793,1.5125,1.4759,1.4992,409090.929
1721242800000,1.4999,1.5027,1.4849,1.4865,131987.742
1721246400000,1.4867,1.501,1.4822,1.4824,247799.105
1721250000000,1.4829,1.4834,1.4656,1.469,74588.301
1721253600000,1.4698,1.4743,1.4605,1.467,84135.275
1721257200000,1.467,1.4706,1.4523,1.4523,129683.098
1721260800000,1.4533,1.4834,1.4533,1.4755,162602.824
1721264400000,1.4748,1.4824,1.4691,1.4751,145833.136
1721268000000,1.4748,1.4816,1.454,1.48,206053.194
1721271600000,1.4803,1.485,1.4701,1.4713,174252.411
1721275200000,1.4715,1.4744,1.458,1.46,106951.561
1721278800000,1.4603,1.4628,1.446,1.4561,270407.113
1721282400000,1.4569,1.5005,1.45,1.495,261140.26
1721286000000,1.4951,1.4958,1.467,1.4671,272647.432
1721289600000,1.4677,1.4891,1.4452,1.4509,494001.583
1721293200000,1.4492,1.4595,1.438,1.4426,300090.798
1721296800000,1.444,1.4445,1.42,1.4397,240783.816
1721300400000,1.4399,1.4425,1.428,1.4365,109933.351
1721304000000,1.4361,1.458,1.4338,1.4529,324180.57
1721307600000,1.4533,1.4709,1.433,1.4381,171769.819
1721311200000,1.4381,1.4479,1.4,1.4174,365496.145
1721314800000,1.4159,1.4159,1.3819,1.3898,411404.665
1721318400000,1.3892,1.4048,1.3708,1.399,331693.527
1721322000000,1.3996,1.4062,1.3827,1.3843,166306.599
1721325600000,1.3841,1.3939,1.3755,1.389,156669.346
1721329200000,1.3898,1.393,1.375,1.3836,229592.922
1721332800000,1.3842,1.398,1.38,1.3967,118098.498
1721336400000,1.3961,1.3961,1.386,1.3913,28292.498
1721340000000,1.391,1.4125,1.3826,1.4066,116024.384
1721343600000,1.4069,1.4105,1.4003,1.4037,87919.561
1721347200000,1.4034,1.4071,1.3782,1.38,148183.766
1721350800000,1.3794,1.3907,1.3603,1.3869,169474.735
1721354400000,1.3873,1.397,1.3814,1.388,90725.778
1721358000000,1.3885,1.4178,1.3858,1.4153,136108.664
1721361600000,1.4154,1.4185,1.3998,1.4015,108374.135
1721365200000,1.4021,1.4072,1.3942,1.4031,94725.382
1721368800000,1.4029,1.425,1.4027,1.4131,158249.917
1721372400000,1.4131,1.4139,1.3778,1.3834,351353.318
1721376000000,1.3828,1.3969,1.3724,1.3825,222264.081
1721379600000,1.3818,1.3996,1.3776,1.3798,261073.001
1721383200000,1.379,1.3975,1.377,1.3855,362597.406
1721386800000,1.3855,1.3922,1.3811,1.3861,321273.938
1721390400000,1.3861,1.4049,1.3826,1.3997,381685.542
1721394000000,1.3987,1.4333,1.3866,1.4282,559402.341
1721397600000,1.427,1.4562,1.423,1.4465,487248.79
1721401200000,1.4476,1.455,1.4327,1.4524,475456.009
1721404800000,1.4526,1.4787,1.4512,1.477,734163.538
1721408400000,1.4765,1.4915,1.4661,1.4795,770468.151
1721412000000,1.4799,1.4819,1.4567,1.4649,452388.546
1721415600000,1.465,1.4924,1.465,1.479,98833.163
1721419200000,1.4802,1.4804,1.4659,1.4715,109934.47
1721422800000,1.4739,1.4861,1.47,1.47,99810.836
1721426400000,1.47,1.48,1.4628,1.47,68713.35
1721430000000,1.471,1.4762,1.4679,1.4722,48776.035
1721433600000,1.4722,1.4859,1.4513,1.4785,389967.776
1721437200000,1.478,1.494,1.4776,1.4807,541029.958
1721440800000,1.4812,1.4871,1.4722,1.4771,407413.494
1721444400000,1.4775,1.4854,1.4753,1.4806,258622.791
1721448000000,1.4808,1.5076,1.4786,1.5042,260043.323
1721451600000,1.5038,1.509,1.48,1.4887,229347.141
1721455200000,1.4886,1.4887,1.4732,1.4773,204114.567
1721458800000,1.4767,1.4853,1.4713,1.478,247551.516
1721462400000,1.4777,1.4814,1.4633,1.4645,188230.525
1721466000000,1.4648,1.472,1.4587,1.463,192008.22
1721469600000,1.4631,1.4666,1.4436,1.4488,263920.48
1721473200000,1.4487,1.4516,1.4388,1.4451,321206.899
1721476800000,1.4453,1.4513,1.4416,1.4417,155756.132
1721480400000,1.4419,1.4482,1.4274,1.4397,204321.723
1721484000000,1.4401,1.4647,1.4373,1.456,240172.675
1721487600000,1.4557,1.4665,1.4515,1.4616,212468.862
1721491200000,1.4613,1.4699,1.4519,1.4539,286959.454
1721494800000,1.4544,1.483,1.4514,1.4738,302812.87
1721498400000,1.4744,1.4773,1.4641,1.4718,182827.227
1721502000000,1.4719,1.4743,1.4545,1.4561,171170.945
1721505600000,1.456,1.467,1.4558,1.467,132133.008
1721509200000,1.4671,1.4672,1.4477,1.457,162857.125
1721512800000,1.4563,1.4609,1.446,1.4504,162146.579
1721516400000,1.4495,1.4614,1.4483,1.4593,109386.245
1721520000000,1.4604,1.4681,1.4472,1.4477,172568.28
1721523600000,1.4481,1.4726,1.4468,1.4645,238457.584
1721527200000,1.4642,1.479,1.4635,1.4666,244951.85
1721530800000,1.4662,1.4835,1.4607,1.4614,229449.953
1721534400000,1.4614,1.4614,1.4487,1.449,156960.456
1721538000000,1.449,1.4509,1.4388,1.4427,224864.579
1721541600000,1.4425,1.4451,1.4197,1.4212,240707.78
1721545200000,1.4209,1.4273,1.4122,1.4197,278284.551
1721548800000,1.4197,1.4357,1.4183,1.4262,267512.908
1721552400000,1.4255,1.4406,1.4236,1.4331,246239.776
1721556000000,1.4327,1.4363,1.4219,1.4229,219282.765
1721559600000,1.4223,1.4258,1.4167,1.424,170334.582
1721563200000,1.4236,1.4256,1.4168,1.4209,112413.75
1721566800000,1.4204,1.425,1.4046,1.4137,220448.035
1721570400000,1.4135,1.436,1.4071,1.43,169206.93
1721574000000,1.4303,1.4375,1.4185,1.4224,102935.289
1721577600000,1.4237,1.4316,1.4136,1.4306,225339.657
1721581200000,1.4324,1.4373,1.4013,1.4075,174520.087
1721584800000,1.4074,1.4271,1.3696,1.4094,413364.041
1721588400000,1.4103,1.4309,1.396,1.4309,184885.929
1721592000000,1.4297,1.474,1.425,1.4648,275903.23
1721595600000,1.4666,1.4814,1.4544,1.4814,91193.153
1721599200000,1.4816,1.4945,1.4614,1.4628,148704.552
1721602800000,1.4632,1.4927,1.463,1.4894,176364.206
1721606400000,1.4901,1.5106,1.4766,1.4797,194729.619
1721610000000,1.479,1.4794,1.4599,1.4613,121589.12
1721613600000,1.4603,1.4675,1.4548,1.4644,156050.831
1721617200000,1.4645,1.4675,1.4491,1.4536,133603.531
1721620800000,1.4532,1.4569,1.4468,1.4546,98730.808
1721624400000,1.4545,1.4591,1.4265,1.4354,118994.406
1721628000000,1.4349,1.438,1.4146,1.4268,167887.424
1721631600000,1.4256,1.4257,1.4116,1.4185,206390.505
1721635200000,1.4185,1.4247,1.4101,1.4109,187473.644
1721638800000,1.4111,1.4289,1.4077,1.4223,239209.413
1721642400000,1.4212,1.4333,1.4178,1.4259,180541.706
1721646000000,1.426,1.4336,1.421,1.4309,137557.095
1721649600000,1.4303,1.4341,1.4199,1.4273,246481.862
1721653200000,1.427,1.4341,1.4067,1.4104,378960.241
1721656800000,1.4107,1.4185,1.3844,1.3884,439857.475
1721660400000,1.3885,1.404,1.385,1.3946,362686.491
1721664000000,1.3949,1.4024,1.3867,1.391,188790.426
1721667600000,1.3908,1.4097,1.388,1.4088,193410.147
1721671200000,1.4084,1.4124,1.3987,1.4008,179200.387
1721674800000,1.4011,1.4159,1.3983,1.4143,192132.466
1721678400000,1.4152,1.4161,1.4013,1.4062,171516.218
1721682000000,1.4064,1.412,1.3877,1.389,202794.483
1721685600000,1.3893,1.3911,1.372,1.3786,190034.903
1721689200000,1.3788,1.379,1.3649,1.3697,180997.782
1721692800000,1.3696,1.3942,1.3683,1.3854,100113.062
1721696400000,1.3858,1.3987,1.3837,1.3875,120522.992
1721700000000,1.3869,1.3933,1.3755,1.3899,120430.886
1721703600000,1.3905,1.3932,1.377,1.3786,128860.166
1721707200000,1.3782,1.383,1.3516,1.3551,231787.358
1721710800000,1.3549,1.3608,1.3352,1.3395,211181.988
1721714400000,1.3396,1.347,1.3273,1.3422,138323.928
1721718000000,1.343,1.3476,1.329,1.3356,108387.008
1721721600000,1.337,1.382,1.3349,1.3742,155579.786
1721725200000,1.3749,1.3777,1.3611,1.3617,133783.02
1721728800000,1.3619,1.365,1.3406,1.3449,193169.465
1721732400000,1.3431,1.3516,1.332,1.3491,76315.14
1721736000000,1.3473,1.3498,1.3207,1.3284,184812.889
1721739600000,1.328,1.3404,1.3011,1.31,313807.109
1721743200000,1.3097,1.3443,1.306,1.3385,228781.768
1721746800000,1.3388,1.3388,1.3091,1.3139,143038.572
1721750400000,1.3114,1.3131,1.2738,1.2767,224487.554
1721754000000,1.2761,1.2939,1.2726,1.292,85326.376
1721757600000,1.291,1.2935,1.2828,1.2859,47906.193
1721761200000,1.2857,1.2972,1.2803,1.2832,85635.032
1721764800000,1.284,1.2923,1.2833,1.285,113019.144
1721768400000,1.284,1.295,1.2816,1.2816,84359.053
1721772000000,1.2813,1.2903,1.276,1.2863,84982.117
1721775600000,1.2859,1.2947,1.2844,1.2907,108552.234
1721779200000,1.2902,1.2988,1.2781,1.2788,100448.798
1721782800000,1.2789,1.2958,1.2788,1.2841,81240.596
1721786400000,1.2844,1.2972,1.282,1.2972,66302.978
1721790000000,1.2975,1.304,1.2908,1.2986,119472.049
1721793600000,1.2985,1.299,1.2739,1.2784,223093.837
1721797200000,1.2785,1.2816,1.2663,1.2801,180582.49
1721800800000,1.2805,1.2871,1.2573,1.2792,259441.055
1721804400000,1.2789,1.2811,1.2673,1.2765,217390.007
1721808000000,1.2767,1.2823,1.2673,1.2821,250169.98
1721811600000,1.282,1.282,1.2667,1.268,117512.049
1721815200000,1.2683,1.2779,1.2647,1.2773,115478.172
1721818800000,1.2778,1.278,1.2672,1.2697,80456.242
1721822400000,1.2689,1.2791,1.2635,1.2638,117841.399
1721826000000,1.2648,1.2824,1.2643,1.2683,154695.422
1721829600000,1.2686,1.3014,1.2666,1.289,227328.644
1721833200000,1.2903,1.2903,1.2548,1.2553,179332.202
1721836800000,1.2555,1.2623,1.2425,1.262,303182.84
1721840400000,1.2609,1.2772,1.2591,1.2646,94466.133
1721844000000,1.2649,1.2649,1.2419,1.2461,164933.668
1721847600000,1.246,1.2556,1.2344,1.2366,102200.773
1721851200000,1.2363,1.2407,1.2286,1.2401,114264.136
1721854800000,1.2402,1.2403,1.2087,1.2261,141524.181
1721858400000,1.226,1.226,1.2063,1.2079,56630.442
1721862000000,1.2086,1.2165,1.1996,1.2138,122895.757
1721865600000,1.2139,1.2197,1.2076,1.2151,69862.814
1721869200000,1.2155,1.2157,1.1697,1.1955,471063.237
1721872800000,1.1967,1.1968,1.1722,1.1887,186848.284
1721876400000,1.1885,1.1896,1.18,1.1858,99803.244
1721880000000,1.1865,1.2055,1.1737,1.1989,133961.589
1721883600000,1.1994,1.2089,1.1981,1.2037,122703.75
1721887200000,1.2034,1.2066,1.1952,1.2025,93906.995
1721890800000,1.2021,1.2087,1.1966,1.1983,117412.938
1721894400000,1.199,1.2128,1.195,1.2128,74501.223
1721898000000,1.2133,1.2184,1.1998,1.2052,88926.691
1721901600000,1.2039,1.2054,1.1916,1.1986,100923.334
1721905200000,1.1987,1.205,1.1967,1.1978,104301.561
1721908800000,1.198,1.2029,1.18,1.1844,146840.266
1721912400000,1.1848,1.199,1.1781,1.197,214165.838
1721916000000,1.1971,1.2154,1.1779,1.2119,300564.811
1721919600000,1.2122,1.2128,1.1891,1.1989,225244.729
1721923200000,1.1984,1.2124,1.1887,1.2064,121608.928
1721926800000,1.2063,1.2121,1.2021,1.2116,106273.62
1721930400000,1.2115,1.2134,1.175,1.1776,178742.485
1721934000000,1.1777,1.186,1.1629,1.1749,193134.967
1721937600000,1.1752,1.1879,1.1507,1.1876,167244.92
1721941200000,1.187,1.2097,1.1859,1.2035,107458.463
1721944800000,1.2033,1.2095,1.1979,1.2014,67186.602
1721948400000,1.2013,1.2046,1.1944,1.198,57794.106
1721952000000,1.1975,1.207,1.1901,1.2,98438.299
1721955600000,1.1981,1.2082,1.1941,1.2018,117548.544
1721959200000,1.2018,1.23,1.2013,1.2249,282302.795
1721962800000,1.2253,1.245,1.2214,1.2235,280731.632
1721966400000,1.2238,1.244,1.2218,1.235,303083.84
1721970000000,1.2353,1.2465,1.2276,1.2458,144558.78
1721973600000,1.2464,1.2703,1.241,1.2693,268126.991
1721977200000,1.2699,1.2794,1.2545,1.2551,320137.078
1721980800000,1.2557,1.2754,1.2548,1.2625,121806.683
1721984400000,1.2625,1.2754,1.2603,1.2719,191555.036
1724508000000,1.2829,1.2841,1.2419,1.269,371856.742
1724511600000,1.2678,1.2772,1.2565,1.2666,309210.549
1724515200000,1.2642,1.2773,1.2579,1.2749,342512.401
1724518800000,1.2745,1.2777,1.2552,1.2615,360112.893
1724522400000,1.2603,1.278,1.2572,1.276,87050.983
1724526000000,1.2754,1.2821,1.271,1.2766,46402.755
1724529600000,1.2772,1.2798,1.2639,1.2641,107195.473
1724533200000,1.2646,1.2646,1.228,1.2336,216778.325
1724536800000,1.2339,1.2611,1.2336,1.2555,178969.926
1724540400000,1.2553,1.2681,1.2553,1.2648,87642.384
1724544000000,1.2649,1.2777,1.2478,1.2507,276008.33
1724547600000,1.2507,1.2637,1.2318,1.2392,223615.976
1724551200000,1.2389,1.2722,1.2379,1.2617,190582.029
1724554800000,1.2616,1.2628,1.2403,1.2572,372433.816
1724558400000,1.256,1.2598,1.2239,1.2439,153213.612
1724562000000,1.2427,1.243,1.2218,1.2272,114208.424
1724565600000,1.2286,1.2318,1.1922,1.1963,209843.915
1724569200000,1.1958,1.1968,1.1676,1.1762,304521.087
1724572800000,1.1769,1.2145,1.1701,1.2033,170582.192
1724576400000,1.2033,1.2049,1.1882,1.1952,93750.733
1724580000000,1.1957,1.2117,1.1954,1.2113,70310.397
1724583600000,1.2116,1.2556,1.2116,1.2433,193135.368
1724587200000,1.2448,1.2598,1.2222,1.2574,124227.048
1724590800000,1.2585,1.28,1.2564,1.2663,338254.545
1724594400000,1.266,1.2663,1.2404,1.2461,195096.376
1724598000000,1.2465,1.2659,1.2438,1.2659,133994.935
1724601600000,1.2662,1.2737,1.2405,1.2465,165786.884
1724605200000,1.2467,1.272,1.2425,1.2614,157950.732
1724608800000,1.2612,1.3484,1.2579,1.3411,413434.578
1724612400000,1.3416,1.3788,1.3213,1.345,345142.43
1724616000000,1.3491,1.3525,1.3266,1.3393,130494.693
1724619600000,1.3405,1.3995,1.3379,1.3912,164111.825
1724623200000,1.3912,1.3995,1.3646,1.3733,333793.742
1724626800000,1.3739,1.3902,1.3566,1.3629,149038.741
1724630400000,1.365,1.3736,1.3458,1.3597,127390.87
1724634000000,1.3592,1.3772,1.3491,1.3524,136700.462
1724637600000,1.3512,1.3667,1.3375,1.345,318907.206
1724641200000,1.3462,1.3581,1.3405,1.3537,83834.292
1724644800000,1.3536,1.3603,1.3392,1.3442,168628.845
1724648400000,1.3436,1.3446,1.3221,1.33,80099.295
1724652000000,1.3285,1.3309,1.2953,1.3024,230584.055
1724655600000,1.3024,1.3219,1.2919,1.316,175741.218
1724659200000,1.317,1.3342,1.3106,1.3294,198912.997
1724662800000,1.3287,1.3412,1.3241,1.3373,148020.417
1724666400000,1.3376,1.3558,1.3325,1.3445,170980.026
1724670000000,1.3448,1.3912,1.3386,1.3726,242545.046
1724673600000,1.3731,1.3795,1.3437,1.3569,275345.988
1724677200000,1.3528,1.3741,1.3409,1.3549,355489.334
1724680800000,1.3558,1.3879,1.3331,1.3872,603069.632
1724684400000,1.3857,1.387,1.3512,1.3524,398414.665
1724688000000,1.3524,1.3797,1.3444,1.3641,282281.245
1724691600000,1.3633,1.3659,1.3181,1.3283,192144.497
1724695200000,1.3278,1.347,1.3161,1.3324,154717.039
1724698800000,1.3314,1.3368,1.3154,1.3253,66670.548
1724702400000,1.325,1.3609,1.3137,1.3536,132940.106
1724706000000,1.3521,1.3553,1.325,1.3359,105493.212
1724709600000,1.3342,1.3379,1.3221,1.332,70097.153
1724713200000,1.3317,1.3413,1.326,1.334,82938.59
1724716800000,1.3345,1.3641,1.3259,1.3441,179304.921
1724720400000,1.3429,1.3803,1.3427,1.3673,169575.462
1724724000000,1.3678,1.387,1.36,1.3649,220535.499
1724727600000,1.3639,1.3973,1.3561,1.3836,210427.131
1724731200000,1.3847,1.396,1.3651,1.369,196106.999
1724734800000,1.3662,1.4749,1.366,1.4733,731499.351
1724738400000,1.4728,1.4762,1.4095,1.4217,714216.915
1724742000000,1.4208,1.4421,1.3759,1.378,417608.333
1724745600000,1.3785,1.3974,1.3693,1.3954,303092.188
1724749200000,1.3938,1.4114,1.3739,1.387,234778.855
1724752800000,1.3855,1.39,1.343,1.3531,350858.613
1724756400000,1.353,1.3573,1.3239,1.3313,250134.449
1724760000000,1.3305,1.3633,1.3166,1.3584,359658.474
1724763600000,1.3578,1.3591,1.3279,1.3295,161105.213
1724767200000,1.33,1.3304,1.2879,1.3002,473571.67
1724770800000,1.2983,1.3064,1.2863,1.2957,103618.966
1724774400000,1.2974,1.3111,1.2758,1.2844,246338.358
1724778000000,1.2855,1.3186,1.2735,1.3178,160424.011
1724781600000,1.3172,1.361,1.3038,1.3528,300812.62
1724785200000,1.3505,1.367,1.3357,1.364,112475.996
1724788800000,1.3631,1.3645,1.3185,1.3212,86271.247
1724792400000,1.3228,1.3275,1.2774,1.29,250360.985
1724796000000,1.2881,1.3091,1.2455,1.3053,532886.128
1724799600000,1.304,1.3182,1.2813,1.287,326135.082
1724803200000,1.2877,1.2907,1.2633,1.2692,241892.879
1724806800000,1.2711,1.2818,1.251,1.2771,240540.981
1724810400000,1.2759,1.3006,1.2365,1.252,395909.523
1724814000000,1.2521,1.2766,1.2405,1.2757,155715.297
1724817600000,1.2727,1.2806,1.2532,1.2577,150772.637
1724821200000,1.2574,1.31,1.2562,1.2898,232557.276
1724824800000,1.2882,1.2884,1.2453,1.254,172598.489
1724828400000,1.2554,1.2707,1.1848,1.194,498999.833
1724832000000,1.194,1.2759,1.1895,1.2667,435389.527
1724835600000,1.2663,1.3359,1.2655,1.3191,482903.792
1724839200000,1.3193,1.321,1.2763,1.2876,459460.883
1724842800000,1.29,1.3777,1.29,1.3122,592885.792
1724846400000,1.3108,1.3108,1.283,1.2958,197276.8
1724850000000,1.2959,1.306,1.2765,1.2765,226097.576
1724853600000,1.2764,1.3228,1.2685,1.2816,445890.693
1724857200000,1.2807,1.2807,1.2138,1.2429,431003.062
1724860800000,1.2409,1.2538,1.184,1.2512,563858.841
1724864400000,1.2512,1.2597,1.2221,1.2231,207586.771
1724868000000,1.2214,1.2573,1.2204,1.2573,164161.895
1724871600000,1.2562,1.2737,1.2395,1.243,142851.063
1724875200000,1.2433,1.2672,1.176,1.2076,662940.279
1724878800000,1.2076,1.2291,1.1867,1.1895,194842.173
1724882400000,1.1902,1.194,1.1617,1.1793,251927.151
1724886000000,1.1789,1.2064,1.1731,1.1944,143878.349
1724889600000,1.1961,1.2125,1.1798,1.2057,81220.694
1724893200000,1.2048,1.2061,1.1798,1.1894,86893.5
1724896800000,1.1901,1.209,1.1865,1.209,46068.314
1724900400000,1.206,1.2061,1.1876,1.19,77198.043
1724904000000,1.19,1.1932,1.1645,1.1658,227332.462
1724907600000,1.1667,1.2172,1.1631,1.2163,217134.357
1724911200000,1.2151,1.238,1.2105,1.2157,393406.414
1724914800000,1.2157,1.246,1.2157,1.2286,214508.38
1724918400000,1.228,1.2299,1.1906,1.1937,185301.907
1724922000000,1.1921,1.2074,1.1902,1.1909,163207.544
1724925600000,1.191,1.2163,1.191,1.201,171978.463
1724929200000,1.2006,1.2475,1.1951,1.2268,454462.478
1724932800000,1.2268,1.241,1.2056,1.221,316989.809
1724936400000,1.2192,1.2459,1.2192,1.2427,539020.115
1724940000000,1.2437,1.249,1.2152,1.2257,100543.36
1724943600000,1.2245,1.2344,1.2029,1.2069,227183.246
1724947200000,1.205,1.2238,1.178,1.186,183278.286
1724950800000,1.1858,1.194,1.1822,1.1843,78464.994
1724954400000,1.1832,1.1846,1.1245,1.129,290332.918
1724958000000,1.1298,1.1491,1.1229,1.1315,188106.635
1724961600000,1.1305,1.1434,1.1297,1.138,58521.704
1724965200000,1.1383,1.1383,1.118,1.1187,120834.955
1724968800000,1.1192,1.1332,1.1086,1.1249,163922.876
1724972400000,1.1261,1.129,1.12,1.1252,92639.21
1724976000000,1.1244,1.1388,1.1131,1.1299,187305.472
1724979600000,1.1294,1.1308,1.11,1.1262,221240.203
1724983200000,1.1277,1.135,1.1184,1.1274,73214.128
1724986800000,1.126,1.126,1.1089,1.1209,202974.649
1724990400000,1.1205,1.1349,1.1042,1.1118,283846.558
1724994000000,1.1121,1.1179,1.099,1.1108,247755.176
1724997600000,1.1114,1.1241,1.107,1.1226,202621.005
1725001200000,1.1226,1.124,1.1054,1.1073,214818.041
1725004800000,1.1074,1.1243,1.1073,1.1122,273170.546
1725008400000,1.1123,1.1222,1.1079,1.1176,151853.211
1725012000000,1.1175,1.124,1.1108,1.1198,200624.157
1725015600000,1.1196,1.1249,1.1081,1.1118,180141.0
1725019200000,1.1119,1.1312,1.1094,1.1206,252270.512
1725022800000,1.1206,1.1206,1.0912,1.1063,255748.16
1725026400000,1.1077,1.12,1.0701,1.0714,290782.556
1725030000000,1.0713,1.08,1.0485,1.058,303486.874
1725033600000,1.0586,1.0869,1.0437,1.0842,316194.086
1725037200000,1.0849,1.1208,1.0819,1.114,231365.343
1725040800000,1.1146,1.1522,1.1076,1.1455,291873.752
1725044400000,1.1449,1.164,1.123,1.1489,329888.46
1725048000000,1.1482,1.1532,1.1337,1.1418,171362.447
1725051600000,1.1428,1.1815,1.1426,1.1644,232966.305
1725055200000,1.1654,1.1823,1.1649,1.1795,144272.412
1725058800000,1.1799,1.1997,1.1726,1.1959,579128.692
1725062400000,1.1967,1.2434,1.1909,1.2333,1081677.323
1725066000000,1.2344,1.2456,1.2144,1.2173,611514.245
1725069600000,1.2177,1.218,1.2003,1.2024,427706.636
1725073200000,1.2034,1.2041,1.1901,1.1939,295716.566
1725076800000,1.1937,1.2058,1.1823,1.2004,314560.168
1725080400000,1.1992,1.202,1.1811,1.1837,230051.759
1725084000000,1.1837,1.196,1.1779,1.1842,228645.024
1725087600000,1.1839,1.1902,1.177,1.1783,167906.819
1725091200000,1.1784,1.1807,1.1598,1.16,257911.848
1725094800000,1.1601,1.1689,1.1547,1.1641,291130.208
1725098400000,1.1647,1.1837,1.158,1.1793,213614.301
1725102000000,1.1788,1.1853,1.1729,1.1737,222380.559
1725105600000,1.1742,1.1795,1.1617,1.177,198668.32
1725109200000,1.1761,1.1886,1.1619,1.1629,245504.33
1725112800000,1.1632,1.177,1.1625,1.1756,196909.224
1725116400000,1.1755,1.1775,1.165,1.1725,104665.817
1725120000000,1.1716,1.1748,1.1566,1.1598,117193.415
1725123600000,1.1592,1.1784,1.1504,1.1711,219818.036
1725127200000,1.1699,1.1764,1.1625,1.1638,97446.804
1725130800000,1.1637,1.1646,1.1469,1.1477,195523.592
1725134400000,1.1474,1.1489,1.1266,1.1273,134154.067
1725138000000,1.1272,1.1337,1.125,1.1309,40569.251
1725141600000,1.1305,1.1305,1.1232,1.1273,84125.683
1725145200000,1.1271,1.1339,1.1262,1.1318,57257.074
1725148800000,1.131,1.1402,1.1262,1.1324,160195.516
1725152400000,1.1318,1.1346,1.1241,1.128,128981.591
1725156000000,1.1282,1.1428,1.1263,1.136,213640.955
1725159600000,1.1351,1.1377,1.1302,1.133,86885.731
1725163200000,1.1328,1.1415,1.13,1.1336,116194.38
1725166800000,1.1336,1.1362,1.13,1.1342,257777.895
1725170400000,1.1338,1.1378,1.1243,1.1354,228386.406
1725174000000,1.1355,1.2022,1.1355,1.2012,565431.313
1725177600000,1.2006,1.2203,1.1761,1.1805,795657.404
1725181200000,1.1797,1.1846,1.1643,1.1747,298895.713
1725184800000,1.1742,1.1755,1.1447,1.1493,252888.429
1725188400000,1.149,1.1628,1.1449,1.1628,100725.729
1725192000000,1.1632,1.1798,1.1517,1.1568,274078.796
1725195600000,1.1576,1.1711,1.1423,1.1696,323341.328
1725199200000,1.1696,1.1701,1.1305,1.1514,481244.6
1725202800000,1.1504,1.1915,1.1447,1.1792,346805.896
1725206400000,1.1776,1.1909,1.1528,1.1638,366698.217
1725210000000,1.1624,1.1772,1.1515,1.1609,182489.112
1725213600000,1.1594,1.1966,1.1571,1.1864,219787.77
1725217200000,1.1873,1.2069,1.1813,1.2051,216091.965
1725220800000,1.2047,1.2152,1.1838,1.1902,240220.398
1725224400000,1.192,1.1928,1.1713,1.1823,123331.52
1725228000000,1.1809,1.1809,1.1342,1.1413,401709.356
1725231600000,1.1411,1.1512,1.1369,1.1386,284196.607
1725235200000,1.139,1.1836,1.127,1.171,566179.381
1725238800000,1.1712,1.1836,1.159,1.1661,255286.385
1725242400000,1.1649,1.1746,1.1537,1.156,140417.993
1725246000000,1.1576,1.1678,1.1517,1.1608,191663.282
1725249600000,1.1609,1.1709,1.139,1.1434,181535.819
1725253200000,1.1433,1.1728,1.1333,1.1561,314068.597
1725256800000,1.1564,1.1617,1.1351,1.1378,177155.909
1725260400000,1.1378,1.1438,1.1036,1.1167,348736.522
1725264000000,1.1162,1.1997,1.1116,1.1571,942874.146
1725267600000,1.158,1.1962,1.151,1.1941,278488.726
1725271200000,1.1927,1.2108,1.1809,1.1911,397635.27
1725274800000,1.1919,1.2001,1.1768,1.179,229797.021
1725278400000,1.1789,1.1816,1.1706,1.1721,180120.395
1725282000000,1.1721,1.1865,1.1615,1.1659,203571.8
1725285600000,1.1658,1.2088,1.1573,1.2001,603052.763
1725289200000,1.199,1.2129,1.1913,1.1925,258697.982
1725292800000,1.1925,1.2035,1.1822,1.1837,220513.517
1725296400000,1.1828,1.2072,1.1828,1.2022,140076.033
1725300000000,1.2008,1.2035,1.1863,1.1916,146038.313
1725303600000,1.1908,1.1921,1.1819,1.1829,87502.99
1725307200000,1.182,1.223,1.1769,1.2171,181755.593
1725310800000,1.2165,1.2272,1.2008,1.2166,319927.395
1725314400000,1.2171,1.2358,1.2085,1.2346,182304.207
1725318000000,1.2351,1.2422,1.2279,1.2345,141825.395
1725321600000,1.2346,1.2536,1.226,1.2503,313787.81
1725325200000,1.25,1.2682,1.2301,1.2442,231376.445
1725328800000,1.2435,1.2522,1.2208,1.222,282540.602
1725332400000,1.2228,1.2248,1.2117,1.2181,117383.461
1725336000000,1.2181,1.2198,1.2024,1.2047,131693.974
1725339600000,1.2042,1.2151,1.1991,1.2079,133669.481
1725343200000,1.2068,1.2068,1.1868,1.1875,166168.787
1725346800000,1.1875,1.2038,1.1867,1.1989,101119.44
1725350400000,1.1988,1.199,1.1756,1.1803,146124.115
1725354000000,1.1798,1.1868,1.1733,1.175,160684.034
1725357600000,1.1749,1.1869,1.1717,1.1755,155432.735
1725361200000,1.1758,1.185,1.1711,1.1827,109094.768
1725364800000,1.1822,1.2067,1.1798,1.1854,325720.874
1725368400000,1.1852,1.1959,1.1589,1.1731,319938.116
1725372000000,1.173,1.173,1.1486,1.1486,198167.659
1725375600000,1.1492,1.1581,1.126,1.1328,367326.467
1725379200000,1.1324,1.1419,1.1295,1.1394,203272.676
1725382800000,1.14,1.1494,1.1297,1.13,158554.895
1725386400000,1.1309,1.1394,1.1246,1.1341,186003.608
1725390000000,1.1342,1.1443,1.1319,1.136,106452.037
1725393600000,1.1367,1.1467,1.1318,1.137,109860.295
1725397200000,1.1375,1.141,1.1298,1.1383,58759.783
1725400800000,1.1381,1.1398,1.13,1.13,73657.647
1725404400000,1.1297,1.1308,1.1115,1.1217,282675.244
1725408000000,1.1223,1.1422,1.1159,1.119,140841.303
1725411600000,1.1192,1.1364,1.0734,1.1211,617755.537
1725415200000,1.1204,1.1367,1.1146,1.1235,231911.778
1725418800000,1.1238,1.1317,1.1225,1.1269,176253.834
1725422400000,1.1255,1.1299,1.1207,1.1246,183173.578
1725426000000,1.1246,1.1246,1.1041,1.108,227872.517
1725429600000,1.108,1.1171,1.101,1.1025,477665.422
1725433200000,1.1023,1.1212,1.1021,1.1203,208505.819
1725436800000,1.1206,1.1246,1.1087,1.1165,254100.662
1725440400000,1.1164,1.1181,1.1077,1.1096,130096.08
1725444000000,1.1095,1.1112,1.0902,1.0906,229759.671
1725447600000,1.0906,1.0976,1.0853,1.0892,286676.445
1725451200000,1.0893,1.1057,1.0857,1.0945,338380.006
1725454800000,1.0947,1.1006,1.0875,1.0987,327381.122
1725458400000,1.0984,1.155,1.089,1.1472,556477.822
1725462000000,1.1475,1.1592,1.1279,1.1586,416416.298
1725465600000,1.1586,1.1869,1.1431,1.1537,522404.826
1725469200000,1.1533,1.1573,1.1342,1.1377,190976.496
1725472800000,1.1385,1.1429,1.1211,1.1251,132565.725
1725476400000,1.124,1.1442,1.1229,1.1437,93711.592
1725480000000,1.1447,1.149,1.1327,1.1394,81536.878
1725483600000,1.1402,1.1664,1.13,1.1476,142703.659
1725487200000,1.1477,1.159,1.1428,1.1481,83832.952
1725490800000,1.1481,1.1532,1.1344,1.1409,88510.224
1725494400000,1.1407,1.151,1.135,1.1352,100743.3
1725498000000,1.135,1.1483,1.1336,1.142,141733.576
1725501600000,1.1418,1.1451,1.121,1.1243,184088.046
1725505200000,1.1241,1.1249,1.1098,1.1194,281334.495
1725508800000,1.1195,1.1271,1.1166,1.1241,107855.679
1725512400000,1.1239,1.1247,1.1114,1.1155,134502.684
1725516000000,1.1152,1.1173,1.1018,1.1144,147075.394
1725519600000,1.1145,1.1269,1.112,1.1244,85384.388
1725523200000,1.1243,1.1295,1.115,1.1203,175622.638
1725526800000,1.1206,1.1329,1.117,1.1238,191598.502
1725530400000,1.124,1.1271,1.1131,1.1181,160248.67
1725534000000,1.1185,1.1229,1.1146,1.1176,111717.388
1725537600000,1.1177,1.1299,1.1084,1.1157,214980.311
1725541200000,1.1155,1.1285,1.1131,1.1277,216475.755
1725544800000,1.1278,1.14,1.1001,1.1028,348996.044
1725548400000,1.1027,1.1086,1.0824,1.0904,440120.353
1725552000000,1.0905,1.0945,1.0699,1.0737,405459.419
1725555600000,1.0741,1.0901,1.072,1.0898,214312.111
1725559200000,1.0903,1.0955,1.0838,1.0919,106619.524
1725562800000,1.0913,1.0925,1.0708,1.0727,167158.444
1725566400000,1.0722,1.0851,1.071,1.0755,141964.599
1725570000000,1.0757,1.0836,1.0722,1.0792,120236.44
1725573600000,1.0791,1.084,1.0703,1.0795,108554.602
1725577200000,1.0796,1.0821,1.076,1.0803,67780.594
1725580800000,1.0808,1.0826,1.0676,1.0769,224037.123
1725584400000,1.075,1.089,1.0686,1.0851,182410.767
1728108000000,1.4523,1.4618,1.4403,1.4585,123869.109
1728111600000,1.4575,1.4643,1.4463,1.4477,65058.449
1728115200000,1.4483,1.4615,1.4469,1.4545,116269.051
1728118800000,1.4549,1.4836,1.4523,1.4782,162332.2
1728122400000,1.4771,1.4791,1.4531,1.4554,118513.038
1728126000000,1.4554,1.467,1.4511,1.4617,86503.836
1728129600000,1.4617,1.4698,1.4573,1.4662,97777.395
1728133200000,1.4663,1.4727,1.436,1.4402,155322.146
1728136800000,1.4403,1.4458,1.4266,1.4404,334507.03
1728140400000,1.4409,1.4419,1.4266,1.4345,108726.62
1728144000000,1.4348,1.4363,1.4058,1.4076,215439.61
1728147600000,1.4074,1.4163,1.4,1.409,133267.857
1728151200000,1.4098,1.4129,1.3873,1.3942,136578.522
1728154800000,1.3933,1.3955,1.377,1.383,133673.207
1728158400000,1.3811,1.3813,1.3646,1.3659,128196.812
1728162000000,1.3656,1.3851,1.3611,1.3781,59146.806
1728165600000,1.3788,1.407,1.3788,1.4033,167064.466
1728169200000,1.4041,1.4062,1.3968,1.4048,53659.041
1728172800000,1.4061,1.4061,1.3893,1.3966,103077.274
1728176400000,1.3966,1.4194,1.3945,1.4165,196447.383
1728180000000,1.4165,1.4166,1.3993,1.4005,115206.424
1728183600000,1.4006,1.4087,1.3804,1.3862,255661.694
1728187200000,1.3865,1.3921,1.3757,1.3846,121524.584
1728190800000,1.3852,1.3905,1.3795,1.3887,86699.283
1728194400000,1.3889,1.3947,1.3813,1.3839,107896.041
1728198000000,1.3836,1.3947,1.3828,1.3893,91036.34
1728201600000,1.3867,1.3956,1.3825,1.3875,48327.937
1728205200000,1.388,1.4001,1.388,1.3926,49829.616
1728208800000,1.394,1.3953,1.3863,1.3908,29155.162
1728212400000,1.3908,1.4074,1.3865,1.4012,113569.314
1728216000000,1.4022,1.4182,1.3987,1.4093,193503.216
1728219600000,1.4114,1.4261,1.4102,1.4201,160067.942
1728223200000,1.4211,1.4728,1.4149,1.4681,200611.999
1728226800000,1.4673,1.47,1.4455,1.4591,176700.107
1728230400000,1.4605,1.479,1.4482,1.4493,207757.875
1728234000000,1.45,1.46,1.443,1.4448,43113.086
1728237600000,1.4451,1.4525,1.4407,1.448,35355.807
1728241200000,1.4512,1.4608,1.4326,1.4362,54191.605
1728244800000,1.4358,1.4453,1.4316,1.4419,44844.575
1728248400000,1.4413,1.45,1.4277,1.4277,53502.765
1728252000000,1.4296,1.4522,1.4296,1.4502,35726.472
1728255600000,1.4509,1.4743,1.4509,1.4735,96875.986
1728259200000,1.4732,1.5177,1.4616,1.5131,275794.803
1728262800000,1.5125,1.5315,1.5089,1.5277,199384.069
1728266400000,1.5284,1.559,1.5212,1.5216,325624.939
1728270000000,1.5231,1.5366,1.5158,1.534,175006.175
1728273600000,1.5345,1.545,1.5182,1.5198,131786.02
1728277200000,1.5197,1.5285,1.514,1.517,75721.228
1728280800000,1.517,1.5291,1.513,1.5285,141695.027
1728284400000,1.5279,1.5326,1.5135,1.5215,107179.722
1728288000000,1.5221,1.5324,1.5124,1.5148,107222.45
1728291600000,1.5148,1.5217,1.487,1.4966,154533.151
1728295200000,1.4963,1.497,1.4648,1.47,200429.288
1728298800000,1.4712,1.4987,1.4577,1.4978,205580.006
1728302400000,1.4967,1.5017,1.4738,1.4773,99456.982
1728306000000,1.4769,1.5183,1.4752,1.5082,142374.613
1728309600000,1.5093,1.5567,1.5088,1.5376,285472.644
1728313200000,1.5389,1.55,1.5205,1.5287,322877.391
1728316800000,1.5288,1.5443,1.5138,1.5419,325734.094
1728320400000,1.5417,1.5552,1.5281,1.5518,197980.367
1728324000000,1.5515,1.5521,1.4809,1.4904,563032.503
1728327600000,1.4916,1.5183,1.4852,1.499,303292.331
1728331200000,1.4997,1.5104,1.4879,1.4896,165083.078
1728334800000,1.4898,1.5202,1.489,1.5152,113820.011
1728338400000,1.515,1.515,1.4819,1.4822,158728.341
1728342000000,1.4837,1.4956,1.468,1.4704,214082.081
1728345600000,1.47,1.4918,1.4638,1.4878,183377.932
1728349200000,1.4869,1.4955,1.4714,1.4839,236327.887
1728352800000,1.4839,1.5082,1.4766,1.5063,226665.175
1728356400000,1.5078,1.511,1.492,1.496,115348.038
1728360000000,1.4966,1.5014,1.4756,1.4835,141488.117
1728363600000,1.4829,1.4885,1.4469,1.4609,253911.605
1728367200000,1.4618,1.4643,1.4398,1.4584,248461.545
1728370800000,1.4587,1.4587,1.4221,1.4365,249921.687
1728374400000,1.4363,1.4464,1.425,1.4404,255512.261
1728378000000,1.4418,1.4494,1.4319,1.4454,150443.738
1728381600000,1.4453,1.447,1.4228,1.4261,208470.826
1728385200000,1.4252,1.4419,1.4218,1.4356,226607.305
1728388800000,1.4344,1.4385,1.4151,1.4234,193352.743
1728392400000,1.4237,1.4566,1.4109,1.4552,403189.509
1728396000000,1.4547,1.4623,1.4205,1.4441,569918.825
1728399600000,1.445,1.446,1.4065,1.4255,373197.872
1728403200000,1.425,1.4477,1.413,1.4374,156475.348
1728406800000,1.4369,1.4392,1.4184,1.4276,117117.177
1728410400000,1.4274,1.44,1.4107,1.4198,104935.411
1728414000000,1.419,1.4331,1.4068,1.4294,111440.194
1728417600000,1.4285,1.4427,1.4218,1.4418,74933.208
1728421200000,1.4421,1.4488,1.4383,1.4463,37694.203
1728424800000,1.4472,1.4476,1.4308,1.4332,32149.28
1728428400000,1.4329,1.4329,1.4122,1.4229,49179.698
1728432000000,1.4229,1.4406,1.4168,1.4279,211453.544
1728435600000,1.429,1.4527,1.4257,1.448,232001.731
1728439200000,1.4478,1.4486,1.4243,1.4264,116103.74
1728442800000,1.4265,1.4373,1.419,1.4295,162107.208
1728446400000,1.4289,1.4379,1.4206,1.427,97212.636
1728450000000,1.427,1.444,1.427,1.4419,106756.26
1728453600000,1.4419,1.4423,1.4235,1.4276,101333.423
1728457200000,1.4268,1.4268,1.4081,1.4155,95974.915
1728460800000,1.4163,1.4219,1.4082,1.4082,53498.796
1728464400000,1.4093,1.418,1.4056,1.418,69722.039
1728468000000,1.4183,1.4183,1.4,1.4112,255353.911
1728471600000,1.4111,1.4204,1.4081,1.4167,51286.306
1728475200000,1.415,1.4186,1.3778,1.3873,100602.962
1728478800000,1.3869,1.3931,1.3644,1.3654,133884.349
1728482400000,1.3665,1.3825,1.3611,1.3657,84294.2
1728486000000,1.3666,1.3992,1.3661,1.3917,133637.191
1728489600000,1.3913,1.393,1.3479,1.3561,189737.792
1728493200000,1.3556,1.3676,1.341,1.3566,123755.348
1728496800000,1.3585,1.3627,1.3391,1.3422,127367.78
1728500400000,1.3435,1.3538,1.3366,1.3491,96978.3
1728504000000,1.3484,1.3501,1.318,1.3257,163756.368
1728507600000,1.3251,1.3475,1.3224,1.3466,90381.976
1728511200000,1.3464,1.3493,1.3381,1.3437,65994.138
1728514800000,1.344,1.347,1.3412,1.3424,44095.722
1728518400000,1.3422,1.3469,1.3306,1.3396,147994.503
1728522000000,1.3396,1.3521,1.3396,1.3446,90088.733
1728525600000,1.3449,1.3526,1.3426,1.3475,107990.897
1728529200000,1.3475,1.3582,1.3404,1.3426,103592.686
1728532800000,1.3426,1.3555,1.3419,1.3501,94259.684
1728536400000,1.35,1.366,1.3462,1.3595,112095.276
1728540000000,1.3597,1.3696,1.3565,1.364,150893.436
1728543600000,1.3639,1.3639,1.3466,1.3467,110111.179
1728547200000,1.3466,1.3526,1.3328,1.3349,172413.736
1728550800000,1.3346,1.3414,1.3226,1.3255,223710.828
1728554400000,1.3256,1.3439,1.325,1.3337,170554.519
1728558000000,1.3338,1.3554,1.3338,1.3519,174277.709
1728561600000,1.3515,1.3547,1.3162,1.3281,205146.922
1728565200000,1.3275,1.3406,1.3043,1.3157,428014.23
1728568800000,1.316,1.3232,1.2884,1.299,429694.903
1728572400000,1.2989,1.3109,1.2801,1.3109,354742.848
1728576000000,1.3107,1.3191,1.2871,1.2891,349093.52
1728579600000,1.2895,1.2977,1.2648,1.2771,402080.658
1728583200000,1.2759,1.2967,1.2656,1.2956,362968.823
1728586800000,1.2951,1.3047,1.29,1.2969,80607.218
1728590400000,1.2952,1.3078,1.2919,1.3008,134389.295
1728594000000,1.3005,1.3134,1.2982,1.3134,93717.53
1728597600000,1.3135,1.3168,1.3054,1.3142,136783.283
1728601200000,1.3143,1.3227,1.314,1.3201,113233.832
1728604800000,1.3199,1.334,1.3124,1.3218,152648.134
1728608400000,1.321,1.3405,1.3064,1.3297,310968.89
1728612000000,1.3303,1.3349,1.3193,1.3273,163519.607
1728615600000,1.329,1.3403,1.329,1.3346,136518.6
1728619200000,1.335,1.3373,1.3249,1.3273,88527.436
1728622800000,1.3263,1.3357,1.32,1.32,68908.102
1728626400000,1.3219,1.3378,1.3209,1.3328,63788.094
1728630000000,1.333,1.3427,1.3312,1.335,120238.772
1728633600000,1.3339,1.3471,1.3339,1.3416,80318.759
1728637200000,1.3419,1.3595,1.3416,1.3582,90171.825
1728640800000,1.3573,1.3718,1.3552,1.3689,154820.888
1728644400000,1.369,1.3819,1.3594,1.3743,115921.228
1728648000000,1.3733,1.3869,1.3679,1.3812,240098.683
1728651600000,1.3802,1.4051,1.3623,1.3981,410923.492
1728655200000,1.3986,1.4216,1.3921,1.4087,445965.415
1728658800000,1.4093,1.4286,1.4041,1.4132,218342.241
1728662400000,1.4131,1.4174,1.4005,1.4062,193959.7
1728666000000,1.4075,1.4282,1.3974,1.4153,211934.42
1728669600000,1.4144,1.4218,1.4075,1.4133,164070.38
1728673200000,1.4131,1.4284,1.4061,1.4103,260285.8
1728676800000,1.4097,1.4168,1.4085,1.415,41809.605
1728680400000,1.4161,1.4238,1.4151,1.4193,54084.095
1728684000000,1.419,1.4244,1.408,1.4118,92728.635
1728687600000,1.412,1.4168,1.4052,1.4126,106768.563
1728691200000,1.4122,1.4257,1.4084,1.4237,129232.022
1728694800000,1.4242,1.4304,1.4128,1.4202,137042.952
1728698400000,1.4209,1.4211,1.4058,1.4072,80015.138
1728702000000,1.4057,1.4159,1.3946,1.4048,159473.449
1728705600000,1.4053,1.4205,1.4053,1.417,107944.818
1728709200000,1.4175,1.4327,1.4135,1.4295,89981.513
1728712800000,1.4298,1.4486,1.4268,1.4452,143585.073
1728716400000,1.4448,1.4627,1.4363,1.4587,170521.899
1728720000000,1.4591,1.466,1.4375,1.4457,185593.149
1728723600000,1.446,1.4461,1.435,1.4422,81784.012
1728727200000,1.443,1.454,1.4389,1.4447,123833.06
1728730800000,1.443,1.4567,1.4358,1.4388,147049.144
1728734400000,1.44,1.4405,1.426,1.4343,99403.796
1728738000000,1.4345,1.4588,1.43,1.4465,144001.554
1728741600000,1.4491,1.465,1.4439,1.4588,90745.045
1728745200000,1.4587,1.4793,1.4512,1.4668,98664.717
1728748800000,1.4668,1.4837,1.4561,1.4561,150260.23
1728752400000,1.4557,1.4678,1.4504,1.4541,57860.501
1728756000000,1.455,1.46,1.4402,1.4465,109499.614
1728759600000,1.4461,1.4475,1.435,1.4406,55355.857
1728763200000,1.4407,1.4569,1.4385,1.4561,20447.742
1728766800000,1.4562,1.4875,1.4536,1.4664,137900.118
1728770400000,1.4663,1.4998,1.4618,1.4957,123566.227
1728774000000,1.4959,1.5299,1.4713,1.4757,242393.498
1728777600000,1.4764,1.491,1.469,1.469,89924.568
1728781200000,1.4689,1.469,1.4506,1.4551,160141.65
1728784800000,1.4553,1.466,1.4527,1.4611,143561.587
1728788400000,1.4612,1.462,1.4404,1.4445,124163.016
1728792000000,1.4446,1.455,1.4443,1.4522,66086.567
1728795600000,1.4522,1.4632,1.4494,1.4525,94164.167
1728799200000,1.4525,1.4582,1.4458,1.4496,97977.42
1728802800000,1.4494,1.4523,1.4356,1.4424,139794.624
1728806400000,1.4409,1.4434,1.4241,1.4256,81491.866
1728810000000,1.4254,1.4391,1.4249,1.4364,42429.195
1728813600000,1.4359,1.4403,1.4276,1.4306,53610.685
1728817200000,1.429,1.4383,1.4189,1.4222,115359.21
1728820800000,1.4219,1.4413,1.4219,1.4341,148343.878
1728824400000,1.4339,1.4402,1.4276,1.4289,23766.59
1728828000000,1.429,1.4303,1.398,1.4023,136337.358
1728831600000,1.4014,1.4227,1.3825,1.3917,186518.087
1728835200000,1.3905,1.4328,1.3864,1.4176,137599.941
1728838800000,1.4174,1.4244,1.3981,1.4034,49481.549
1728842400000,1.4037,1.4041,1.3828,1.3884,52687.013
1728846000000,1.3882,1.4064,1.3873,1.4018,64404.24
1728849600000,1.4021,1.4037,1.3919,1.4019,42133.963
1728853200000,1.4019,1.4217,1.4,1.4175,147077.832
1728856800000,1.4175,1.4389,1.4141,1.4224,79917.854
1728860400000,1.4208,1.4247,1.4074,1.4187,81250.286
1728864000000,1.4197,1.4245,1.3984,1.4041,171376.727
1728867600000,1.4039,1.45,1.4039,1.4442,253219.498
1728871200000,1.4438,1.4438,1.4195,1.439,285044.744
1728874800000,1.4394,1.505,1.4354,1.4997,401940.953
1728878400000,1.5012,1.5089,1.4798,1.4798,215755.449
1728882000000,1.4797,1.4863,1.4601,1.4708,178882.081
1728885600000,1.4703,1.5004,1.4629,1.4839,282177.553
1728889200000,1.485,1.5195,1.4814,1.5155,740161.38
1728892800000,1.5144,1.53,1.4944,1.4986,332807.999
1728896400000,1.4991,1.5149,1.4938,1.5074,204220.512
1728900000000,1.5075,1.5103,1.4956,1.5008,122414.179
1728903600000,1.5012,1.5082,1.4939,1.5082,127397.885
1728907200000,1.5081,1.5097,1.4884,1.495,205114.087
1728910800000,1.4942,1.5104,1.4785,1.5004,216247.698
1728914400000,1.5001,1.5196,1.4805,1.482,620614.614
1728918000000,1.482,1.5313,1.481,1.5203,256272.521
1728921600000,1.5184,1.5199,1.4953,1.4999,348137.621
1728925200000,1.4996,1.5156,1.4972,1.5139,88499.701
1728928800000,1.5139,1.5234,1.5051,1.5146,103771.976
1728932400000,1.5143,1.5246,1.5123,1.5167,45962.883
1728936000000,1.5156,1.5184,1.506,1.506,52593.856
1728939600000,1.5076,1.5149,1.4967,1.5018,62503.994
1728943200000,1.5012,1.5276,1.5012,1.5276,116704.672
1728946800000,1.5273,1.5279,1.5082,1.5172,121089.426
1728950400000,1.5178,1.5292,1.4875,1.4965,526259.049
1728954000000,1.4967,1.504,1.4821,1.496,423036.717
1728957600000,1.497,1.5051,1.4855,1.4916,233910.713
1728961200000,1.4909,1.4924,1.4612,1.4641,390997.332
1728964800000,1.4641,1.4909,1.4428,1.4854,328915.146
1728968400000,1.4852,1.4864,1.4556,1.4599,189372.161
1728972000000,1.4598,1.4824,1.4533,1.477,263877.354
1728975600000,1.477,1.4975,1.4709,1.4947,399595.739
1728979200000,1.4934,1.512,1.4911,1.5081,135999.131
1728982800000,1.5095,1.5097,1.4769,1.4827,170316.911
1728986400000,1.482,1.4949,1.4794,1.4804,82308.746
1728990000000,1.4806,1.487,1.4282,1.439,266275.158
1728993600000,1.439,1.4662,1.434,1.4589,135083.409
1728997200000,1.4589,1.5199,1.4477,1.5102,635554.63
1729000800000,1.5116,1.5271,1.4355,1.4421,947749.068
1729004400000,1.4438,1.4766,1.411,1.4545,259884.697
1729008000000,1.4555,1.4831,1.454,1.4775,120658.531
1729011600000,1.4767,1.4811,1.4542,1.4594,55796.328
1729015200000,1.461,1.4793,1.4586,1.4663,84447.262
1729018800000,1.4668,1.4737,1.4547,1.4659,32096.002
1729022400000,1.4651,1.4704,1.4321,1.437,73274.551
1729026000000,1.4359,1.4464,1.4268,1.4448,40235.926
1729029600000,1.4448,1.4549,1.4382,1.4437,50624.093
1729033200000,1.4457,1.4668,1.4454,1.4668,60120.537
1729036800000,1.4653,1.4678,1.4404,1.4424,186280.581
1729040400000,1.4422,1.4576,1.4319,1.452,391236.219
1729044000000,1.4533,1.4784,1.4521,1.4685,348061.619
1729047600000,1.4685,1.4764,1.4596,1.4627,282896.965
1729051200000,1.4626,1.4747,1.4395,1.4588,271152.176
1729054800000,1.4567,1.4715,1.4501,1.468,197764.798
1729058400000,1.4693,1.4746,1.4429,1.4509,279668.049
1729062000000,1.4508,1.4509,1.4344,1.4369,151965.915
1729065600000,1.4368,1.4562,1.4314,1.444,103850.773
1729069200000,1.4444,1.4644,1.4434,1.4549,70732.301
1729072800000,1.4558,1.461,1.444,1.4476,56491.803
1729076400000,1.4482,1.477,1.4385,1.4554,190903.645
1729080000000,1.4548,1.4696,1.446,1.4531,120758.915
1729083600000,1.4538,1.4611,1.4247,1.4316,142345.933
1729087200000,1.4299,1.4585,1.4168,1.4284,154829.257
1729090800000,1.4291,1.4349,1.4137,1.4262,100200.696
1729094400000,1.426,1.4358,1.4063,1.4349,340528.257
1729098000000,1.4347,1.443,1.427,1.428,135127.739
1729101600000,1.428,1.4324,1.4184,1.421,32382.937
1729105200000,1.4217,1.4291,1.4151,1.4238,25391.537
1729108800000,1.4248,1.4503,1.4238,1.4438,55101.498
1729112400000,1.4438,1.4453,1.4336,1.4357,91696.925
1729116000000,1.4356,1.4525,1.4352,1.4431,68259.954
1729119600000,1.4441,1.4444,1.4214,1.4262,81198.132
1729123200000,1.4283,1.4409,1.4279,1.4329,167406.391
1729126800000,1.4339,1.4417,1.419,1.4403,214115.594
1729130400000,1.4397,1.4402,1.4165,1.417,183309.377
1729134000000,1.417,1.4279,1.415,1.4275,94269.525
1729137600000,1.4276,1.4303,1.4061,1.4073,126099.899
1729141200000,1.4074,1.4136,1.39,1.3946,159339.114
1729144800000,1.3946,1.4028,1.3888,1.3921,182879.826
1729148400000,1.3928,1.3984,1.3856,1.395,173968.563
1729152000000,1.3953,1.4088,1.3856,1.4066,158335.699
1729155600000,1.407,1.4101,1.3967,1.3976,124414.943
1729159200000,1.3976,1.3997,1.3692,1.3814,159714.25
1729162800000,1.3814,1.3835,1.3593,1.3652,252004.186
1729166400000,1.3646,1.384,1.3619,1.3801,152091.095
1729170000000,1.3797,1.3953,1.3667,1.3808,191590.028
1729173600000,1.3807,1.3855,1.3722,1.3772,220745.687
1729177200000,1.3777,1.405,1.3705,1.3972,181339.572
1729180800000,1.3975,1.3975,1.369,1.3759,140084.169
1729184400000,1.3772,1.3823,1.3524,1.3581,181714.067
1731708000000,1.2799,1.2985,1.2769,1.2892,259435.955
1731711600000,1.2899,1.2974,1.2793,1.2835,121995.904
1731715200000,1.2829,1.2891,1.2722,1.2841,234936.735
1731718800000,1.2847,1.2929,1.2836,1.2904,259200.973
1731722400000,1.2902,1.3014,1.2865,1.2959,323041.541
1731726000000,1.296,1.3278,1.295,1.3173,387390.916
1731729600000,1.3177,1.3304,1.3047,1.3067,280623.966
1731733200000,1.3067,1.3077,1.29,1.2933,292348.268
1731736800000,1.2933,1.294,1.2652,1.2685,370201.034
1731740400000,1.2685,1.288,1.268,1.2823,263535.52
1731744000000,1.2823,1.3084,1.2813,1.3051,315897.939
1731747600000,1.305,1.33,1.2896,1.2913,370640.353
1731751200000,1.2918,1.3201,1.2883,1.3068,306813.15
1731754800000,1.3065,1.3259,1.3001,1.3221,416383.58
1731758400000,1.3223,1.3302,1.2893,1.3079,367503.393
1731762000000,1.3069,1.3398,1.3012,1.3059,220178.463
1731765600000,1.3049,1.3168,1.2917,1.3017,232130.596
1731769200000,1.3019,1.3066,1.252,1.268,690948.617
1731772800000,1.2665,1.287,1.2599,1.2861,223356.416
1731776400000,1.2862,1.3148,1.2823,1.3138,301490.505
1731780000000,1.3139,1.3232,1.3103,1.3164,172786.263
1731783600000,1.3168,1.3183,1.3038,1.3047,109813.799
1731787200000,1.3047,1.3163,1.2948,1.3031,117770.81
1731790800000,1.3029,1.3412,1.3009,1.3386,545137.464
1731794400000,1.3389,1.3688,1.3147,1.3147,341548.039
1731798000000,1.315,1.3331,1.2994,1.3217,501742.795
1731801600000,1.3225,1.3325,1.3135,1.3203,212039.841
1731805200000,1.3206,1.3207,1.2675,1.2813,852542.522
1731808800000,1.2804,1.2864,1.2422,1.2758,522970.202
1731812400000,1.2759,1.2961,1.262,1.2955,355916.03
1731816000000,1.2959,1.3178,1.2818,1.31,483297.028
1731819600000,1.3096,1.3183,1.3,1.3098,360649.153
1731823200000,1.3105,1.3268,1.305,1.3183,330555.191
1731826800000,1.3183,1.323,1.3052,1.3093,328570.516
1731830400000,1.3091,1.3187,1.3001,1.3103,409025.088
1731834000000,1.3108,1.3193,1.2993,1.3058,300457.165
1731837600000,1.3058,1.3077,1.2934,1.297,321501.873
1731841200000,1.2975,1.3008,1.271,1.2715,368304.593
1731844800000,1.2716,1.2963,1.2706,1.2946,289568.721
1731848400000,1.2948,1.2948,1.2734,1.2835,133750.066
1731852000000,1.2825,1.2902,1.2666,1.2832,247204.415
1731855600000,1.2829,1.2957,1.2725,1.2851,162217.747
1731859200000,1.2851,1.293,1.2741,1.2805,165899.908
1731862800000,1.28,1.2901,1.2704,1.2868,84763.724
1731866400000,1.2869,1.2874,1.2537,1.2551,144270.52
1731870000000,1.2554,1.2673,1.248,1.2639,99915.956
1731873600000,1.2636,1.2714,1.2499,1.259,107881.736
1731877200000,1.2577,1.2622,1.2397,1.2412,162335.43
1731880800000,1.2424,1.2547,1.2326,1.2417,123202.944
1731884400000,1.2416,1.2588,1.2355,1.2573,126872.524
1731888000000,1.258,1.2775,1.2517,1.2647,287877.24
1731891600000,1.2647,1.2894,1.2621,1.2867,361702.66
1731895200000,1.2873,1.2965,1.2784,1.2892,365509.656
1731898800000,1.2893,1.3137,1.2803,1.3122,384016.764
1731902400000,1.3126,1.3137,1.2849,1.288,334975.611
1731906000000,1.2883,1.2987,1.2834,1.2921,371976.57
1731909600000,1.2928,1.3396,1.2925,1.3196,529760.653
1731913200000,1.3193,1.3206,1.3031,1.3108,432667.013
1731916800000,1.3107,1.3124,1.2913,1.3,418525.813
1731920400000,1.2998,1.3235,1.2763,1.323,531559.459
1731924000000,1.3225,1.3235,1.2927,1.3059,444828.935
1731927600000,1.3058,1.3082,1.2753,1.2848,527832.305
1731931200000,1.2848,1.2924,1.2672,1.286,277449.608
1731934800000,1.286,1.2892,1.2603,1.2647,468166.27
1731938400000,1.2645,1.3079,1.2607,1.2898,772400.645
1731942000000,1.289,1.3231,1.2885,1.3125,438941.353
1731945600000,1.3133,1.3769,1.3007,1.345,855383.591
1731949200000,1.3455,1.3827,1.3276,1.38,468763.288
1731952800000,1.3812,1.4,1.3445,1.3491,562404.565
1731956400000,1.3496,1.3586,1.3073,1.3431,496411.941
1731960000000,1.3428,1.369,1.33,1.3527,396812.918
1731963600000,1.3537,1.3711,1.3471,1.3523,327719.208
1731967200000,1.3521,1.3662,1.3471,1.3505,168959.932
1731970800000,1.3521,1.3627,1.3228,1.3627,227483.79
1731974400000,1.3618,1.3669,1.3367,1.3511,428139.493
1731978000000,1.3521,1.3576,1.3348,1.3349,348979.053
1731981600000,1.3351,1.341,1.3288,1.3333,371013.0
1731985200000,1.3338,1.337,1.3255,1.3261,291188.004
1731988800000,1.326,1.3297,1.3087,1.315,325762.538
1731992400000,1.3149,1.3207,1.3092,1.3168,299882.869
1731996000000,1.3167,1.3264,1.312,1.3195,327690.036
1731999600000,1.3194,1.3246,1.31,1.3117,301156.699
1732003200000,1.3113,1.3115,1.2946,1.3072,415869.561
1732006800000,1.3074,1.3114,1.29,1.2983,454757.796
1732010400000,1.2981,1.3121,1.2956,1.3118,288719.36
1732014000000,1.3112,1.3132,1.3005,1.309,288136.288
1732017600000,1.3086,1.3351,1.3086,1.3264,489864.877
1732021200000,1.326,1.3318,1.291,1.2929,378367.736
1732024800000,1.2932,1.3116,1.2877,1.2999,269136.462
1732028400000,1.3002,1.3091,1.2924,1.3037,166176.077
1732032000000,1.3037,1.3181,1.2999,1.3113,192552.149
1732035600000,1.3111,1.3192,1.3064,1.3127,137570.337
1732039200000,1.3129,1.3237,1.3033,1.3183,267534.323
1732042800000,1.3203,1.3207,1.3012,1.304,131474.858
1732046400000,1.3043,1.312,1.275,1.2837,561442.82
1732050000000,1.2836,1.2933,1.2681,1.2916,256297.825
1732053600000,1.291,1.2964,1.2682,1.2816,130953.393
1732057200000,1.2815,1.296,1.2779,1.2926,126936.471
1732060800000,1.2918,1.2921,1.2739,1.2794,315534.584
1732064400000,1.2793,1.2879,1.2644,1.2699,403759.582
1732068000000,1.2702,1.2755,1.2593,1.2602,389934.782
1732071600000,1.2606,1.2688,1.2456,1.2682,471877.694
1732075200000,1.2682,1.2712,1.2569,1.2667,255772.823
1732078800000,1.2666,1.2801,1.2584,1.2797,289988.221
1732082400000,1.2792,1.2857,1.2731,1.2745,324325.371
1732086000000,1.2745,1.3002,1.271,1.2874,419327.865
1732089600000,1.2876,1.3097,1.2858,1.296,403773.91
1732093200000,1.2959,1.3097,1.2929,1.3006,356649.072
1732096800000,1.3001,1.3106,1.2922,1.2942,330048.423
1732100400000,1.2944,1.2956,1.2753,1.2839,419464.823
1732104000000,1.2839,1.2866,1.2653,1.2799,226037.203
1732107600000,1.2797,1.2907,1.2726,1.2905,207321.994
1732111200000,1.291,1.3116,1.2761,1.284,402240.177
1732114800000,1.284,1.3124,1.2779,1.3089,298582.692
1732118400000,1.3101,1.3192,1.2594,1.274,347939.283
1732122000000,1.2744,1.2822,1.2412,1.2417,257973.048
1732125600000,1.2421,1.2461,1.2171,1.2302,324270.06
1732129200000,1.2304,1.2327,1.2103,1.2266,212772.452
1732132800000,1.2267,1.2766,1.2193,1.259,440214.034
1732136400000,1.2591,1.283,1.2538,1.2639,365605.28
1732140000000,1.2658,1.2733,1.2403,1.2499,151153.191
1732143600000,1.249,1.2512,1.2316,1.236,144205.859
1732147200000,1.234,1.2484,1.2227,1.241,288257.445
1732150800000,1.241,1.2493,1.2306,1.2329,358064.51
1732154400000,1.2328,1.2337,1.1772,1.198,620720.26
1732158000000,1.1983,1.2197,1.1951,1.2094,404169.857
1732161600000,1.2095,1.252,1.2,1.2426,618309.673
1732165200000,1.2426,1.2643,1.2365,1.2423,547492.471
1732168800000,1.2426,1.2442,1.2244,1.2285,336238.266
1732172400000,1.2288,1.2422,1.2195,1.2295,341397.073
1732176000000,1.2294,1.2392,1.2203,1.2276,315225.505
1732179600000,1.2283,1.2318,1.207,1.2095,470886.401
1732183200000,1.2094,1.2169,1.2,1.205,399053.056
1732186800000,1.2055,1.2176,1.202,1.2149,367457.216
1732190400000,1.2148,1.2706,1.2108,1.2509,675112.931
1732194000000,1.2525,1.2939,1.2525,1.2823,439045.183
1732197600000,1.284,1.3057,1.2558,1.2719,480306.07
1732201200000,1.2715,1.2789,1.2346,1.2578,596235.693
1732204800000,1.2586,1.2948,1.2555,1.2771,356648.828
1732208400000,1.2768,1.2804,1.2678,1.2763,271730.823
1732212000000,1.2763,1.2792,1.2557,1.2669,243216.842
1732215600000,1.267,1.2696,1.2509,1.2555,254584.147
1732219200000,1.2563,1.2709,1.2546,1.259,201473.023
1732222800000,1.2592,1.2652,1.2514,1.261,270972.515
1732226400000,1.2607,1.2796,1.2589,1.2766,220211.357
1732230000000,1.2766,1.2818,1.2687,1.2742,162164.006
1732233600000,1.2744,1.2776,1.2507,1.2561,245616.344
1732237200000,1.2561,1.2653,1.2444,1.262,314162.148
1732240800000,1.2621,1.2811,1.2606,1.2743,309704.26
1732244400000,1.2744,1.2871,1.2698,1.2806,318123.431
1732248000000,1.281,1.2945,1.2776,1.2807,439909.444
1732251600000,1.2803,1.2874,1.2721,1.2811,305354.674
1732255200000,1.281,1.2865,1.2633,1.2736,472307.399
1732258800000,1.2734,1.2773,1.2531,1.2552,419978.277
1732262400000,1.2556,1.2714,1.2556,1.2694,274911.483
1732266000000,1.269,1.2739,1.2579,1.2712,354300.373
1732269600000,1.2713,1.2713,1.2503,1.2509,277126.276
1732273200000,1.251,1.265,1.2447,1.2636,291076.143
1732276800000,1.2636,1.2783,1.2534,1.2696,302984.554
1732280400000,1.2694,1.2706,1.2141,1.2347,438901.176
1732284000000,1.2349,1.2483,1.2236,1.2271,180347.274
1732287600000,1.2278,1.2448,1.2245,1.2411,312524.416
1732291200000,1.2412,1.2412,1.2264,1.2374,127638.31
1732294800000,1.2369,1.2417,1.225,1.2254,418982.447
1732298400000,1.2264,1.2436,1.2203,1.2246,489526.274
1732302000000,1.2238,1.2335,1.2172,1.2252,440365.809
1732305600000,1.2259,1.2397,1.2227,1.2374,403548.969
1732309200000,1.238,1.2626,1.2337,1.2598,431160.793
1732312800000,1.2591,1.2673,1.2494,1.2496,124586.829
1732316400000,1.2497,1.2841,1.2496,1.282,362422.845
1732320000000,1.2831,1.32,1.2739,1.3157,755754.997
1732323600000,1.3156,1.3448,1.3112,1.3193,1060432.344
1732327200000,1.3191,1.3294,1.2794,1.2942,609105.871
1732330800000,1.2946,1.3164,1.2813,1.3163,374254.102
1732334400000,1.3163,1.3321,1.3039,1.3184,454242.871
1732338000000,1.3172,1.3245,1.3025,1.322,348383.608
1732341600000,1.3223,1.3299,1.3107,1.3282,347531.982
1732345200000,1.3281,1.354,1.3211,1.35,810352.392
1732348800000,1.3501,1.3633,1.3319,1.3397,560153.204
1732352400000,1.3397,1.3597,1.3396,1.3442,432893.252
1732356000000,1.3442,1.348,1.3246,1.3315,368446.735
1732359600000,1.3318,1.3412,1.3306,1.3367,288627.314
1732363200000,1.3368,1.3615,1.3281,1.3514,432183.634
1732366800000,1.3511,1.4555,1.3502,1.4111,1457891.951
1732370400000,1.4111,1.45,1.4033,1.4342,952478.048
1732374000000,1.4344,1.4427,1.4116,1.4323,916416.049
1732377600000,1.4326,1.4562,1.3474,1.3865,1239535.693
1732381200000,1.3868,1.422,1.3515,1.4174,462436.859
1732384800000,1.4173,1.4331,1.3953,1.4233,297342.733
1732388400000,1.4234,1.4417,1.401,1.4117,230900.204
1732392000000,1.4113,1.4113,1.3701,1.3986,187242.102
1732395600000,1.3987,1.4458,1.3945,1.4423,304684.264
1732399200000,1.441,1.4524,1.4184,1.4312,303812.964
1732402800000,1.43,1.4332,1.4039,1.4249,231598.358
1732406400000,1.4258,1.4787,1.4124,1.4657,869044.562
1732410000000,1.466,1.4974,1.4621,1.4907,469856.153
1732413600000,1.4911,1.4911,1.461,1.4644,624646.572
1732417200000,1.4642,1.4873,1.4514,1.4644,516265.021
1732420800000,1.4638,1.4869,1.4485,1.4819,389562.781
1732424400000,1.4815,1.5365,1.4758,1.5237,1063585.187
1732428000000,1.5243,1.5559,1.4986,1.5498,645467.829
1732431600000,1.5491,1.5491,1.5109,1.5215,538131.727
1732435200000,1.5212,1.5708,1.4953,1.5066,634163.192
1732438800000,1.507,1.542,1.4948,1.5236,506019.195
1732442400000,1.5245,1.5358,1.4768,1.4873,510951.316
1732446000000,1.4868,1.4937,1.4357,1.4419,1148412.992
1732449600000,1.4419,1.4643,1.3679,1.4025,1399836.951
1732453200000,1.4028,1.4793,1.3921,1.4505,766980.971
1732456800000,1.4491,1.475,1.4139,1.4689,900137.758
1732460400000,1.4674,1.4729,1.4192,1.4244,623586.441
1732464000000,1.4243,1.5174,1.4019,1.4967,867858.257
1732467600000,1.4957,1.4959,1.455,1.4689,336103.467
1732471200000,1.4673,1.4875,1.46,1.4687,225224.914
1732474800000,1.4681,1.472,1.4472,1.4565,171662.717
1732478400000,1.4566,1.4937,1.452,1.4913,175541.906
1732482000000,1.4916,1.5108,1.4824,1.5002,232561.132
1732485600000,1.5001,1.53,1.4878,1.5116,208973.218
1732489200000,1.512,1.5379,1.5068,1.531,802578.342
1732492800000,1.5316,1.5678,1.5108,1.5613,679001.946
1732496400000,1.561,1.5715,1.4923,1.5083,697384.327
1732500000000,1.5077,1.5281,1.4903,1.4969,382905.699
1732503600000,1.4967,1.5203,1.4953,1.5103,481110.728
1732507200000,1.5097,1.5316,1.486,1.4885,416915.26
1732510800000,1.4894,1.5161,1.4865,1.5048,297793.761
1732514400000,1.5046,1.5151,1.4685,1.4717,367304.614
1732518000000,1.4719,1.4976,1.4715,1.4909,315575.26
1732521600000,1.4905,1.5063,1.485,1.498,339599.325
1732525200000,1.4979,1.5477,1.4977,1.5309,567790.428
1732528800000,1.5316,1.5459,1.5152,1.5313,535133.278
1732532400000,1.532,1.5425,1.4868,1.5023,537509.13
1732536000000,1.502,1.5097,1.4822,1.4979,657460.196
1732539600000,1.497,1.5076,1.4594,1.4713,614539.118
1732543200000,1.4722,1.4965,1.4376,1.4425,985116.924
1732546800000,1.4434,1.5034,1.4167,1.4837,1460772.642
1732550400000,1.4836,1.5147,1.4525,1.4635,709286.543
1732554000000,1.4628,1.4651,1.4248,1.4421,409384.032
1732557600000,1.4428,1.4552,1.429,1.438,146546.036
1732561200000,1.4379,1.4634,1.4295,1.4502,261508.656
1732564800000,1.4509,1.4809,1.4422,1.4684,193950.485
1732568400000,1.469,1.471,1.4231,1.4437,139312.149
1732572000000,1.442,1.4516,1.3986,1.444,252904.871
1732575600000,1.4443,1.4484,1.4187,1.4311,202687.819
1732579200000,1.4304,1.4609,1.4102,1.4371,466027.664
1732582800000,1.4372,1.4595,1.4365,1.4577,336720.25
1732586400000,1.4574,1.4664,1.453,1.4565,275268.301
1732590000000,1.4564,1.4617,1.4371,1.4455,264234.573
1732593600000,1.4454,1.4595,1.4296,1.4514,328664.746
1732597200000,1.4514,1.467,1.4489,1.4664,213562.024
1732600800000,1.4662,1.4709,1.441,1.442,299242.051
1732604400000,1.4417,1.4452,1.4164,1.424,385553.402
1732608000000,1.4239,1.4273,1.3818,1.395,452082.7
1732611600000,1.395,1.4104,1.3801,1.3995,306395.225
1732615200000,1.3996,1.4058,1.36,1.3616,448578.882
1732618800000,1.3614,1.3747,1.3192,1.3553,930845.299
1732622400000,1.3548,1.367,1.313,1.3282,478834.382
1732626000000,1.3271,1.35,1.3218,1.3356,227127.039
1732629600000,1.3354,1.3673,1.3118,1.358,527311.756
1732633200000,1.3593,1.3612,1.3304,1.3328,369423.262
1732636800000,1.3328,1.3793,1.3246,1.3664,452547.726
1732640400000,1.3658,1.3665,1.3454,1.359,299364.459
1732644000000,1.3592,1.3635,1.3118,1.3293,346354.102
1732647600000,1.3303,1.3466,1.3264,1.3466,210306.024
1732651200000,1.3466,1.3712,1.3408,1.3632,284845.572
1732654800000,1.3621,1.3714,1.3514,1.3586,155592.171
1732658400000,1.3588,1.3739,1.355,1.3621,195146.653
1732662000000,1.3612,1.389,1.3578,1.3772,172102.033
1732665600000,1.3773,1.3915,1.3566,1.3592,269854.419
1732669200000,1.3592,1.3826,1.3496,1.3793,342046.649
1732672800000,1.3792,1.3884,1.3624,1.3875,296402.828
1732676400000,1.386,1.3871,1.3698,1.3699,296797.835
1732680000000,1.3696,1.3961,1.368,1.3809,283542.483
1732683600000,1.3811,1.3928,1.3696,1.3801,242668.3
1732687200000,1.3798,1.4129,1.379,1.3984,471598.47
1732690800000,1.3987,1.4172,1.3961,1.4008,361831.945
1732694400000,1.4016,1.4212,1.4002,1.4152,405534.284
1732698000000,1.4151,1.4164,1.3943,1.4082,222729.66
1732701600000,1.4094,1.4338,1.4061,1.4305,422367.28
1732705200000,1.4305,1.4527,1.4227,1.4514,467627.697
1732708800000,1.4513,1.453,1.4257,1.4307,552778.78
1732712400000,1.4313,1.4541,1.4299,1.4534,373141.012
1732716000000,1.4538,1.4622,1.436,1.4523,438375.398
1732719600000,1.4519,1.4618,1.4366,1.444,621542.672
1732723200000,1.4438,1.4649,1.4379,1.458,405306.426
1732726800000,1.457,1.5126,1.443,1.5089,910591.497
1732730400000,1.5085,1.5164,1.4851,1.4851,358734.813
1732734000000,1.4852,1.4998,1.4843,1.489,314050.063
1732737600000,1.4888,1.498,1.4764,1.4788,415603.265
1732741200000,1.479,1.4847,1.4697,1.4765,258968.18
1732744800000,1.4766,1.507,1.4708,1.5035,236111.141
1732748400000,1.5031,1.5129,1.4945,1.5068,233324.155
1732752000000,1.5064,1.5228,1.4937,1.4954,374216.455
1732755600000,1.4944,1.5041,1.4791,1.4961,302547.182
1732759200000,1.4964,1.4981,1.47,1.474,369537.247
1732762800000,1.474,1.4783,1.4487,1.4665,449571.58
1732766400000,1.4666,1.5399,1.4585,1.5112,550127.77
1732770000000,1.5109,1.52,1.4795,1.4823,349915.868
1732773600000,1.4823,1.4951,1.4757,1.483,344459.553
1732777200000,1.4833,1.493,1.4699,1.4752,267384.017
1732780800000,1.4756,1.4847,1.464,1.4834,310909.313
1732784400000,1.4834,1.4877,1.4667,1.4676,242963.946
1735308000000,1.3396,1.3423,1.3141,1.3255,222073.694
1735311600000,1.3265,1.3265,1.296,1.306,378770.071
1735315200000,1.3057,1.3144,1.2907,1.3033,212125.152
1735318800000,1.305,1.3462,1.2976,1.3439,209545.503
1735322400000,1.3439,1.35,1.3372,1.3436,79571.692
1735326000000,1.3434,1.3434,1.3238,1.3268,94898.438
1735329600000,1.3268,1.3319,1.311,1.3309,164637.87
1735333200000,1.3314,1.3374,1.3156,1.3175,142585.869
1735336800000,1.3178,1.3262,1.3013,1.3095,188972.222
1735340400000,1.3094,1.3168,1.3001,1.3161,113369.942
1735344000000,1.3164,1.3164,1.2972,1.3028,175818.193
1735347600000,1.3034,1.3116,1.2839,1.3012,197187.18
1735351200000,1.3011,1.3224,1.3011,1.3077,148803.143
1735354800000,1.3075,1.3225,1.3075,1.316,175949.487
1735358400000,1.3161,1.3164,1.2981,1.2992,160885.132
1735362000000,1.3004,1.319,1.3004,1.3121,165043.482
1735365600000,1.3116,1.3167,1.2891,1.2918,166128.66
1735369200000,1.2916,1.3102,1.286,1.2897,237051.884
1735372800000,1.2891,1.3053,1.2874,1.3027,180286.23
1735376400000,1.3029,1.3218,1.3015,1.3168,203788.893
1735380000000,1.3175,1.3184,1.3061,1.308,168710.876
1735383600000,1.3077,1.3194,1.3041,1.3166,177191.014
1735387200000,1.3164,1.3202,1.307,1.3115,210720.937
1735390800000,1.3114,1.3533,1.3114,1.35,105912.315
1735394400000,1.3502,1.364,1.3331,1.341,178849.824
1735398000000,1.3414,1.3509,1.3314,1.3338,112359.851
1735401600000,1.3343,1.3559,1.3304,1.3541,111827.632
1735405200000,1.3543,1.3709,1.3498,1.3582,208621.095
1735408800000,1.3599,1.3633,1.3482,1.3521,119754.252
1735412400000,1.3521,1.361,1.3521,1.3607,125331.883
1735416000000,1.3607,1.3641,1.3486,1.3578,126343.815
1735419600000,1.3585,1.3666,1.3536,1.366,122545.516
1735423200000,1.3657,1.3758,1.3577,1.3713,101575.435
1735426800000,1.3713,1.3732,1.3617,1.3628,70419.348
1735430400000,1.3635,1.3671,1.3529,1.357,183937.574
1735434000000,1.3581,1.3645,1.3454,1.3475,156653.791
1735437600000,1.3476,1.3681,1.3476,1.3657,152086.128
1735441200000,1.3654,1.3806,1.3611,1.3801,190341.831
1735444800000,1.3805,1.3824,1.3591,1.3622,166759.19
1735448400000,1.3626,1.3647,1.3555,1.3566,167593.899
1735452000000,1.3567,1.3684,1.3508,1.368,151740.611
1735455600000,1.368,1.3696,1.3453,1.359,205286.362
1735459200000,1.3587,1.3623,1.3447,1.3476,211135.754
1735462800000,1.3478,1.353,1.3402,1.3454,155256.15
1735466400000,1.3454,1.3489,1.3402,1.3417,143202.48
1735470000000,1.3418,1.343,1.3308,1.332,269945.859
1735473600000,1.3317,1.3367,1.3221,1.323,178752.756
1735477200000,1.3228,1.3332,1.3214,1.3316,153390.72
1735480800000,1.3317,1.3429,1.316,1.3237,265543.794
1735484400000,1.3236,1.3262,1.3154,1.3197,173207.348
1735488000000,1.3198,1.3234,1.3001,1.3021,233235.282
1735491600000,1.3024,1.3112,1.2975,1.3025,182079.94
1735495200000,1.3024,1.3057,1.2972,1.3009,142858.562
1735498800000,1.3009,1.3066,1.298,1.3018,173046.257
1735502400000,1.302,1.3142,1.2881,1.3087,180864.567
1735506000000,1.3081,1.3104,1.2947,1.2989,136833.761
1735509600000,1.298,1.302,1.2896,1.2925,129491.167
1735513200000,1.2929,1.3011,1.2864,1.2954,118368.092
1735516800000,1.2949,1.3236,1.2886,1.3235,180292.363
1735520400000,1.3236,1.3618,1.3131,1.3493,312953.748
1735524000000,1.3494,1.3571,1.3337,1.345,146222.111
1735527600000,1.3454,1.3544,1.3321,1.3332,131496.649
1735531200000,1.3333,1.3434,1.3163,1.3164,152601.575
1735534800000,1.3165,1.3305,1.3139,1.3253,170310.02
1735538400000,1.3251,1.3487,1.3249,1.3401,173245.989
1735542000000,1.3403,1.3435,1.3223,1.3332,152999.119
1735545600000,1.3336,1.3451,1.3269,1.3323,181485.803
1735549200000,1.3323,1.3346,1.3193,1.3291,185929.608
1735552800000,1.3295,1.3351,1.3199,1.3207,157719.985
1735556400000,1.3208,1.3251,1.3089,1.3207,201828.26
1735560000000,1.3206,1.3328,1.312,1.3154,146865.703
1735563600000,1.3154,1.3216,1.2683,1.2687,272853.654
1735567200000,1.2693,1.2829,1.2556,1.2614,284324.737
1735570800000,1.2616,1.2726,1.252,1.259,259380.609
1735574400000,1.2591,1.263,1.2473,1.2537,193439.801
1735578000000,1.2536,1.3042,1.2533,1.2969,227116.053
1735581600000,1.2967,1.3238,1.2946,1.3202,187085.095
1735585200000,1.3206,1.3282,1.3134,1.3282,158081.698
1735588800000,1.3287,1.3398,1.319,1.3245,229249.452
1735592400000,1.3254,1.327,1.2753,1.2785,258454.034
1735596000000,1.2774,1.2949,1.277,1.2883,181767.128
1735599600000,1.2866,1.2909,1.2792,1.2885,94063.774
1735603200000,1.2885,1.2885,1.2615,1.2625,185813.209
1735606800000,1.2627,1.268,1.2528,1.2637,217986.022
1735610400000,1.2634,1.2751,1.2557,1.2661,218779.876
1735614000000,1.2658,1.2679,1.256,1.26,226606.375
1735617600000,1.26,1.2705,1.2528,1.2548,201157.863
1735621200000,1.2547,1.2653,1.2528,1.2605,204767.828
1735624800000,1.2598,1.273,1.2563,1.2692,220331.987
1735628400000,1.2688,1.2786,1.2661,1.2697,291923.111
1735632000000,1.2696,1.3102,1.268,1.2929,244516.968
1735635600000,1.2934,1.3082,1.2747,1.2869,247361.659
1735639200000,1.2868,1.2893,1.275,1.2804,184578.472
1735642800000,1.2814,1.2891,1.28,1.283,195287.86
1735646400000,1.2826,1.2953,1.2784,1.2786,194455.895
1735650000000,1.2788,1.3163,1.2773,1.3079,338201.088
1735653600000,1.3091,1.3327,1.3068,1.313,313637.571
1735657200000,1.3126,1.317,1.3006,1.3039,184250.482
1735660800000,1.3045,1.3145,1.293,1.3072,238481.181
1735664400000,1.3072,1.312,1.2621,1.2814,229461.817
1735668000000,1.2813,1.2816,1.2688,1.2755,184712.737
1735671600000,1.2753,1.2805,1.2693,1.2767,236627.665
1735675200000,1.2765,1.2842,1.2687,1.2727,147074.092
1735678800000,1.2727,1.2836,1.2717,1.2825,159666.3
1735682400000,1.2824,1.2824,1.2644,1.2681,200072.482
1735686000000,1.268,1.2834,1.2653,1.2724,143855.666
1735689600000,1.272,1.2945,1.2703,1.293,129251.966
1735693200000,1.2932,1.2933,1.2746,1.2775,173969.96
1735696800000,1.2772,1.285,1.2741,1.2799,183673.375
1735700400000,1.2799,1.2813,1.2694,1.2713,197114.571
1735704000000,1.2706,1.2714,1.2613,1.2646,208403.459
1735707600000,1.2644,1.2713,1.263,1.2675,226328.829
1735711200000,1.2674,1.2692,1.2559,1.2646,226545.133
1735714800000,1.2646,1.2647,1.256,1.2604,232788.661
1735718400000,1.2603,1.2641,1.25,1.2505,225631.527
1735722000000,1.2505,1.2534,1.2345,1.2436,223907.433
1735725600000,1.2436,1.252,1.2425,1.2449,212936.432
1735729200000,1.245,1.2605,1.2401,1.2528,232597.424
1735732800000,1.253,1.2562,1.238,1.2552,244558.105
1735736400000,1.2548,1.2662,1.248,1.2553,217748.706
1735740000000,1.2561,1.2664,1.2484,1.2603,205323.233
1735743600000,1.2603,1.274,1.2508,1.2716,223619.182
1735747200000,1.2719,1.2776,1.2594,1.2654,213288.869
1735750800000,1.2656,1.2784,1.254,1.2776,184145.018
1735754400000,1.2781,1.3005,1.2684,1.2998,197166.598
1735758000000,1.3003,1.3139,1.288,1.3041,225390.255
1735761600000,1.3046,1.3157,1.3002,1.3105,192823.745
1735765200000,1.3103,1.3231,1.3059,1.3231,180771.47
1735768800000,1.3233,1.3248,1.312,1.3171,208566.011
1735772400000,1.3172,1.3213,1.313,1.3185,91198.812
1735776000000,1.3186,1.3495,1.316,1.3433,215546.355
1735779600000,1.3443,1.3504,1.3344,1.3375,198443.567
1735783200000,1.3377,1.3559,1.3362,1.3549,220855.219
1735786800000,1.356,1.3649,1.3496,1.3515,199628.041
1735790400000,1.3517,1.3733,1.3517,1.3694,227191.496
1735794000000,1.3698,1.3734,1.3584,1.37,198509.893
1735797600000,1.3704,1.3795,1.3585,1.3733,235531.665
1735801200000,1.3733,1.4101,1.3723,1.4101,280099.184
1735804800000,1.41,1.424,1.3836,1.4028,377454.251
1735808400000,1.4022,1.4192,1.3903,1.416,276000.833
1735812000000,1.4165,1.4217,1.4062,1.4158,374275.034
1735815600000,1.4158,1.4264,1.401,1.4082,319900.791
1735819200000,1.4083,1.4145,1.4016,1.4104,255439.936
1735822800000,1.4105,1.412,1.395,1.397,347003.973
1735826400000,1.3971,1.4137,1.3833,1.4043,289248.881
1735830000000,1.4052,1.4063,1.3882,1.395,345992.856
1735833600000,1.395,1.4107,1.3888,1.4023,215311.444
1735837200000,1.401,1.4094,1.3864,1.3935,208356.22
1735840800000,1.3942,1.3972,1.3887,1.3925,171922.241
1735844400000,1.393,1.3996,1.3879,1.3916,176814.214
1735848000000,1.3916,1.4041,1.3899,1.3912,164599.564
1735851600000,1.3911,1.3968,1.3842,1.3886,176727.275
1735855200000,1.3887,1.3898,1.3668,1.38,180559.672
1735858800000,1.3801,1.3884,1.3739,1.3837,137438.065
1735862400000,1.3844,1.3942,1.3788,1.3828,168743.485
1735866000000,1.3822,1.3937,1.3755,1.3908,206347.181
1735869600000,1.3914,1.4143,1.3892,1.4005,270313.335
1735873200000,1.4006,1.4145,1.3957,1.4109,216613.159
1735876800000,1.4103,1.4103,1.395,1.3985,233481.854
1735880400000,1.3986,1.4004,1.3831,1.3841,176516.487
1735884000000,1.3838,1.4024,1.3838,1.4024,171097.602
1735887600000,1.4025,1.4224,1.389,1.3926,245256.007
1735891200000,1.3926,1.4108,1.3926,1.3986,230069.023
1735894800000,1.3986,1.4402,1.3986,1.4223,272751.376
1735898400000,1.4223,1.4331,1.4117,1.4299,221293.976
1735902000000,1.4295,1.4766,1.4256,1.4723,323848.391
1735905600000,1.4724,1.4772,1.4606,1.4664,226192.17
1735909200000,1.4668,1.4783,1.4424,1.4552,381532.052
1735912800000,1.4552,1.5137,1.4552,1.5036,436655.599
1735916400000,1.504,1.5114,1.49,1.5023,265004.857
1735920000000,1.5021,1.5126,1.4928,1.4953,391739.462
1735923600000,1.4956,1.5072,1.4941,1.4957,197787.936
1735927200000,1.4954,1.5016,1.4901,1.4903,212434.606
1735930800000,1.4905,1.5,1.4895,1.4932,182895.536
1735934400000,1.4932,1.4954,1.4774,1.4901,232136.731
1735938000000,1.49,1.4959,1.483,1.4851,177341.121
1735941600000,1.4855,1.4975,1.485,1.4911,139540.429
1735945200000,1.4913,1.5007,1.491,1.5007,74377.83
1735948800000,1.5001,1.5049,1.4829,1.49,227189.749
1735952400000,1.4897,1.4915,1.4738,1.4886,174254.933
1735956000000,1.4884,1.4995,1.4817,1.4946,174550.173
1735959600000,1.4954,1.4973,1.487,1.4884,190217.166
1735963200000,1.4883,1.492,1.4816,1.4907,176482.214
1735966800000,1.4908,1.4923,1.4805,1.4841,151762.808
1735970400000,1.4838,1.4955,1.4836,1.4934,170449.473
1735974000000,1.4935,1.4995,1.4856,1.4954,206607.278
1735977600000,1.4956,1.4975,1.4673,1.4705,206347.696
1735981200000,1.4704,1.489,1.47,1.4766,211329.908
1735984800000,1.4765,1.483,1.4643,1.4805,197821.934
1735988400000,1.4804,1.4851,1.4747,1.4838,174532.105
1735992000000,1.4836,1.5084,1.4805,1.5064,224039.585
1735995600000,1.5061,1.5126,1.4936,1.5015,193306.599
1735999200000,1.5016,1.5248,1.4974,1.5244,228953.494
1736002800000,1.5247,1.5247,1.4712,1.4836,398227.845
1736006400000,1.4848,1.4926,1.4711,1.4777,79130.91
1736010000000,1.4778,1.5008,1.4752,1.4868,181096.739
1736013600000,1.4868,1.4958,1.4834,1.4935,174874.569
1736017200000,1.4945,1.5085,1.4898,1.4993,169808.647
1736020800000,1.4991,1.5141,1.495,1.5039,169722.79
1736024400000,1.5041,1.5073,1.4914,1.4954,184046.324
1736028000000,1.4947,1.4973,1.4872,1.4927,139262.045
1736031600000,1.4925,1.4951,1.485,1.4879,115322.463
1736035200000,1.4889,1.4938,1.4805,1.483,141625.492
1736038800000,1.4834,1.4851,1.4682,1.4774,209983.732
1736042400000,1.4777,1.4832,1.4742,1.483,164132.427
1736046000000,1.4825,1.487,1.4764,1.4866,170353.016
1736049600000,1.4866,1.4994,1.485,1.4966,197298.372
1736053200000,1.4974,1.498,1.482,1.4887,157516.725
1736056800000,1.4894,1.4951,1.4814,1.4944,169670.693
1736060400000,1.4943,1.5045,1.4902,1.4925,191461.657
1736064000000,1.4925,1.4946,1.4716,1.4845,218849.024
1736067600000,1.4845,1.487,1.4623,1.4623,163062.559
1736071200000,1.4628,1.4793,1.4558,1.4752,208406.47
1736074800000,1.4752,1.4838,1.471,1.477,193738.403
1736078400000,1.478,1.4846,1.4678,1.4771,166751.554
1736082000000,1.4766,1.4869,1.4678,1.4686,203267.676
1736085600000,1.4689,1.5,1.4468,1.4866,376635.681
1736089200000,1.4863,1.4924,1.4741,1.4843,286869.918
1736092800000,1.4845,1.4919,1.4707,1.4873,221075.746
1736096400000,1.4854,1.4973,1.481,1.4887,181915.907
1736100000000,1.4907,1.5288,1.4868,1.5284,251783.81
1736103600000,1.528,1.5713,1.5179,1.547,541816.903
1736107200000,1.5478,1.558,1.5271,1.5538,262878.574
1736110800000,1.5539,1.6015,1.5486,1.5894,396405.465
1736114400000,1.5889,1.5971,1.5746,1.5947,340618.013
1736118000000,1.5947,1.6208,1.5891,1.6085,308697.005
1736121600000,1.608,1.6251,1.5731,1.5757,338118.889
1736125200000,1.576,1.5908,1.558,1.5806,367315.987
1736128800000,1.5811,1.6058,1.5756,1.5883,327187.812
1736132400000,1.5881,1.6115,1.5858,1.6006,244913.741
1736136000000,1.6013,1.6168,1.5935,1.6015,309346.51
1736139600000,1.6015,1.6041,1.5854,1.5854,160283.346
1736143200000,1.5856,1.5866,1.5715,1.5784,225085.079
1736146800000,1.5784,1.5862,1.5649,1.5827,251181.494
1736150400000,1.5835,1.5861,1.5643,1.5711,217763.346
1736154000000,1.571,1.5865,1.571,1.5805,282954.23
1736157600000,1.5805,1.5859,1.5712,1.5807,200030.634
1736161200000,1.5807,1.583,1.5718,1.5751,191530.833
1736164800000,1.5757,1.5932,1.5704,1.5766,244081.547
1736168400000,1.5772,1.6142,1.5721,1.6104,288408.382
1736172000000,1.6104,1.6253,1.5881,1.6173,328149.097
1736175600000,1.6196,1.6542,1.6096,1.6325,523862.94
1736179200000,1.6326,1.6467,1.6126,1.6173,286896.864
1736182800000,1.617,1.6171,1.5854,1.6019,224432.877
1736186400000,1.6016,1.617,1.5941,1.6095,166952.91
1736190000000,1.6094,1.6146,1.5982,1.6017,159523.396
1736193600000,1.6016,1.6171,1.5888,1.5952,157201.626
1736197200000,1.5972,1.598,1.5823,1.5831,231057.643
1736200800000,1.5836,1.5848,1.5696,1.5706,205281.485
1736204400000,1.5706,1.5739,1.5583,1.5711,149944.614
1736208000000,1.5715,1.5798,1.5601,1.5623,204200.628
1736211600000,1.5624,1.5666,1.5545,1.5618,299069.908
1736215200000,1.5616,1.5653,1.5415,1.5435,185170.514
1736218800000,1.5438,1.556,1.5424,1.5515,162914.317
1736222400000,1.5514,1.559,1.544,1.545,229225.535
1736226000000,1.5448,1.556,1.5413,1.5547,244095.489
1736229600000,1.5551,1.5632,1.5501,1.5552,234226.737
1736233200000,1.5554,1.563,1.5532,1.5603,210038.336
1736236800000,1.5607,1.5737,1.556,1.5721,265375.414
1736240400000,1.5725,1.5765,1.5589,1.5624,185716.926
1736244000000,1.562,1.5624,1.55,1.5548,158296.877
1736247600000,1.5553,1.559,1.5301,1.5414,416628.579
1736251200000,1.5414,1.5497,1.5365,1.5416,182893.974
1736254800000,1.5417,1.5729,1.5405,1.5674,267933.3
1736258400000,1.5673,1.5692,1.5371,1.5423,220029.638
1736262000000,1.5422,1.5496,1.4566,1.4895,1327722.845
1736265600000,1.4896,1.5045,1.4704,1.4794,294685.55
1736269200000,1.4803,1.4825,1.4438,1.4578,316173.555
1736272800000,1.4576,1.4666,1.4349,1.4364,153836.081
1736276400000,1.4359,1.4471,1.4161,1.4226,348159.083
1736280000000,1.4232,1.433,1.4054,1.4209,120695.055
1736283600000,1.4208,1.4438,1.4177,1.4177,121552.846
1736287200000,1.4176,1.431,1.4139,1.4297,76027.035
1736290800000,1.4296,1.4311,1.412,1.4123,91392.537
1736294400000,1.4125,1.4296,1.4058,1.4265,265485.929
1736298000000,1.4269,1.427,1.4028,1.4116,237464.019
1736301600000,1.4116,1.422,1.395,1.3957,234236.569
1736305200000,1.3958,1.3975,1.3748,1.3849,345872.715
1736308800000,1.3853,1.404,1.3767,1.3786,232612.944
1736312400000,1.3785,1.3947,1.3629,1.3683,370212.115
1736316000000,1.3684,1.3748,1.3282,1.3285,339172.554
1736319600000,1.3283,1.358,1.3233,1.3538,341504.971
1736323200000,1.3535,1.3744,1.3465,1.348,359506.934
1736326800000,1.3466,1.3564,1.3346,1.3349,294651.818
1736330400000,1.3355,1.3475,1.3333,1.3424,206937.685
1736334000000,1.3426,1.3445,1.3179,1.3316,308739.354
1736337600000,1.3319,1.3444,1.3218,1.3228,273961.157
1736341200000,1.3233,1.3476,1.3233,1.3362,234246.779
1736344800000,1.3362,1.3533,1.3336,1.3421,220441.164
1736348400000,1.3409,1.3536,1.3222,1.3357,266125.551
1736352000000,1.3357,1.3405,1.307,1.3078,347108.863
1736355600000,1.3075,1.317,1.2644,1.3116,586220.205
1736359200000,1.3114,1.3525,1.3081,1.3281,309914.031
1736362800000,1.3282,1.3408,1.3181,1.3192,242534.238
1736366400000,1.3197,1.3255,1.3084,1.313,158725.006
1736370000000,1.3134,1.3198,1.3005,1.31,144751.769
1736373600000,1.3091,1.3413,1.3091,1.3383,188099.86
1736377200000,1.3372,1.3465,1.328,1.3369,157761.735
1736380800000,1.336,1.3426,1.3251,1.3393,203982.589
1736384400000,1.3394,1.3597,1.3386,1.3424,265113.841
1738908000000,0.7207,0.7212,0.7031,0.7103,438033.798
1738911600000,0.7103,0.7274,0.7098,0.7206,439563.394
1738915200000,0.7207,0.751,0.7167,0.7376,390569.593
1738918800000,0.7376,0.7502,0.7372,0.7469,416011.123
1738922400000,0.7461,0.7585,0.7461,0.7503,315086.93
1738926000000,0.7503,0.7584,0.7485,0.7544,324866.322
1738929600000,0.7542,0.7618,0.7462,0.7576,373506.291
1738933200000,0.7575,0.7825,0.7472,0.7821,321196.213
1738936800000,0.7815,0.7923,0.7727,0.7831,211748.817
1738940400000,0.783,0.783,0.7579,0.7698,183420.01
1738944000000,0.77,0.7708,0.7533,0.7551,77127.66
1738947600000,0.7562,0.7574,0.7427,0.7494,97443.017
1738951200000,0.7499,0.7621,0.7468,0.7533,44401.46
1738954800000,0.7545,0.7548,0.744,0.7457,42537.419
1738958400000,0.7459,0.7461,0.7185,0.7186,91656.378
1738962000000,0.7199,0.7269,0.7094,0.7117,52549.469
1738965600000,0.7128,0.7137,0.6985,0.7104,53025.085
1738969200000,0.7098,0.732,0.7082,0.7281,90817.856
1738972800000,0.7282,0.7384,0.7194,0.7313,263066.01
1738976400000,0.7314,0.7329,0.7201,0.7208,183885.312
1738980000000,0.7216,0.7269,0.718,0.7239,184317.071
1738983600000,0.7239,0.7291,0.718,0.7211,216658.572
1738987200000,0.7211,0.7222,0.714,0.7165,201216.562
1738990800000,0.7165,0.7192,0.7117,0.7166,225044.122
1738994400000,0.7167,0.7208,0.7111,0.714,219999.536
1738998000000,0.7141,0.727,0.7078,0.7214,259370.776
1739001600000,0.7215,0.7242,0.6966,0.6991,285134.782
1739005200000,0.6991,0.7094,0.6874,0.7056,386058.716
1739008800000,0.7058,0.7089,0.7017,0.7063,246542.502
1739012400000,0.7059,0.7098,0.7023,0.7092,279016.835
1739016000000,0.7087,0.7122,0.7021,0.7062,241159.979
1739019600000,0.7065,0.7207,0.7054,0.7157,391695.339
1739023200000,0.7156,0.7234,0.709,0.7218,44682.562
1739026800000,0.7218,0.7266,0.712,0.7147,102185.222
1739030400000,0.7155,0.7243,0.7084,0.7224,87735.373
1739034000000,0.7228,0.7336,0.7225,0.7297,63014.619
1739037600000,0.7299,0.7335,0.724,0.7306,28575.587
1739041200000,0.7306,0.7378,0.729,0.7325,48403.948
1739044800000,0.7325,0.7357,0.7285,0.7345,40596.924
1739048400000,0.7341,0.7393,0.7289,0.7356,17252.443
1739052000000,0.7356,0.7363,0.7281,0.7315,37358.309
1739055600000,0.7315,0.7406,0.7314,0.7342,106508.643
1739059200000,0.7348,0.7373,0.7301,0.7351,217348.153
1739062800000,0.735,0.7438,0.7331,0.7395,255509.355
1739066400000,0.7392,0.7413,0.7333,0.7339,206395.49
1739070000000,0.7336,0.7571,0.7322,0.7539,283562.427
1739073600000,0.7543,0.7555,0.7455,0.7514,215296.628
1739077200000,0.7516,0.7555,0.7446,0.7483,241451.338
1739080800000,0.7487,0.7709,0.7475,0.7599,296565.647
1739084400000,0.7601,0.7677,0.7571,0.7626,279951.731
1739088000000,0.7631,0.7764,0.7627,0.7743,236946.379
1739091600000,0.7749,0.7752,0.7649,0.7736,262512.818
1739095200000,0.7734,0.7796,0.7693,0.7711,285317.196
1739098800000,0.7715,0.7803,0.7671,0.7672,261729.445
1739102400000,0.767,0.7709,0.7568,0.7619,177961.862
1739106000000,0.7621,0.7629,0.743,0.7455,284884.527
1739109600000,0.7452,0.7579,0.7443,0.7542,241285.18
1739113200000,0.7541,0.7718,0.7531,0.767,359269.216
1739116800000,0.7666,0.7692,0.7602,0.7674,223947.709
1739120400000,0.7675,0.7682,0.7542,0.7572,241304.28
1739124000000,0.7571,0.7632,0.755,0.7575,229157.88
1739127600000,0.7577,0.7606,0.7451,0.749,269926.323
1739131200000,0.7492,0.7632,0.7471,0.7575,229800.322
1739134800000,0.7573,0.7585,0.7225,0.7296,338375.443
1739138400000,0.7294,0.7683,0.7222,0.7558,338770.383
1739142000000,0.7559,0.7745,0.7528,0.7691,158742.277
1739145600000,0.7694,0.7865,0.7691,0.7722,354562.504
1739149200000,0.7722,0.7728,0.7457,0.7477,374054.899
1739152800000,0.748,0.7536,0.7404,0.7465,373670.499
1739156400000,0.7466,0.7839,0.7425,0.7696,383357.339
1739160000000,0.7696,0.783,0.7637,0.7747,423648.445
1739163600000,0.7747,0.8028,0.7704,0.794,349435.17
1739167200000,0.7938,0.8034,0.7835,0.8031,339924.584
1739170800000,0.8026,0.8079,0.7907,0.7913,366368.12
1739174400000,0.791,0.8053,0.7738,0.7855,414055.493
1739178000000,0.7854,0.7887,0.7745,0.7771,362757.673
1739181600000,0.7774,0.7847,0.772,0.7785,288645.785
1739185200000,0.7786,0.7902,0.775,0.7853,276956.675
1739188800000,0.7853,0.7874,0.7696,0.7735,356984.089
1739192400000,0.7737,0.7966,0.7716,0.7928,348991.2
1739196000000,0.7925,0.7952,0.7783,0.7832,124145.955
1739199600000,0.7826,0.7874,0.7667,0.7728,140360.675
1739203200000,0.7732,0.7858,0.771,0.7837,74729.069
1739206800000,0.7836,0.7923,0.7805,0.7849,76917.108
1739210400000,0.7855,0.7895,0.7798,0.7893,188604.471
1739214000000,0.7896,0.7926,0.783,0.7847,45346.339
1739217600000,0.7849,0.7973,0.781,0.7885,115141.201
1739221200000,0.788,0.7891,0.7746,0.7765,34544.72
1739224800000,0.7764,0.7816,0.7734,0.7753,39991.654
1739228400000,0.7744,0.775,0.764,0.7687,78655.495
1739232000000,0.7687,0.7805,0.7652,0.7754,436633.263
1739235600000,0.7757,0.7859,0.7701,0.7827,385343.415
1739239200000,0.7823,0.7833,0.7672,0.773,360424.11
1739242800000,0.773,0.7747,0.7677,0.7707,325919.977
1739246400000,0.7706,0.7912,0.7678,0.789,417336.929
1739250000000,0.7891,0.8243,0.7871,0.8182,610191.887
1739253600000,0.8186,0.8216,0.8078,0.8216,396634.272
1739257200000,0.8218,0.8232,0.8101,0.8121,408756.361
1739260800000,0.8126,0.8279,0.8101,0.8246,361749.969
1739264400000,0.8247,0.826,0.8101,0.8113,367250.542
1739268000000,0.8112,0.8122,0.7961,0.7985,221747.116
1739271600000,0.7982,0.8057,0.7957,0.8048,84793.292
1739275200000,0.8048,0.8053,0.7908,0.8016,43404.883
1739278800000,0.8,0.8039,0.7715,0.7749,225170.324
1739282400000,0.7748,0.7936,0.7716,0.7895,197358.41
1739286000000,0.7894,0.7981,0.7842,0.7892,208897.063
1739289600000,0.7898,0.7956,0.7814,0.7838,49036.469
1739293200000,0.7835,0.7877,0.7732,0.7767,89528.977
1739296800000,0.777,0.7771,0.7598,0.7637,205079.248
1739300400000,0.7638,0.7659,0.7508,0.7538,165864.343
1739304000000,0.7534,0.7665,0.7524,0.7636,87189.281
1739307600000,0.7637,0.7698,0.7599,0.764,48139.606
1739311200000,0.7643,0.7694,0.7503,0.7522,81575.333
1739314800000,0.7525,0.7624,0.752,0.7596,31083.883
1739318400000,0.7596,0.7644,0.7502,0.7606,355189.668
1739322000000,0.7606,0.7645,0.7537,0.7616,340351.867
1739325600000,0.7616,0.7626,0.7449,0.7487,421571.853
1739329200000,0.7487,0.7563,0.743,0.7491,414761.624
1739332800000,0.7492,0.754,0.7436,0.7483,363471.991
1739336400000,0.7484,0.7592,0.746,0.7573,441122.296
1739340000000,0.7574,0.7586,0.7447,0.7467,356818.388
1739343600000,0.7465,0.7596,0.7441,0.7536,439697.723
1739347200000,0.7538,0.761,0.7395,0.745,827420.948
1739350800000,0.7456,0.7473,0.7376,0.7452,841032.688
1739354400000,0.7452,0.7483,0.7366,0.7416,533009.566
1739358000000,0.7417,0.7541,0.7416,0.7492,492688.783
1739361600000,0.7495,0.7583,0.747,0.7473,305824.904
1739365200000,0.7474,0.7627,0.713,0.7355,731532.713
1739368800000,0.7353,0.7367,0.7146,0.7365,162683.805
1739372400000,0.7366,0.7498,0.7248,0.7453,98799.715
1739376000000,0.7457,0.7641,0.7328,0.7601,113798.867
1739379600000,0.7612,0.7753,0.7564,0.7682,205635.612
1739383200000,0.7694,0.7798,0.7629,0.7784,136608.076
1739386800000,0.777,0.8049,0.7742,0.7904,258989.06
1739390400000,0.7908,0.8012,0.7895,0.7944,92693.838
1739394000000,0.7946,0.8077,0.7902,0.8009,115609.558
1739397600000,0.8009,0.8372,0.7987,0.8191,205928.474
1739401200000,0.8191,0.8284,0.8172,0.8228,193315.783
1739404800000,0.8229,0.8337,0.8153,0.8194,305387.297
1739408400000,0.8194,0.823,0.8112,0.8203,224766.504
1739412000000,0.8209,0.821,0.8065,0.8082,275892.545
1739415600000,0.8081,0.8207,0.7944,0.8066,530852.9
1739419200000,0.8067,0.8079,0.7913,0.7959,251273.038
1739422800000,0.796,0.7999,0.7915,0.7963,245145.902
1739426400000,0.7966,0.7977,0.7817,0.7839,269374.817
1739430000000,0.7838,0.7919,0.7771,0.7787,387277.334
1739433600000,0.7785,0.785,0.7711,0.7736,270324.812
1739437200000,0.7737,0.7859,0.7714,0.7842,226629.307
1739440800000,0.7841,0.7869,0.7796,0.7827,202882.871
1739444400000,0.7827,0.7834,0.7707,0.7785,242795.086
1739448000000,0.7784,0.782,0.7718,0.7736,265556.051
1739451600000,0.7738,0.7826,0.7702,0.7755,267113.519
1739455200000,0.7752,0.7752,0.7609,0.7695,293660.952
1739458800000,0.7687,0.7817,0.7662,0.7745,335699.512
1739462400000,0.7742,0.7745,0.7619,0.766,245250.566
1739466000000,0.7651,0.7753,0.7651,0.7711,255391.428
1739469600000,0.7707,0.7794,0.7658,0.7794,242766.474
1739473200000,0.7794,0.7906,0.7735,0.7762,304894.192
1739476800000,0.7761,0.7828,0.7741,0.777,218702.543
1739480400000,0.7768,0.7845,0.7756,0.7786,236341.704
1739484000000,0.7785,0.7845,0.7744,0.7748,220107.407
1739487600000,0.7748,0.7799,0.7716,0.7771,107959.096
1739491200000,0.7779,0.7811,0.7701,0.7769,172319.319
1739494800000,0.777,0.7826,0.7716,0.7794,233861.789
1739498400000,0.7796,0.7879,0.7771,0.7833,215127.798
1739502000000,0.7834,0.7959,0.7828,0.7946,189286.655
1739505600000,0.7947,0.7949,0.7866,0.7882,215726.247
1739509200000,0.7886,0.7923,0.7811,0.7834,219763.716
1739512800000,0.7836,0.7846,0.7771,0.7809,243633.611
1739516400000,0.781,0.7881,0.7795,0.7839,233802.067
1739520000000,0.7838,0.795,0.7817,0.7884,291393.586
1739523600000,0.7884,0.8059,0.7861,0.8046,337377.771
1739527200000,0.8045,0.8095,0.7991,0.8002,251189.507
1739530800000,0.7998,0.802,0.7888,0.7935,249398.72
1739534400000,0.7934,0.8186,0.7909,0.8025,254186.189
1739538000000,0.8025,0.8112,0.7952,0.8072,98997.683
1739541600000,0.8071,0.8226,0.804,0.82,128551.866
1739545200000,0.8206,0.822,0.8025,0.8147,126284.613
1739548800000,0.8147,0.8204,0.8068,0.8198,84804.964
1739552400000,0.8197,0.8357,0.8158,0.8293,106603.071
1739556000000,0.8295,0.8534,0.8249,0.8254,452211.74
1739559600000,0.8255,0.8296,0.8127,0.8159,74245.815
1739563200000,0.8162,0.8171,0.8006,0.8035,64280.522
1739566800000,0.8036,0.8161,0.7972,0.8155,125646.254
1739570400000,0.8154,0.8202,0.7946,0.8029,99031.515
1739574000000,0.8026,0.8112,0.7993,0.8089,102117.069
1739577600000,0.8094,0.8094,0.8017,0.8061,61589.542
1739581200000,0.8062,0.8105,0.8023,0.8095,83260.871
1739584800000,0.8095,0.8117,0.803,0.8095,273240.868
1739588400000,0.8099,0.8137,0.8056,0.8101,235297.828
1739592000000,0.8108,0.8135,0.804,0.8055,228839.07
1739595600000,0.8055,0.8096,0.8027,0.8064,233345.668
1739599200000,0.8065,0.8083,0.7925,0.7944,270387.638
1739602800000,0.7943,0.7977,0.7832,0.7893,327557.778
1739606400000,0.7903,0.7936,0.7758,0.7809,366423.727
1739610000000,0.781,0.7856,0.7751,0.7779,272228.867
1739613600000,0.7775,0.781,0.7721,0.7784,281327.037
1739617200000,0.7786,0.7821,0.7681,0.776,315537.185
1739620800000,0.7759,0.7789,0.773,0.7754,265912.442
1739624400000,0.7755,0.7798,0.7725,0.775,279604.106
1739628000000,0.7751,0.7751,0.7603,0.7685,371336.608
1739631600000,0.7687,0.7728,0.7647,0.7701,269025.448
1739635200000,0.7704,0.7725,0.7641,0.766,38129.325
1739638800000,0.7662,0.7714,0.763,0.7676,39744.781
1739642400000,0.7669,0.7771,0.7658,0.7765,59563.382
1739646000000,0.7764,0.7775,0.7677,0.7681,45154.832
1739649600000,0.7684,0.7701,0.7593,0.7644,53760.934
1739653200000,0.7645,0.7705,0.7645,0.7697,27983.603
1739656800000,0.7697,0.7722,0.7645,0.7687,25549.344
1739660400000,0.769,0.7733,0.7682,0.7714,24611.853
1739664000000,0.7715,0.7767,0.769,0.7714,156644.204
1739667600000,0.7715,0.7719,0.7629,0.7668,268635.756
1739671200000,0.7666,0.7685,0.7591,0.7612,242717.956
1739674800000,0.7614,0.7648,0.7566,0.7647,266618.365
1739678400000,0.7648,0.7688,0.762,0.7651,246628.494
1739682000000,0.7653,0.7806,0.7572,0.7802,280775.175
1739685600000,0.7804,0.7844,0.774,0.7756,412321.377
1739689200000,0.7756,0.7769,0.769,0.7733,264017.983
1739692800000,0.7736,0.7874,0.7718,0.7844,289025.955
1739696400000,0.7842,0.7974,0.7769,0.7936,361272.277
1739700000000,0.7935,0.8064,0.7928,0.7972,128405.123
1739703600000,0.7967,0.8114,0.7946,0.8071,116425.374
1739707200000,0.8071,0.8093,0.795,0.7974,176940.862
1739710800000,0.7974,0.7985,0.7873,0.7885,86367.337
1739714400000,0.7893,0.7947,0.7807,0.7923,83223.374
1739718000000,0.7921,0.796,0.7888,0.7888,70090.24
1739721600000,0.789,0.7932,0.7838,0.7886,51658.709
1739725200000,0.7889,0.7939,0.7829,0.785,61185.848
1739728800000,0.7854,0.7854,0.7738,0.7821,186280.748
1739732400000,0.7811,0.7822,0.774,0.7815,55318.912
1739736000000,0.7806,0.7891,0.776,0.7764,35441.08
1739739600000,0.7764,0.7849,0.7707,0.7838,44436.576
1739743200000,0.7837,0.7841,0.7698,0.7781,26092.968
1739746800000,0.7785,0.7806,0.7712,0.7796,65228.68
1739750400000,0.779,0.795,0.7782,0.7935,188055.053
1739754000000,0.7935,0.797,0.7875,0.7944,262562.12
1739757600000,0.7944,0.7967,0.785,0.7882,246970.945
1739761200000,0.7882,0.791,0.7818,0.7894,254057.16
1739764800000,0.7894,0.7909,0.7785,0.7786,255397.896
1739768400000,0.7784,0.7816,0.7656,0.7794,352078.729
1739772000000,0.7796,0.7891,0.7775,0.7843,256993.814
1739775600000,0.7843,0.7877,0.769,0.7744,296958.402
1739779200000,0.7745,0.7861,0.7701,0.7842,259180.775
1739782800000,0.7842,0.7898,0.7742,0.7777,327729.997
1739786400000,0.7777,0.793,0.7741,0.7862,422395.172
1739790000000,0.7864,0.7917,0.7843,0.7893,221278.0
1739793600000,0.7892,0.8003,0.7889,0.7971,271429.942
1739797200000,0.7968,0.8003,0.7935,0.7992,222379.9
1739800800000,0.7999,0.8116,0.7962,0.8016,154336.347
1739804400000,0.8018,0.8039,0.769,0.7713,171849.645
1739808000000,0.7709,0.7766,0.762,0.7659,223140.064
1739811600000,0.7656,0.775,0.758,0.758,190974.696
1739815200000,0.758,0.7612,0.7424,0.7424,132135.002
1739818800000,0.7425,0.7584,0.7375,0.7535,120817.383
1739822400000,0.7534,0.7633,0.7518,0.757,48216.788
1739826000000,0.7566,0.7705,0.756,0.7705,42705.405
1739829600000,0.7708,0.7711,0.757,0.7571,63962.239
1739833200000,0.7573,0.7613,0.7538,0.7576,54057.804
1739836800000,0.758,0.7795,0.7577,0.7659,497400.839
1739840400000,0.7658,0.7713,0.7604,0.7674,273578.016
1739844000000,0.7677,0.7704,0.7633,0.7655,187605.687
1739847600000,0.7657,0.7699,0.7615,0.763,208504.679
1739851200000,0.7629,0.7647,0.7523,0.7552,245246.247
1739854800000,0.7557,0.7568,0.7399,0.7413,382883.747
1739858400000,0.7415,0.7419,0.7286,0.734,268236.97
1739862000000,0.7336,0.7418,0.7315,0.7368,314504.459
1739865600000,0.7369,0.7406,0.7268,0.7291,265408.687
1739869200000,0.7293,0.747,0.7266,0.747,306919.071
1739872800000,0.7467,0.7479,0.7382,0.7393,220912.71
1739876400000,0.7393,0.7433,0.736,0.7375,256290.268
1739880000000,0.7374,0.7501,0.7352,0.7452,240413.513
1739883600000,0.7453,0.7455,0.7385,0.7421,231330.622
1739887200000,0.7423,0.7494,0.7255,0.7319,333058.86
1739890800000,0.7327,0.7341,0.7158,0.7181,340700.669
1739894400000,0.7182,0.7247,0.7074,0.7098,317329.327
1739898000000,0.7098,0.7187,0.7071,0.7162,296830.85
1739901600000,0.7165,0.7255,0.7139,0.723,245114.089
1739905200000,0.7218,0.7239,0.7151,0.7201,60648.977
1739908800000,0.7205,0.7235,0.7138,0.7183,43658.593
1739912400000,0.718,0.729,0.7167,0.7239,127253.826
1739916000000,0.7241,0.7305,0.7213,0.7249,77218.23
1739919600000,0.7246,0.7325,0.7234,0.7304,54720.369
1739923200000,0.7308,0.7368,0.7289,0.7295,200042.851
1739926800000,0.7294,0.73,0.7223,0.7269,203889.606
1739930400000,0.7269,0.7376,0.7269,0.7353,193194.584
1739934000000,0.7355,0.7358,0.7295,0.7343,221595.925
1739937600000,0.7346,0.7351,0.7225,0.7225,174620.629
1739941200000,0.7221,0.7313,0.7208,0.7307,202818.866
1739944800000,0.7306,0.7395,0.7296,0.7382,211194.17
1739948400000,0.7379,0.7485,0.7323,0.733,291011.933
1739952000000,0.7329,0.7359,0.7274,0.7285,309104.996
1739955600000,0.7285,0.7349,0.7268,0.7313,230071.901
1739959200000,0.7317,0.7388,0.7314,0.7372,299905.985
1739962800000,0.7372,0.7413,0.7362,0.7402,92951.109
1739966400000,0.7405,0.7416,0.7309,0.7312,64841.618
1739970000000,0.7315,0.7399,0.7315,0.737,88415.827
1739973600000,0.7376,0.7419,0.7253,0.726,82276.884
1739977200000,0.7263,0.7325,0.7206,0.7216,106700.001
1739980800000,0.7215,0.7314,0.7187,0.7313,58542.018
1739984400000,0.7315,0.7371,0.7253,0.7288,55662.563
1742508000000,0.5242,0.5269,0.5225,0.5232,172240.382
1742511600000,0.5235,0.5241,0.5209,0.5233,136130.136
1742515200000,0.5228,0.53,0.5228,0.5294,442825.709
1742518800000,0.5296,0.5337,0.5278,0.5333,399138.668
1742522400000,0.5334,0.5338,0.5305,0.5314,379534.961
1742526000000,0.5315,0.5316,0.5249,0.5264,388642.956
1742529600000,0.5263,0.531,0.5263,0.5294,350778.005
1742533200000,0.5295,0.5303,0.5222,0.5262,428816.394
1742536800000,0.5262,0.5262,0.5189,0.5214,378753.156
1742540400000,0.5215,0.5225,0.5134,0.5183,597828.891
1742544000000,0.5184,0.5204,0.5102,0.5114,511161.687
1742547600000,0.5113,0.5138,0.5057,0.5088,694778.346
1742551200000,0.5086,0.5096,0.5032,0.5075,654224.795
1742554800000,0.5076,0.5081,0.5045,0.5074,507120.688
1742558400000,0.5074,0.5112,0.5059,0.5065,452167.775
1742562000000,0.5065,0.5129,0.5064,0.5125,540558.54
1742565600000,0.5124,0.5128,0.5046,0.5074,556169.35
1742569200000,0.5077,0.508,0.5016,0.5016,472360.994
1742572800000,0.502,0.5057,0.4985,0.5054,422184.801
1742576400000,0.5055,0.5086,0.5036,0.5065,123538.303
1742580000000,0.5063,0.511,0.5032,0.5078,178829.968
1742583600000,0.5079,0.5089,0.5052,0.5063,95499.05
1742587200000,0.5063,0.5094,0.5055,0.5087,126574.791
1742590800000,0.5087,0.5113,0.5072,0.5079,197534.072
1742594400000,0.5075,0.5075,0.5014,0.5035,125600.427
1742598000000,0.5034,0.5045,0.5004,0.5018,248393.328
1742601600000,0.5021,0.5086,0.5021,0.5062,415015.354
1742605200000,0.5064,0.5089,0.5025,0.5032,499364.23
1742608800000,0.5033,0.5073,0.5012,0.5062,513992.403
1742612400000,0.5061,0.5089,0.5036,0.5064,471024.943
1742616000000,0.5066,0.5098,0.5066,0.5086,433215.355
1742619600000,0.5088,0.5136,0.5084,0.5112,582027.737
1742623200000,0.5112,0.5165,0.5084,0.5123,605509.445
1742626800000,0.5123,0.516,0.5114,0.5123,490891.358
1742630400000,0.5123,0.516,0.5122,0.5141,454202.968
1742634000000,0.5143,0.5234,0.5143,0.5202,480419.193
1742637600000,0.5202,0.5238,0.5191,0.5199,477557.211
1742641200000,0.52,0.5202,0.5157,0.5168,433654.43
1742644800000,0.5168,0.5177,0.5131,0.5154,584479.212
1742648400000,0.5154,0.5158,0.5079,0.5098,552820.558
1742652000000,0.5098,0.5098,0.5047,0.5071,407006.812
1742655600000,0.5071,0.5128,0.5069,0.5121,126021.37
1742659200000,0.5122,0.5184,0.5113,0.5149,215856.371
1742662800000,0.5149,0.5217,0.5149,0.5211,149193.051
1742666400000,0.5215,0.5253,0.5192,0.5232,362676.151
1742670000000,0.5234,0.5252,0.5179,0.5184,170422.011
1742673600000,0.5186,0.522,0.5184,0.5184,123279.434
1742677200000,0.5185,0.5185,0.5131,0.5167,313089.164
1742680800000,0.5166,0.5189,0.5146,0.5148,126783.793
1742684400000,0.5148,0.5148,0.5103,0.5135,178120.608
1742688000000,0.5133,0.5148,0.5102,0.5124,334416.379
1742691600000,0.5126,0.5185,0.5123,0.5183,534561.595
1742695200000,0.5184,0.5186,0.5127,0.5175,544219.664
1742698800000,0.5177,0.5213,0.5149,0.5212,425052.71
1742702400000,0.5213,0.5218,0.5152,0.5157,324688.218
1742706000000,0.5157,0.5159,0.5111,0.5152,328491.719
1742709600000,0.5154,0.5158,0.5113,0.5154,372602.536
1742713200000,0.5152,0.5173,0.5131,0.5156,362879.525
1742716800000,0.5156,0.5178,0.5121,0.5121,404292.499
1742720400000,0.5122,0.5146,0.5112,0.5141,361160.403
1742724000000,0.5142,0.5173,0.5141,0.5153,396470.435
1742727600000,0.5155,0.5226,0.5155,0.5171,609452.137
1742731200000,0.5174,0.5198,0.5161,0.5174,148542.918
1742734800000,0.5173,0.5188,0.5134,0.5179,138152.928
1742738400000,0.5178,0.5213,0.5105,0.5112,268671.33
1742742000000,0.5114,0.5147,0.5111,0.5127,136746.282
1742745600000,0.5126,0.5148,0.5095,0.5102,310922.648
1742749200000,0.5103,0.5124,0.5044,0.5082,208908.637
1742752800000,0.5079,0.508,0.5041,0.5072,89580.857
1742756400000,0.5072,0.5097,0.5058,0.5092,191417.602
1742760000000,0.5092,0.5115,0.509,0.5091,223270.246
1742763600000,0.5091,0.5103,0.5051,0.5103,87158.133
1742767200000,0.5104,0.5191,0.5104,0.517,192799.483
1742770800000,0.5175,0.5198,0.5133,0.5196,249947.806
1742774400000,0.5198,0.5287,0.5164,0.5232,560581.06
1742778000000,0.5233,0.5235,0.5123,0.5125,612106.91
1742781600000,0.5125,0.5184,0.5119,0.5175,460251.953
1742785200000,0.5175,0.5299,0.5173,0.5281,546293.98
1742788800000,0.5281,0.5367,0.5281,0.5359,540129.001
1742792400000,0.5358,0.5437,0.5358,0.5406,624124.041
1742796000000,0.5406,0.5486,0.5406,0.5446,562023.503
1742799600000,0.5446,0.5452,0.5391,0.5394,442080.026
1742803200000,0.5394,0.5467,0.5394,0.5444,527180.529
1742806800000,0.5444,0.5463,0.5405,0.5452,427700.724
1742810400000,0.5453,0.5534,0.5435,0.5505,807494.391
1742814000000,0.5504,0.5509,0.5432,0.5443,478642.977
1742817600000,0.5444,0.5474,0.5423,0.5462,483294.305
1742821200000,0.5462,0.5467,0.5407,0.5458,654136.633
1742824800000,0.5458,0.5539,0.5424,0.5431,719774.367
1742828400000,0.5432,0.5473,0.5421,0.547,514066.199
1742832000000,0.5472,0.5537,0.5445,0.5496,860206.47
1742835600000,0.5496,0.5575,0.5492,0.5541,594185.035
1742839200000,0.5541,0.5557,0.549,0.554,441770.141
1742842800000,0.5542,0.5549,0.5503,0.5518,412606.971
1742846400000,0.5515,0.5535,0.5483,0.5497,488527.956
1742850000000,0.5497,0.5532,0.5472,0.5524,398440.387
1742853600000,0.5526,0.5535,0.5485,0.5497,388544.825
1742857200000,0.5497,0.5526,0.5452,0.552,252879.137
1742860800000,0.5524,0.5561,0.548,0.5543,326035.393
1742864400000,0.5543,0.5545,0.5454,0.5494,445704.331
1742868000000,0.5494,0.5522,0.547,0.5485,419015.415
1742871600000,0.5485,0.5516,0.5446,0.5461,464089.968
1742875200000,0.5461,0.5513,0.5447,0.5505,411472.735
1742878800000,0.5506,0.5552,0.5494,0.5525,410400.31
1742882400000,0.5524,0.5557,0.5506,0.5553,448794.691
1742886000000,0.5555,0.5597,0.55,0.5515,454089.304
1742889600000,0.5516,0.5599,0.5516,0.5596,456159.813
1742893200000,0.5596,0.5693,0.557,0.5677,617223.673
1742896800000,0.5677,0.569,0.5641,0.5665,428950.987
1742900400000,0.5665,0.5707,0.5621,0.5634,508270.685
1742904000000,0.5635,0.5647,0.5579,0.5583,553645.907
1742907600000,0.5582,0.5681,0.5571,0.5577,754515.195
1742911200000,0.5579,0.5681,0.5534,0.5661,1043711.575
1742914800000,0.5661,0.5689,0.561,0.5625,903355.136
1742918400000,0.5626,0.5654,0.5582,0.5606,685610.528
1742922000000,0.5606,0.5681,0.5606,0.5666,503327.096
1742925600000,0.5666,0.567,0.5614,0.562,505222.411
1742929200000,0.5619,0.5666,0.5619,0.5656,431037.725
1742932800000,0.5656,0.5693,0.5628,0.564,444322.657
1742936400000,0.564,0.5678,0.5618,0.5651,448399.26
1742940000000,0.5652,0.5663,0.5601,0.5636,565363.732
1742943600000,0.5636,0.5675,0.5595,0.5658,364994.292
1742947200000,0.5656,0.5661,0.5598,0.565,379765.332
1742950800000,0.5649,0.5679,0.5621,0.5668,445068.283
1742954400000,0.5668,0.5669,0.5581,0.5583,455393.242
1742958000000,0.5582,0.5596,0.5549,0.5592,449948.816
1742961600000,0.5589,0.5608,0.5559,0.5599,452739.594
1742965200000,0.5599,0.5645,0.5577,0.5641,439571.458
1742968800000,0.5641,0.5766,0.5621,0.5755,542743.461
1742972400000,0.5756,0.5839,0.5734,0.5804,712072.442
1742976000000,0.5803,0.5819,0.5727,0.5738,684789.755
1742979600000,0.5738,0.5748,0.5692,0.5712,270983.703
1742983200000,0.571,0.5752,0.5699,0.5735,355183.697
1742986800000,0.5734,0.5771,0.5729,0.5752,190906.654
1742990400000,0.5754,0.5764,0.5708,0.5756,203419.725
1742994000000,0.5754,0.5755,0.5567,0.5579,591573.774
1742997600000,0.5576,0.5619,0.552,0.5581,581430.271
1743001200000,0.558,0.5619,0.555,0.5566,300128.862
1743004800000,0.5562,0.5602,0.5537,0.5546,241975.123
1743008400000,0.5541,0.5554,0.548,0.5507,325617.521
1743012000000,0.5506,0.5536,0.5464,0.5477,280331.277
1743015600000,0.5478,0.5526,0.5417,0.5508,295915.061
1743019200000,0.5505,0.5587,0.5503,0.5575,175738.473
1743022800000,0.5574,0.5582,0.546,0.5552,170808.803
1743026400000,0.5552,0.5557,0.5484,0.5517,192754.124
1743030000000,0.5519,0.553,0.5485,0.5517,190043.494
1743033600000,0.5515,0.5596,0.5506,0.5594,425454.367
1743037200000,0.5595,0.5633,0.5583,0.5621,482195.369
1743040800000,0.5622,0.5654,0.5616,0.5637,400407.787
1743044400000,0.5638,0.5647,0.5611,0.5645,414372.057
1743048000000,0.5646,0.5648,0.5589,0.5593,417082.051
1743051600000,0.5593,0.5601,0.5552,0.5557,523765.473
1743055200000,0.5557,0.5606,0.5551,0.5576,335730.062
1743058800000,0.5577,0.558,0.5528,0.5548,176627.625
1743062400000,0.5548,0.5568,0.5498,0.5512,281020.845
1743066000000,0.5513,0.5527,0.549,0.5502,194526.696
1743069600000,0.5504,0.5533,0.5457,0.5457,388382.928
1743073200000,0.5457,0.5489,0.5412,0.5423,354167.819
1743076800000,0.5423,0.5481,0.5407,0.5433,411987.976
1743080400000,0.5433,0.5464,0.5351,0.5425,433970.709
1743084000000,0.5423,0.5518,0.5394,0.5515,342168.31
1743087600000,0.5517,0.5533,0.5462,0.5473,242956.998
1743091200000,0.5473,0.5501,0.5441,0.5445,220874.379
1743094800000,0.5445,0.5513,0.5417,0.5444,294793.181
1743098400000,0.5443,0.5519,0.544,0.5507,451188.825
1743102000000,0.5508,0.5519,0.5477,0.548,308520.697
1743105600000,0.548,0.5491,0.5449,0.5486,335420.871
1743109200000,0.5485,0.5547,0.5461,0.5542,390146.123
1743112800000,0.5542,0.5549,0.5505,0.551,259300.327
1743116400000,0.5511,0.5531,0.5475,0.5489,231288.673
1743120000000,0.5487,0.5504,0.5433,0.5495,352314.079
1743123600000,0.5496,0.5546,0.5461,0.5517,505598.855
1743127200000,0.5515,0.5539,0.5473,0.5477,522447.952
1743130800000,0.5477,0.548,0.54,0.5423,633402.782
1743134400000,0.5425,0.5433,0.5273,0.5321,834538.296
1743138000000,0.5323,0.5324,0.5231,0.5245,609170.743
1743141600000,0.5244,0.5263,0.5171,0.5175,525968.605
1743145200000,0.5176,0.5188,0.5108,0.5116,640030.372
1743148800000,0.5115,0.5162,0.5102,0.5132,654601.115
1743152400000,0.5134,0.5153,0.511,0.5126,462716.988
1743156000000,0.5125,0.5136,0.5082,0.5106,693092.511
1743159600000,0.5105,0.5152,0.5074,0.5149,982238.46
1743163200000,0.5147,0.5187,0.5047,0.5072,998126.425
1743166800000,0.5073,0.5125,0.505,0.5059,479657.239
1743170400000,0.5058,0.5119,0.5023,0.5092,564714.342
1743174000000,0.5093,0.5111,0.505,0.5057,357764.242
1743177600000,0.5055,0.5083,0.5002,0.5022,497001.234
1743181200000,0.5022,0.5063,0.5013,0.5046,486468.333
1743184800000,0.5045,0.5067,0.5032,0.5046,552412.069
1743188400000,0.5043,0.506,0.5006,0.5025,510395.094
1743192000000,0.5028,0.5085,0.502,0.5026,606893.779
1743195600000,0.5027,0.5078,0.5011,0.5059,406076.323
1743199200000,0.5058,0.5108,0.5035,0.5107,301501.215
1743202800000,0.5107,0.5109,0.5083,0.5095,128774.915
1743206400000,0.5098,0.5134,0.508,0.5086,236625.386
1743210000000,0.5085,0.5104,0.5061,0.5076,441685.576
1743213600000,0.5075,0.5093,0.5014,0.5017,501730.243
1743217200000,0.5017,0.5089,0.4961,0.5074,620723.145
1743220800000,0.5075,0.5084,0.5027,0.5038,400753.041
1743224400000,0.5038,0.5038,0.4987,0.5002,361697.586
1743228000000,0.5002,0.5018,0.4945,0.4978,542135.326
1743231600000,0.4978,0.4987,0.4906,0.4938,509157.399
1743235200000,0.4938,0.4969,0.4929,0.4955,534483.616
1743238800000,0.4955,0.4968,0.485,0.4908,749494.38
1743242400000,0.4909,0.4909,0.4846,0.4863,586086.149
1743246000000,0.4862,0.4868,0.4773,0.4802,601050.866
1743249600000,0.4803,0.482,0.4775,0.4788,451537.845
1743253200000,0.4787,0.4824,0.4785,0.4814,489927.192
1743256800000,0.4815,0.4815,0.4744,0.4751,475914.386
1743260400000,0.4749,0.4785,0.4748,0.4759,450104.382
1743264000000,0.4758,0.4778,0.4673,0.4682,746080.312
1743267600000,0.4682,0.4733,0.4621,0.4673,912964.8
1743271200000,0.4673,0.471,0.4657,0.4667,556163.738
1743274800000,0.4668,0.4701,0.4646,0.4701,520744.185
1743278400000,0.47,0.4704,0.4632,0.4643,514324.39
1743282000000,0.4643,0.4682,0.4637,0.4666,447690.999
1743285600000,0.4666,0.4702,0.466,0.4684,471742.334
1743289200000,0.4684,0.4719,0.4653,0.4705,394455.612
1743292800000,0.4707,0.4723,0.4642,0.4699,526362.267
1743296400000,0.4698,0.477,0.4695,0.4737,498123.024
1743300000000,0.4739,0.478,0.4725,0.4759,492406.057
1743303600000,0.4757,0.4787,0.4743,0.4744,482860.038
1743307200000,0.4746,0.4777,0.4741,0.476,462945.728
1743310800000,0.4759,0.4791,0.4736,0.4745,454159.21
1743314400000,0.4745,0.477,0.4721,0.4748,464531.944
1743318000000,0.4747,0.4766,0.474,0.4749,427450.007
1743321600000,0.4747,0.4794,0.4747,0.4793,382466.417
1743325200000,0.4793,0.4824,0.4769,0.4803,552812.976
1743328800000,0.4801,0.4825,0.4744,0.475,469010.109
1743332400000,0.4748,0.4803,0.4745,0.4775,355524.665
1743336000000,0.4774,0.4799,0.4753,0.4758,432604.405
1743339600000,0.4756,0.4764,0.4676,0.4692,526904.213
1743343200000,0.4692,0.474,0.4663,0.4717,548161.74
1743346800000,0.4716,0.4757,0.4712,0.4725,399801.055
1743350400000,0.4726,0.4748,0.4664,0.4676,508439.949
1743354000000,0.4677,0.4699,0.4664,0.4697,479001.647
1743357600000,0.4696,0.479,0.4695,0.479,461720.138
1743361200000,0.4788,0.481,0.4742,0.4748,441487.144
1743364800000,0.4746,0.4756,0.4724,0.4728,416867.865
1743368400000,0.4729,0.4749,0.4672,0.4689,431405.937
1743372000000,0.4687,0.475,0.4607,0.4712,587286.478
1743375600000,0.4713,0.4714,0.4652,0.4687,268829.209
1743379200000,0.4691,0.4698,0.4589,0.4625,739189.209
1743382800000,0.4626,0.4727,0.4618,0.4717,582135.696
1743386400000,0.4717,0.4736,0.4669,0.4699,601949.298
1743390000000,0.47,0.4713,0.4641,0.4656,687320.885
1743393600000,0.4656,0.471,0.4636,0.4694,499781.205
1743397200000,0.4693,0.4738,0.4685,0.4692,490560.093
1743400800000,0.4692,0.4704,0.4648,0.4657,541051.987
1743404400000,0.4657,0.4684,0.4464,0.4553,892774.854
1743408000000,0.4553,0.4602,0.4519,0.4521,535988.029
1743411600000,0.4525,0.4554,0.4455,0.4477,416132.252
1743415200000,0.4476,0.4536,0.4433,0.4524,407759.118
1743418800000,0.4525,0.4559,0.4479,0.4537,272418.026
1743422400000,0.4536,0.4636,0.451,0.4598,342463.703
1743426000000,0.4598,0.4605,0.4484,0.4529,575871.143
1743429600000,0.4531,0.4633,0.4531,0.4596,518257.323
1743433200000,0.4597,0.4642,0.4587,0.459,564276.647
1743436800000,0.4592,0.4613,0.4563,0.4574,358651.172
1743440400000,0.4572,0.4624,0.4524,0.455,307308.563
1743444000000,0.4551,0.4636,0.4551,0.4605,358481.663
1743447600000,0.4604,0.4626,0.4538,0.4552,330520.946
1743451200000,0.455,0.4581,0.4525,0.4532,193718.283
1743454800000,0.4532,0.4572,0.4529,0.4542,134132.058
1743458400000,0.4542,0.455,0.4509,0.4547,227747.788
1743462000000,0.4547,0.4574,0.4529,0.4539,225607.34
1743465600000,0.4538,0.4625,0.4535,0.4616,354169.023
1743469200000,0.4616,0.4669,0.4546,0.4587,599312.242
1743472800000,0.4586,0.4693,0.4586,0.4692,254097.057
1743476400000,0.4692,0.4734,0.4687,0.4699,294285.896
1743480000000,0.4698,0.4721,0.4672,0.4703,253882.847
1743483600000,0.47,0.4728,0.4676,0.4689,429862.668
1743487200000,0.4688,0.4751,0.467,0.4735,292184.976
1743490800000,0.4735,0.4758,0.4718,0.4726,248612.283
1743494400000,0.4725,0.4855,0.4724,0.4844,418274.043
1743498000000,0.4847,0.4868,0.4839,0.4858,230027.359
1743501600000,0.4858,0.4865,0.4783,0.4784,405711.218
1743505200000,0.4784,0.4793,0.4713,0.4742,576935.8
1743508800000,0.4744,0.4753,0.4666,0.4723,780964.077
1743512400000,0.4722,0.4775,0.4706,0.4745,485796.165
1743516000000,0.4745,0.4786,0.4638,0.4765,626641.953
1743519600000,0.4768,0.4871,0.4766,0.4844,459973.005
1743523200000,0.4846,0.4887,0.4809,0.4821,491315.66
1743526800000,0.4822,0.4849,0.4802,0.4805,613610.706
1743530400000,0.4806,0.4806,0.4754,0.4776,407962.184
1743534000000,0.4775,0.4786,0.4742,0.4771,435094.569
1743537600000,0.477,0.4781,0.4721,0.4775,497653.31
1743541200000,0.4777,0.4795,0.4736,0.4736,456239.269
1743544800000,0.4738,0.4741,0.4642,0.4716,485192.648
1743548400000,0.4717,0.4722,0.4657,0.4692,129759.094
1743552000000,0.4695,0.4701,0.4599,0.461,231990.7
1743555600000,0.461,0.4614,0.4555,0.4586,192166.486
1743559200000,0.4587,0.4602,0.4513,0.4543,183429.385
1743562800000,0.4543,0.4601,0.4535,0.4564,168930.053
1743566400000,0.4563,0.4579,0.4508,0.452,157406.582
1743570000000,0.4519,0.452,0.446,0.4468,196437.897
1743573600000,0.4466,0.4512,0.4455,0.446,403493.443
1743577200000,0.446,0.4529,0.4453,0.4476,458918.292
1743580800000,0.4478,0.4533,0.4464,0.4495,235450.601
1743584400000,0.4492,0.4574,0.449,0.4546,187755.085
1746108000000,0.7564,0.7628,0.7472,0.7612,336279.673
1746111600000,0.7611,0.7655,0.7487,0.749,221202.151
1746115200000,0.749,0.7568,0.7467,0.7511,246505.845
1746118800000,0.7511,0.7544,0.737,0.7456,172581.056
1746122400000,0.7455,0.7464,0.7353,0.7403,147056.314
1746126000000,0.7403,0.7406,0.7306,0.7354,228121.392
1746129600000,0.7355,0.7422,0.7306,0.7378,72386.299
1746133200000,0.7378,0.7421,0.7333,0.7335,112772.977
1746136800000,0.7334,0.7371,0.7311,0.7339,78915.402
1746140400000,0.7339,0.7369,0.7279,0.7314,117973.901
1746144000000,0.7311,0.739,0.7265,0.7353,140243.359
1746147600000,0.7354,0.7369,0.7291,0.7343,114573.667
1746151200000,0.7342,0.7392,0.7308,0.7386,139935.654
1746154800000,0.7388,0.7403,0.7308,0.7329,109504.283
1746158400000,0.733,0.7367,0.7199,0.7224,228113.049
1746162000000,0.7224,0.7266,0.7212,0.7227,177890.91
1746165600000,0.7228,0.7256,0.7146,0.7204,179438.09
1746169200000,0.7204,0.7209,0.7128,0.7144,167229.869
1746172800000,0.7146,0.719,0.7107,0.7175,98117.177
1746176400000,0.7174,0.7196,0.7093,0.7111,163786.449
1746180000000,0.7114,0.7137,0.708,0.7098,190254.317
1746183600000,0.7099,0.7177,0.709,0.7117,120980.33
1746187200000,0.7116,0.72,0.7011,0.7172,262319.969
1746190800000,0.7173,0.7204,0.7114,0.7136,160253.754
1746194400000,0.7135,0.7239,0.7135,0.7207,131863.123
1746198000000,0.7208,0.721,0.709,0.7104,130926.361
1746201600000,0.7106,0.7207,0.7099,0.7148,151319.645
1746205200000,0.7145,0.7221,0.7109,0.7154,116427.658
1746208800000,0.7155,0.7199,0.7141,0.7147,52423.157
1746212400000,0.7146,0.7164,0.7087,0.7124,58972.243
1746216000000,0.7123,0.7189,0.7112,0.7156,84528.93
1746219600000,0.7157,0.7158,0.7059,0.7088,63836.368
1746223200000,0.7088,0.7103,0.7065,0.7065,38369.95
1746226800000,0.7067,0.7104,0.7061,0.7104,62755.198
1746230400000,0.7104,0.7123,0.7012,0.7048,84362.106
1746234000000,0.7048,0.7106,0.7019,0.7076,148663.385
1746237600000,0.7076,0.7143,0.7061,0.7108,108954.731
1746241200000,0.7108,0.714,0.7104,0.7115,43090.561
1746244800000,0.7115,0.7144,0.709,0.7135,58387.296
1746248400000,0.7135,0.7136,0.7078,0.7086,45854.568
1746252000000,0.7086,0.7092,0.6986,0.7049,178097.496
1746255600000,0.7049,0.7068,0.7011,0.7024,59620.972
1746259200000,0.7023,0.7029,0.6918,0.6969,129132.742
1746262800000,0.6969,0.6975,0.6892,0.6915,120348.587
1746266400000,0.6915,0.6929,0.6834,0.6845,116966.974
1746270000000,0.6845,0.6908,0.6804,0.6833,217301.291
1746273600000,0.6835,0.696,0.6835,0.6947,112444.785
1746277200000,0.6949,0.6997,0.6936,0.6954,108423.423
1746280800000,0.6953,0.7018,0.6922,0.6929,124673.054
1746284400000,0.6931,0.699,0.69,0.6924,86995.372
1746288000000,0.6924,0.6933,0.6826,0.6871,107152.679
1746291600000,0.6871,0.6876,0.6727,0.6815,301250.369
1746295200000,0.6814,0.6863,0.6791,0.6826,86293.58
1746298800000,0.6825,0.6975,0.6804,0.6941,182237.735
1746302400000,0.6942,0.6956,0.6886,0.6897,33542.9
1746306000000,0.6899,0.6943,0.6863,0.6878,37856.592
1746309600000,0.6883,0.6887,0.6852,0.6854,61608.359
1746313200000,0.6855,0.6871,0.6819,0.6841,55713.847
1746316800000,0.6841,0.6974,0.6799,0.6833,175861.813
1746320400000,0.6835,0.6893,0.6806,0.6885,90984.522
1746324000000,0.6886,0.694,0.6832,0.6855,114503.348
1746327600000,0.6856,0.6877,0.6802,0.6836,111708.183
1746331200000,0.6836,0.6874,0.6799,0.6843,142102.095
1746334800000,0.6842,0.6892,0.6816,0.6852,100942.394
1746338400000,0.685,0.6892,0.6788,0.6887,136613.567
1746342000000,0.6889,0.6893,0.6815,0.687,113082.181
1746345600000,0.6872,0.6911,0.6821,0.6861,158606.145
1746349200000,0.6857,0.6905,0.6803,0.6825,216876.089
1746352800000,0.6825,0.6905,0.6816,0.6844,82980.132
1746356400000,0.6842,0.6873,0.6823,0.6845,61629.75
1746360000000,0.6845,0.6883,0.6829,0.6854,43547.926
1746363600000,0.6856,0.6864,0.6757,0.6816,112370.079
1746367200000,0.6819,0.6835,0.6794,0.682,95996.822
1746370800000,0.6819,0.684,0.669,0.6726,188085.153
1746374400000,0.6726,0.6743,0.6548,0.6617,373007.275
1746378000000,0.6616,0.664,0.6548,0.6631,115842.376
1746381600000,0.6631,0.6665,0.6572,0.6578,69279.318
1746385200000,0.6581,0.6641,0.6559,0.6604,192283.276
1746388800000,0.6605,0.6634,0.6589,0.6623,45399.0
1746392400000,0.6622,0.6623,0.6552,0.6593,44764.455
1746396000000,0.6594,0.6601,0.6474,0.6552,108411.881
1746399600000,0.6552,0.6593,0.6501,0.6575,94000.711
1746403200000,0.6579,0.6621,0.6542,0.6614,92309.911
1746406800000,0.6614,0.6616,0.6493,0.6504,164521.749
1746410400000,0.6503,0.6617,0.6472,0.6582,199628.067
1746414000000,0.6583,0.6601,0.6547,0.6553,161940.065
1746417600000,0.6553,0.6631,0.652,0.6618,178134.462
1746421200000,0.6619,0.6691,0.6592,0.6685,103373.935
1746424800000,0.6684,0.6694,0.6635,0.6653,103498.018
1746428400000,0.6653,0.6673,0.6597,0.6673,171909.891
1746432000000,0.6673,0.6768,0.6669,0.6753,229178.599
1746435600000,0.6755,0.6789,0.6713,0.672,146574.585
1746439200000,0.6716,0.6719,0.6564,0.6606,189843.33
1746442800000,0.6608,0.6634,0.6524,0.6564,216652.305
1746446400000,0.6565,0.6597,0.652,0.656,244404.93
1746450000000,0.6558,0.6566,0.647,0.655,234632.839
1746453600000,0.6552,0.6594,0.6499,0.6549,138699.669
1746457200000,0.6549,0.6568,0.6429,0.6463,249198.221
1746460800000,0.6465,0.6556,0.646,0.6526,106336.991
1746464400000,0.6524,0.6609,0.6475,0.6609,95128.504
1746468000000,0.6609,0.6729,0.6597,0.6711,109578.473
1746471600000,0.6712,0.6735,0.6605,0.6615,118877.849
1746475200000,0.6616,0.6624,0.6452,0.6526,91771.682
1746478800000,0.6527,0.662,0.6512,0.6575,60861.228
1746482400000,0.6574,0.6677,0.6574,0.6645,61318.922
1746486000000,0.6646,0.6679,0.661,0.6634,141757.437
1746489600000,0.6635,0.6654,0.6571,0.6594,88837.371
1746493200000,0.6593,0.6662,0.6565,0.6606,212205.949
1746496800000,0.6609,0.6622,0.6515,0.6609,146253.63
1746500400000,0.6608,0.6689,0.6595,0.6687,127539.959
1746504000000,0.6688,0.6744,0.6645,0.6713,154168.076
1746507600000,0.6715,0.6718,0.6628,0.6634,98204.524
1746511200000,0.6633,0.6679,0.6633,0.6679,103632.298
1746514800000,0.6679,0.6702,0.655,0.6558,155778.337
1746518400000,0.6558,0.6625,0.6456,0.6613,269270.878
1746522000000,0.6613,0.6622,0.655,0.6577,152758.242
1746525600000,0.6577,0.6577,0.6433,0.6478,227023.86
1746529200000,0.6477,0.6512,0.6337,0.6388,316538.789
1746532800000,0.6388,0.6445,0.6362,0.6443,251118.805
1746536400000,0.6446,0.6454,0.6325,0.6366,316977.064
1746540000000,0.6365,0.6557,0.6359,0.6457,345374.148
1746543600000,0.6455,0.6527,0.6434,0.6446,103867.07
1746547200000,0.6445,0.6493,0.639,0.6435,153614.483
1746550800000,0.6434,0.6605,0.6429,0.6587,178736.694
1746554400000,0.6588,0.6699,0.6581,0.6676,128306.839
1746558000000,0.6674,0.6688,0.659,0.6596,104967.673
1746561600000,0.6597,0.6629,0.6523,0.6531,68391.66
1746565200000,0.6533,0.6561,0.6379,0.647,241181.038
1746568800000,0.647,0.674,0.6465,0.6716,170600.129
1746572400000,0.6716,0.69,0.6704,0.6811,349580.039
1746576000000,0.6808,0.7051,0.6808,0.7047,408515.085
1746579600000,0.7047,0.7124,0.6992,0.7113,333034.307
1746583200000,0.7113,0.7157,0.6939,0.695,374142.954
1746586800000,0.6948,0.7018,0.6894,0.6984,185254.866
1746590400000,0.6983,0.7009,0.686,0.6876,159818.93
1746594000000,0.6875,0.69,0.6821,0.6827,99260.367
1746597600000,0.6826,0.6899,0.6816,0.6896,102581.068
1746601200000,0.6896,0.7031,0.6886,0.6995,187369.442
1746604800000,0.6995,0.7046,0.6924,0.6997,138351.233
1746608400000,0.6997,0.7027,0.695,0.6977,105206.092
1746612000000,0.6976,0.6985,0.6917,0.6931,80746.594
1746615600000,0.693,0.6936,0.6867,0.6899,173401.755
1746619200000,0.6902,0.6927,0.6829,0.6851,90252.178
1746622800000,0.685,0.6868,0.6779,0.6828,157275.535
1746626400000,0.6828,0.6867,0.6714,0.6744,230562.469
1746630000000,0.6743,0.6755,0.6696,0.67,208103.42
1746633600000,0.6702,0.6702,0.6576,0.6645,374371.298
1746637200000,0.6644,0.6659,0.6589,0.6642,86743.8
1746640800000,0.6634,0.6731,0.6604,0.6686,184039.681
1746644400000,0.6686,0.6705,0.6597,0.662,134488.877
1746648000000,0.662,0.6658,0.6597,0.6648,56609.091
1746651600000,0.6647,0.6712,0.6624,0.6674,90321.924
1746655200000,0.6676,0.678,0.6665,0.6752,89073.52
1746658800000,0.6753,0.6823,0.6737,0.6756,90455.909
1746662400000,0.6756,0.692,0.6756,0.6906,120431.933
1746666000000,0.6906,0.7057,0.6905,0.6978,301633.34
1746669600000,0.6978,0.7097,0.6952,0.702,196108.921
1746673200000,0.7022,0.7157,0.7018,0.7151,411794.808
1746676800000,0.7154,0.7304,0.7153,0.7239,498460.178
1746680400000,0.7241,0.7311,0.7189,0.719,290140.31
1746684000000,0.719,0.7283,0.7184,0.7262,197858.102
1746687600000,0.7263,0.7319,0.723,0.7249,254647.476
1746691200000,0.7248,0.7341,0.7245,0.729,181037.729
1746694800000,0.729,0.7342,0.7238,0.7322,287525.103
1746698400000,0.7321,0.74,0.7308,0.7378,124368.192
1746702000000,0.7378,0.7396,0.7308,0.7316,146743.236
1746705600000,0.7315,0.7372,0.7236,0.7264,222128.211
1746709200000,0.7264,0.7329,0.7264,0.7279,117207.059
1746712800000,0.7279,0.7386,0.7238,0.7306,196116.899
1746716400000,0.7305,0.7623,0.7297,0.743,559908.608
1746720000000,0.7429,0.7563,0.7429,0.7534,299725.325
1746723600000,0.7535,0.7561,0.7469,0.7484,84702.092
1746727200000,0.7486,0.76,0.7452,0.7551,163250.905
1746730800000,0.755,0.7724,0.7528,0.7706,222130.211
1746734400000,0.7708,0.7875,0.763,0.7864,261439.487
1746738000000,0.7863,0.7927,0.7675,0.7745,277947.272
1746741600000,0.7743,0.7752,0.7626,0.7681,236681.154
1746745200000,0.7681,0.7818,0.7662,0.7793,139289.675
1746748800000,0.7792,0.783,0.7726,0.7747,218539.892
1746752400000,0.7746,0.7854,0.7697,0.7774,192893.58
1746756000000,0.7774,0.7781,0.7704,0.7736,133842.193
1746759600000,0.7734,0.7817,0.76,0.763,239810.809
1746763200000,0.763,0.7774,0.763,0.7734,246035.352
1746766800000,0.7734,0.7795,0.7673,0.7747,225927.163
1746770400000,0.7748,0.7866,0.774,0.786,282398.117
1746774000000,0.7859,0.8337,0.785,0.8282,958429.725
1746777600000,0.8283,0.8796,0.8266,0.8562,920170.172
1746781200000,0.8565,0.8715,0.8408,0.8493,516608.901
1746784800000,0.8493,0.8554,0.8325,0.8533,626306.822
1746788400000,0.8532,0.873,0.8501,0.8515,418606.326
1746792000000,0.8512,0.8634,0.8457,0.8571,175886.222
1746795600000,0.8573,0.8718,0.8558,0.8645,296889.262
1746799200000,0.8644,0.8644,0.8396,0.85,440984.363
1746802800000,0.8501,0.8518,0.8254,0.8369,379229.333
1746806400000,0.8369,0.8437,0.8206,0.8233,245297.116
1746810000000,0.8234,0.8493,0.8225,0.8428,217296.842
1746813600000,0.8429,0.8432,0.8294,0.8298,132937.277
1746817200000,0.8298,0.8333,0.8202,0.8276,178493.814
1746820800000,0.8277,0.8358,0.824,0.8304,292640.491
1746824400000,0.8304,0.8344,0.822,0.8282,53955.616
1746828000000,0.8285,0.8328,0.8209,0.8216,96843.927
1746831600000,0.8215,0.8294,0.8192,0.8278,100221.55
1746835200000,0.8278,0.8464,0.824,0.8288,200762.097
1746838800000,0.8286,0.8403,0.8256,0.8312,142088.309
1746842400000,0.8314,0.8417,0.8289,0.8397,140818.517
1746846000000,0.8396,0.8416,0.8313,0.8408,117071.876
1746849600000,0.8406,0.8417,0.8309,0.8343,208652.925
1746853200000,0.8344,0.8523,0.834,0.8516,194447.881
1746856800000,0.8517,0.8571,0.8372,0.8498,291655.005
1746860400000,0.8498,0.8688,0.8459,0.8636,374246.829
1746864000000,0.8637,0.8738,0.8574,0.872,511262.38
1746867600000,0.8723,0.8732,0.8608,0.8709,154075.545
1746871200000,0.8709,0.8728,0.8591,0.8598,143982.469
1746874800000,0.8598,0.8639,0.8447,0.8507,336292.452
1746878400000,0.8507,0.8604,0.8461,0.856,169763.984
1746882000000,0.856,0.8645,0.854,0.8605,146914.138
1746885600000,0.8606,0.8629,0.8522,0.8555,143779.074
1746889200000,0.8555,0.8555,0.8428,0.8437,247841.913
1746892800000,0.8436,0.8584,0.8411,0.858,285164.661
1746896400000,0.8578,0.8688,0.8546,0.8571,329556.541
1746900000000,0.8571,0.8645,0.8521,0.8636,257699.266
1746903600000,0.8633,0.8778,0.8578,0.8735,200061.191
1746907200000,0.8735,0.8903,0.863,0.8768,223145.373
1746910800000,0.8769,0.8888,0.8762,0.888,183967.64
1746914400000,0.8879,0.8999,0.8812,0.898,233458.698
1746918000000,0.898,0.9072,0.8916,0.9069,271098.356
1746921600000,0.9066,0.9089,0.8727,0.8934,297016.752
1746925200000,0.8934,0.8969,0.8709,0.8768,286476.531
1746928800000,0.8767,0.8974,0.8721,0.885,246696.191
1746932400000,0.8848,0.891,0.8731,0.8842,330951.961
1746936000000,0.8842,0.8952,0.8781,0.8889,127333.325
1746939600000,0.8889,0.8986,0.8835,0.8843,237135.824
1746943200000,0.8843,0.8952,0.8715,0.8718,291193.517
1746946800000,0.8719,0.8719,0.8454,0.864,397633.05
1746950400000,0.8637,0.8703,0.844,0.8454,192248.531
1746954000000,0.8452,0.8614,0.8452,0.8579,164140.42
1746957600000,0.8579,0.8599,0.8485,0.8587,162173.261
1746961200000,0.8586,0.8631,0.8519,0.8602,181153.412
1746964800000,0.8604,0.8623,0.8505,0.8577,142157.55
1746968400000,0.8575,0.8626,0.8397,0.8409,195645.272
1746972000000,0.8408,0.8576,0.8408,0.8535,140297.074
1746975600000,0.8534,0.8586,0.8352,0.8463,240483.278
1746979200000,0.8464,0.848,0.8308,0.8384,405460.211
1746982800000,0.8385,0.8519,0.8344,0.8506,135515.977
1746986400000,0.8506,0.8585,0.8401,0.8548,153603.829
1746990000000,0.8544,0.8646,0.8534,0.8592,100177.835
1746993600000,0.8593,0.8596,0.849,0.8532,126507.984
1746997200000,0.8531,0.8594,0.8482,0.8587,45363.731
1747000800000,0.8588,0.8625,0.8446,0.8511,159479.56
1747004400000,0.8511,0.8545,0.8453,0.8515,112069.445
1747008000000,0.8515,0.8691,0.8477,0.8676,239904.403
1747011600000,0.8677,0.8778,0.8384,0.8482,279978.833
1747015200000,0.8483,0.8603,0.8466,0.8568,163751.75
1747018800000,0.8568,0.8636,0.8471,0.8636,166053.653
1747022400000,0.8634,0.8731,0.8571,0.8683,112499.542
1747026000000,0.8681,0.87,0.8478,0.8569,195526.425
1747029600000,0.8569,0.8693,0.8513,0.8693,188449.11
1747033200000,0.8693,0.9137,0.8693,0.8867,778629.612
1747036800000,0.8868,0.9145,0.8767,0.9053,268475.897
1747040400000,0.9054,0.91,0.8873,0.8879,214746.905
1747044000000,0.8882,0.8955,0.8813,0.8943,136896.719
1747047600000,0.8941,0.8945,0.8707,0.8737,191272.807
1747051200000,0.8736,0.8932,0.8734,0.8911,318555.671
1747054800000,0.8913,0.9006,0.8659,0.879,376197.696
1747058400000,0.8788,0.8829,0.8455,0.8492,467303.34
1747062000000,0.8493,0.8561,0.8374,0.8464,328104.21
1747065600000,0.8463,0.8612,0.8405,0.8583,196066.426
1747069200000,0.8582,0.8643,0.8426,0.8443,87342.693
1747072800000,0.8447,0.8464,0.7969,0.8183,541125.578
1747076400000,0.8185,0.8302,0.8167,0.8293,188321.451
1747080000000,0.8292,0.839,0.8206,0.8343,152019.611
1747083600000,0.8342,0.8372,0.8284,0.8336,124302.048
1747087200000,0.8335,0.8361,0.8284,0.8305,120346.065
1747090800000,0.8306,0.8384,0.8302,0.8312,106317.05
1747094400000,0.8314,0.8352,0.8132,0.815,394393.644
1747098000000,0.8149,0.8193,0.8006,0.8006,485252.141
1747101600000,0.8011,0.8079,0.7904,0.7954,391930.573
1747105200000,0.7954,0.7994,0.7894,0.7932,227205.369
1747108800000,0.793,0.8112,0.7904,0.8075,247068.917
1747112400000,0.8074,0.8098,0.8001,0.8055,170100.775
1747116000000,0.8055,0.8157,0.805,0.8075,170135.552
1747119600000,0.8076,0.8175,0.8064,0.8148,200953.474
1747123200000,0.8148,0.8179,0.8088,0.8142,105268.108
1747126800000,0.8142,0.8288,0.8142,0.8245,236968.825
1747130400000,0.8245,0.8247,0.8114,0.8156,185702.32
1747134000000,0.8155,0.822,0.81,0.8131,479908.125
1747137600000,0.8129,0.8409,0.8025,0.8343,680131.917
1747141200000,0.8344,0.8492,0.8328,0.8431,254126.92
1747144800000,0.8431,0.852,0.8317,0.8347,261114.925
1747148400000,0.8347,0.8445,0.8309,0.8407,205026.338
1747152000000,0.841,0.8586,0.8387,0.8508,240729.278
1747155600000,0.8508,0.8589,0.8493,0.8545,172676.817
1747159200000,0.8546,0.8634,0.8521,0.8628,191990.035
1747162800000,0.8629,0.895,0.8586,0.8826,507019.153
1747166400000,0.8823,0.8925,0.8698,0.8924,230126.575
1747170000000,0.8923,0.8939,0.8814,0.8914,150424.042
1747173600000,0.8914,0.9059,0.8861,0.8932,408500.427
1747177200000,0.8932,0.9002,0.8869,0.8915,195146.96
1747180800000,0.8915,0.8939,0.8782,0.8841,199187.538
1747184400000,0.8842,0.8896,0.8737,0.8766,240397.56
1749708000000,0.7526,0.7569,0.7463,0.7501,95903.008
1749711600000,0.7504,0.7536,0.7428,0.7457,126551.042
1749715200000,0.7456,0.7456,0.7309,0.742,250353.293
1749718800000,0.7421,0.7446,0.7383,0.7392,137478.345
1749722400000,0.7393,0.7412,0.7269,0.7329,252582.908
1749726000000,0.7327,0.7339,0.7269,0.7306,165190.986
1749729600000,0.7307,0.744,0.7284,0.7384,156112.008
1749733200000,0.7383,0.7503,0.7373,0.7452,233176.619
1749736800000,0.7457,0.755,0.7455,0.751,186835.029
1749740400000,0.7511,0.7544,0.7321,0.7346,135843.842
1749744000000,0.7347,0.7486,0.7336,0.7483,154664.816
1749747600000,0.7485,0.7576,0.7471,0.7506,291313.714
1749751200000,0.7508,0.7521,0.7339,0.7396,145792.963
1749754800000,0.7399,0.7439,0.722,0.728,151496.319
1749758400000,0.7279,0.7321,0.7154,0.7198,171584.525
1749762000000,0.7197,0.7295,0.7165,0.717,131795.933
1749765600000,0.717,0.7222,0.7151,0.7192,137882.131
1749769200000,0.719,0.7233,0.7156,0.7181,71917.11
1749772800000,0.7181,0.7181,0.6682,0.6739,838502.144
1749776400000,0.6737,0.6739,0.6481,0.6574,769106.351
1749780000000,0.6576,0.6583,0.6458,0.6542,211511.32
1749783600000,0.6541,0.6729,0.6511,0.6671,397555.302
1749787200000,0.6673,0.6674,0.6582,0.6632,169283.709
1749790800000,0.6633,0.6646,0.6564,0.6565,169158.884
1749794400000,0.6569,0.6677,0.6493,0.6595,423085.458
1749798000000,0.6594,0.6594,0.6506,0.6566,204404.633
1749801600000,0.6566,0.6694,0.6555,0.6634,329108.075
1749805200000,0.6636,0.6667,0.6575,0.6639,80499.28
1749808800000,0.6636,0.6642,0.6555,0.6616,119383.216
1749812400000,0.6616,0.6648,0.654,0.6632,119226.119
1749816000000,0.6631,0.6667,0.6565,0.658,421996.499
1749819600000,0.6579,0.6669,0.653,0.6594,129827.897
1749823200000,0.6595,0.6636,0.6485,0.6597,174296.055
1749826800000,0.6601,0.6763,0.6573,0.6719,247573.419
1749830400000,0.672,0.688,0.6696,0.6788,213566.395
1749834000000,0.6785,0.6785,0.6641,0.6722,152369.567
1749837600000,0.6718,0.6732,0.6528,0.6582,126135.691
1749841200000,0.6585,0.6626,0.6537,0.6582,109386.801
1749844800000,0.6587,0.6685,0.6564,0.6649,126465.142
1749848400000,0.665,0.6722,0.6608,0.67,118781.356
1749852000000,0.6702,0.6778,0.6702,0.6733,112617.6
1749855600000,0.6735,0.6798,0.6709,0.6772,109545.129
1749859200000,0.6771,0.6807,0.6723,0.6735,153845.203
1749862800000,0.6734,0.674,0.6681,0.6703,94686.562
1749866400000,0.67,0.6724,0.6661,0.6701,81031.882
1749870000000,0.6701,0.6737,0.6676,0.6697,129834.556
1749873600000,0.6696,0.6727,0.6685,0.6705,80678.631
1749877200000,0.6705,0.6774,0.6674,0.6759,114679.217
1749880800000,0.6764,0.6802,0.6716,0.6727,104482.232
1749884400000,0.6722,0.6739,0.6643,0.6714,112904.783
1749888000000,0.6713,0.6715,0.6663,0.6679,93079.277
1749891600000,0.6678,0.6686,0.6641,0.6649,102888.688
1749895200000,0.6648,0.6719,0.6641,0.6686,104235.123
1749898800000,0.6684,0.6722,0.6672,0.6719,99517.755
1749902400000,0.6716,0.6719,0.6644,0.671,89920.852
1749906000000,0.6712,0.6757,0.669,0.6727,103345.845
1749909600000,0.6726,0.6781,0.6709,0.6743,134598.758
1749913200000,0.6744,0.676,0.6646,0.6683,134733.43
1749916800000,0.6682,0.671,0.6546,0.6563,169974.849
1749920400000,0.6561,0.6677,0.6549,0.6657,132634.582
1749924000000,0.6655,0.6733,0.6522,0.6586,262882.198
1749927600000,0.6588,0.6625,0.6545,0.6555,148816.203
1749931200000,0.6555,0.6599,0.6494,0.6569,123924.76
1749934800000,0.6571,0.6689,0.6539,0.6673,89299.792
1749938400000,0.6678,0.6711,0.6645,0.6679,49559.002
1749942000000,0.6678,0.6696,0.6654,0.6663,42484.253
1749945600000,0.6668,0.673,0.6663,0.6723,83172.961
1749949200000,0.6724,0.6742,0.6676,0.6718,126747.313
1749952800000,0.6717,0.6768,0.6713,0.6713,120647.128
1749956400000,0.6718,0.6751,0.6714,0.6725,99959.503
1749960000000,0.6725,0.6752,0.6711,0.6734,127255.963
1749963600000,0.6736,0.6805,0.6703,0.6798,177131.244
1749967200000,0.6795,0.6813,0.6711,0.6716,127083.032
1749970800000,0.6716,0.6751,0.6702,0.6742,85879.366
1749974400000,0.6747,0.675,0.6711,0.6725,119304.018
1749978000000,0.6725,0.6725,0.6659,0.6663,138352.446
1749981600000,0.6666,0.6755,0.6663,0.6752,136239.469
1749985200000,0.6753,0.6769,0.6711,0.6754,112689.237
1749988800000,0.6756,0.6835,0.6753,0.6831,113924.213
1749992400000,0.683,0.6939,0.681,0.6912,178434.232
1749996000000,0.6911,0.6977,0.6843,0.697,202006.76
1749999600000,0.697,0.7055,0.6912,0.6926,288827.115
1750003200000,0.6926,0.6977,0.6898,0.6965,129365.864
1750006800000,0.6966,0.6966,0.6904,0.6934,141465.858
1750010400000,0.6934,0.6966,0.6879,0.6945,81235.067
1750014000000,0.6947,0.6995,0.6883,0.691,147959.064
1750017600000,0.6908,0.6911,0.6694,0.6746,302839.203
1750021200000,0.6745,0.6864,0.671,0.6853,170059.389
1750024800000,0.6851,0.6995,0.6839,0.695,61294.991
1750028400000,0.6949,0.7001,0.6915,0.6979,113848.543
1750032000000,0.6981,0.7015,0.6938,0.697,115835.13
1750035600000,0.6974,0.7081,0.6894,0.7074,124717.785
1750039200000,0.7074,0.7123,0.7057,0.7106,276607.17
1750042800000,0.7107,0.7199,0.7086,0.7143,188732.4
1750046400000,0.7147,0.7214,0.7138,0.716,128211.706
1750050000000,0.7162,0.7278,0.7126,0.7247,158351.099
1750053600000,0.7249,0.7278,0.7231,0.7251,80543.485
1750057200000,0.7253,0.7312,0.72,0.7231,261994.53
1750060800000,0.7233,0.725,0.7196,0.7219,144686.992
1750064400000,0.7219,0.7279,0.7206,0.7241,107695.794
1750068000000,0.7242,0.7284,0.7185,0.7205,106838.681
1750071600000,0.7206,0.7305,0.7187,0.7292,226517.455
1750075200000,0.7291,0.7301,0.7222,0.7244,204750.851
1750078800000,0.7246,0.7332,0.7226,0.7326,96116.702
1750082400000,0.7327,0.7375,0.7287,0.7314,207428.388
1750086000000,0.7316,0.7365,0.7291,0.7303,192420.234
1750089600000,0.7304,0.7406,0.7301,0.7345,200102.317
1750093200000,0.7341,0.7359,0.7281,0.7291,83040.715
1750096800000,0.7293,0.7339,0.7281,0.7326,90844.59
1750100400000,0.7325,0.7347,0.7247,0.7275,114875.318
1750104000000,0.7274,0.7292,0.724,0.7246,136808.669
1750107600000,0.7245,0.7261,0.7204,0.7232,64002.648
1750111200000,0.7235,0.7278,0.7024,0.7087,311846.344
1750114800000,0.7086,0.7131,0.6911,0.6936,301600.673
1750118400000,0.6936,0.6938,0.674,0.693,447462.577
1750122000000,0.6937,0.6956,0.6833,0.6834,220988.336
1750125600000,0.6835,0.6908,0.6774,0.6903,215610.241
1750129200000,0.6903,0.6975,0.6842,0.6856,321586.756
1750132800000,0.686,0.6879,0.679,0.6804,235271.188
1750136400000,0.6803,0.6848,0.6752,0.6775,190648.138
1750140000000,0.6774,0.6824,0.6754,0.6803,190542.132
1750143600000,0.6804,0.6863,0.68,0.6841,192808.187
1750147200000,0.6842,0.6855,0.6751,0.677,100515.694
1750150800000,0.677,0.6799,0.674,0.6767,154707.405
1750154400000,0.677,0.691,0.6741,0.6883,668016.26
1750158000000,0.6884,0.6905,0.6716,0.6752,360835.148
1750161600000,0.6754,0.6777,0.6696,0.6703,159016.744
1750165200000,0.6705,0.6799,0.6682,0.6754,175896.939
1750168800000,0.6755,0.6808,0.6622,0.6627,195481.026
1750172400000,0.6629,0.665,0.6496,0.6583,506003.776
1750176000000,0.6584,0.663,0.6467,0.6471,288974.944
1750179600000,0.6472,0.6565,0.6406,0.6504,298647.755
1750183200000,0.6503,0.6626,0.6473,0.6618,102153.607
1750186800000,0.6621,0.6775,0.6618,0.6693,250741.271
1750190400000,0.6695,0.673,0.6602,0.6602,130010.829
1750194000000,0.6606,0.6613,0.6526,0.6572,112033.523
1750197600000,0.6574,0.6574,0.6514,0.6523,64691.459
1750201200000,0.6525,0.6603,0.6525,0.6536,63832.994
1750204800000,0.6539,0.6614,0.6521,0.66,157918.955
1750208400000,0.6601,0.6648,0.6543,0.6555,123893.382
1750212000000,0.6553,0.658,0.6521,0.6521,82059.555
1750215600000,0.652,0.6611,0.652,0.6595,104617.677
1750219200000,0.6594,0.6682,0.6581,0.6661,130207.301
1750222800000,0.6665,0.6691,0.6624,0.6632,129087.088
1750226400000,0.6633,0.6648,0.6582,0.6612,109974.362
1750230000000,0.6612,0.6657,0.6602,0.6641,186863.771
1750233600000,0.6643,0.6665,0.6539,0.6584,137107.872
1750237200000,0.6586,0.6625,0.6534,0.6554,202168.532
1750240800000,0.6556,0.656,0.6423,0.6438,168761.719
1750244400000,0.6437,0.6545,0.6419,0.6535,240057.591
1750248000000,0.6534,0.6541,0.6452,0.6459,97642.826
1750251600000,0.646,0.6479,0.6329,0.6471,303903.806
1750255200000,0.6471,0.6598,0.6434,0.6494,347745.238
1750258800000,0.6497,0.6529,0.6439,0.6464,182718.632
1750262400000,0.6463,0.6476,0.6421,0.6462,107886.291
1750266000000,0.6462,0.6558,0.6424,0.6534,191626.506
1750269600000,0.6533,0.6601,0.6444,0.6449,230696.668
1750273200000,0.6448,0.6551,0.6433,0.6475,122951.217
1750276800000,0.6477,0.6774,0.6444,0.6734,171781.875
1750280400000,0.6735,0.6778,0.6675,0.6754,128528.578
1750284000000,0.6753,0.6776,0.6693,0.6702,163821.265
1750287600000,0.6702,0.674,0.6666,0.6724,111913.25
1750291200000,0.6723,0.681,0.6708,0.6719,149123.697
1750294800000,0.6721,0.6725,0.6675,0.67,161939.506
1750298400000,0.67,0.6717,0.6646,0.6674,175866.34
1750302000000,0.6674,0.6775,0.6674,0.6774,160578.202
1750305600000,0.6775,0.6781,0.6705,0.6756,132946.678
1750309200000,0.6756,0.6779,0.6701,0.6707,101407.036
1750312800000,0.6707,0.6728,0.6687,0.6715,124947.285
1750316400000,0.6715,0.6745,0.6678,0.6684,169807.372
1750320000000,0.6685,0.7,0.668,0.68,956420.44
1750323600000,0.6801,0.7039,0.678,0.7032,386867.226
1750327200000,0.7032,0.7053,0.6896,0.6912,284895.597
1750330800000,0.6913,0.6943,0.6848,0.6856,261048.149
1750334400000,0.6856,0.6968,0.6856,0.6947,197496.048
1750338000000,0.6947,0.6985,0.6841,0.6856,340637.887
1750341600000,0.6858,0.6915,0.68,0.6832,155666.324
1750345200000,0.6833,0.6861,0.6773,0.6787,240930.836
1750348800000,0.6786,0.6827,0.6717,0.6727,107113.473
1750352400000,0.6729,0.6882,0.6703,0.6833,195111.184
1750356000000,0.6832,0.6902,0.6771,0.6807,140696.648
1750359600000,0.6809,0.6851,0.6759,0.6775,175776.205
1750363200000,0.6777,0.6804,0.6731,0.6757,118226.004
1750366800000,0.6756,0.679,0.6728,0.6767,146885.86
1750370400000,0.6766,0.6835,0.6761,0.6769,144819.254
1750374000000,0.677,0.6799,0.6751,0.6784,60814.521
1750377600000,0.6784,0.6852,0.6784,0.6799,214327.582
1750381200000,0.6799,0.682,0.6755,0.6803,106496.277
1750384800000,0.6804,0.6836,0.674,0.6755,105007.471
1750388400000,0.6755,0.6769,0.6711,0.6734,84820.803
1750392000000,0.6733,0.6746,0.6607,0.6618,170515.328
1750395600000,0.662,0.6722,0.6614,0.6715,48902.795
1750399200000,0.6716,0.6825,0.6715,0.6804,230405.406
1750402800000,0.6803,0.6917,0.6795,0.6906,179006.057
1750406400000,0.6905,0.695,0.6851,0.6901,148074.85
1750410000000,0.6903,0.6928,0.687,0.6894,79852.066
1750413600000,0.6893,0.6909,0.6856,0.6884,70271.441
1750417200000,0.6882,0.6949,0.6879,0.6906,120741.942
1750420800000,0.6908,0.6989,0.6908,0.6956,71545.863
1750424400000,0.6957,0.7001,0.6893,0.6896,157044.032
1750428000000,0.6895,0.6924,0.6711,0.6717,175892.512
1750431600000,0.6716,0.6742,0.6641,0.6674,253868.807
1750435200000,0.6677,0.669,0.6522,0.6533,152878.216
1750438800000,0.6535,0.6562,0.6327,0.6511,328960.851
1750442400000,0.6511,0.659,0.6502,0.6558,84805.495
1750446000000,0.6555,0.6565,0.6486,0.6519,100834.615
1750449600000,0.6515,0.6638,0.6515,0.6603,42779.807
1750453200000,0.6604,0.6605,0.6522,0.6534,19502.647
1750456800000,0.6533,0.6533,0.643,0.6467,66433.938
1750460400000,0.6467,0.6497,0.6436,0.6475,120353.606
1750464000000,0.6477,0.6553,0.6472,0.6506,36006.727
1750467600000,0.6506,0.6585,0.6492,0.6573,43968.245
1750471200000,0.6575,0.6586,0.6535,0.6564,46959.863
1750474800000,0.6563,0.6596,0.654,0.6548,92097.753
1750478400000,0.6549,0.6558,0.6522,0.6543,101979.228
1750482000000,0.6545,0.6574,0.652,0.6538,76338.636
1750485600000,0.6536,0.6571,0.6522,0.6553,73535.048
1750489200000,0.6554,0.6554,0.651,0.6539,60035.116
1750492800000,0.6538,0.6598,0.6516,0.6593,78745.173
1750496400000,0.6593,0.6594,0.6523,0.6562,62829.59
1750500000000,0.6563,0.6563,0.652,0.6545,33131.621
1750503600000,0.6546,0.6576,0.6539,0.6543,29866.28
1750507200000,0.6542,0.6562,0.646,0.6472,39979.599
1750510800000,0.6472,0.6496,0.6377,0.6384,118063.88
1750514400000,0.6382,0.6413,0.6338,0.6393,116895.322
1750518000000,0.6393,0.6406,0.6342,0.6402,75147.217
1750521600000,0.6404,0.6426,0.6357,0.6383,66566.889
1750525200000,0.6381,0.6412,0.6281,0.6308,163509.254
1750528800000,0.6308,0.6355,0.6236,0.6249,76802.227
1750532400000,0.6248,0.6256,0.6106,0.6124,185280.499
1750536000000,0.6127,0.6203,0.6127,0.6177,147103.616
1750539600000,0.6176,0.619,0.595,0.6007,319097.225
1750543200000,0.6006,0.6073,0.5983,0.6053,119467.842
1750546800000,0.6054,0.61,0.5931,0.6095,238132.833
1750550400000,0.6098,0.6226,0.6052,0.6162,211032.254
1750554000000,0.6164,0.6199,0.6087,0.6093,89346.406
1750557600000,0.6094,0.615,0.6008,0.6052,117155.973
1750561200000,0.6051,0.6072,0.5983,0.6014,174886.843
1750564800000,0.6014,0.609,0.5991,0.6044,82176.177
1750568400000,0.6045,0.6084,0.6003,0.6043,174825.903
1750572000000,0.6044,0.6097,0.6011,0.6069,94109.603
1750575600000,0.607,0.6078,0.5995,0.6014,84562.158
1750579200000,0.6016,0.6029,0.5944,0.5954,108494.362
1750582800000,0.5955,0.5989,0.5857,0.5868,226420.287
1750586400000,0.5867,0.5968,0.5865,0.5946,92768.604
1750590000000,0.5944,0.6007,0.5931,0.5953,103205.143
1750593600000,0.5952,0.6003,0.5886,0.5973,82989.737
1750597200000,0.5973,0.5997,0.5677,0.5775,548131.538
1750600800000,0.5778,0.5859,0.5646,0.585,348878.219
1750604400000,0.5851,0.5865,0.5694,0.5701,242860.973
1750608000000,0.5701,0.5737,0.5642,0.5676,189196.256
1750611600000,0.5675,0.5765,0.5607,0.5669,245376.043
1750615200000,0.5667,0.5696,0.5615,0.5634,162990.918
1750618800000,0.5634,0.5665,0.559,0.5618,243895.627
1750622400000,0.5617,0.5763,0.5487,0.5726,240915.432
1750626000000,0.5726,0.5759,0.5649,0.5666,135336.296
1750629600000,0.5667,0.5839,0.5666,0.5834,131634.134
1750633200000,0.5836,0.5865,0.5816,0.5834,298563.186
1750636800000,0.5833,0.5954,0.583,0.5874,132086.67
1750640400000,0.5876,0.5912,0.5833,0.5906,65026.677
1750644000000,0.5907,0.5907,0.5866,0.5892,96522.049
1750647600000,0.5891,0.5918,0.5849,0.5872,47259.436
1750651200000,0.5874,0.5927,0.5856,0.5905,111975.853
1750654800000,0.5907,0.5983,0.5907,0.5975,119131.078
1750658400000,0.5975,0.602,0.5946,0.5992,171984.229
1750662000000,0.5991,0.6058,0.599,0.6017,220915.804
1750665600000,0.6016,0.6041,0.5991,0.6022,171490.108
1750669200000,0.6024,0.6024,0.597,0.5975,139161.656
1750672800000,0.5976,0.599,0.5901,0.5946,176934.656
1750676400000,0.5947,0.595,0.5894,0.5935,125126.722
1750680000000,0.5936,0.6024,0.5892,0.6024,209601.092
1750683600000,0.6021,0.6162,0.5896,0.6134,326645.419
1750687200000,0.6134,0.6182,0.6045,0.6059,245158.254
1750690800000,0.6059,0.6093,0.5936,0.5958,174652.658
1750694400000,0.5958,0.5975,0.5758,0.582,477793.922
1750698000000,0.5818,0.6079,0.5786,0.6054,226193.889
1750701600000,0.6056,0.6199,0.6051,0.6174,269008.549
1750705200000,0.6172,0.6247,0.6147,0.6228,187829.916
1750708800000,0.6233,0.6486,0.6225,0.6433,298174.423
1750712400000,0.6435,0.6467,0.6381,0.6411,231848.662
1750716000000,0.6413,0.6817,0.6411,0.6755,475108.467
1750719600000,0.6757,0.6927,0.6727,0.6865,581751.268
1750723200000,0.6864,0.6946,0.6826,0.6913,298916.115
1750726800000,0.6915,0.6961,0.6849,0.6941,98358.324
1750730400000,0.694,0.6985,0.6897,0.6911,184833.078
1750734000000,0.6916,0.6968,0.6862,0.6891,135392.98
1750737600000,0.6892,0.692,0.6841,0.6866,142105.451
1750741200000,0.6868,0.7151,0.6857,0.7136,196050.164
1750744800000,0.7134,0.7157,0.7069,0.7098,193151.488
1750748400000,0.7097,0.7172,0.6909,0.6916,283595.783
1750752000000,0.6917,0.6924,0.6743,0.6824,460092.769
1750755600000,0.6825,0.6942,0.6794,0.6832,275129.505
1750759200000,0.683,0.6834,0.6687,0.6735,278334.937
1750762800000,0.6736,0.6757,0.6679,0.6722,180442.544
1750766400000,0.6724,0.6778,0.6678,0.6705,143493.415
1750770000000,0.6709,0.6776,0.6683,0.6741,197021.03
1750773600000,0.6741,0.6821,0.671,0.6749,266227.797
1750777200000,0.675,0.679,0.6683,0.6747,255451.494
1750780800000,0.6747,0.6899,0.672,0.6889,216443.599
1750784400000,0.6889,0.6891,0.6724,0.6755,255038.096
1753308000000,0.7396,0.7464,0.7334,0.7438,142710.335
1753311600000,0.7439,0.7489,0.7431,0.7483,157515.821
1753315200000,0.7478,0.7573,0.7408,0.756,111130.795
1753318800000,0.7556,0.7616,0.7506,0.7608,226082.43
1753322400000,0.7605,0.7691,0.7561,0.7658,139388.421
1753326000000,0.7659,0.7758,0.7636,0.7732,323009.01
1753329600000,0.7732,0.7766,0.7561,0.7616,288961.719
1753333200000,0.7614,0.763,0.7337,0.7382,288936.972
1753336800000,0.738,0.7448,0.7112,0.7273,493453.546
1753340400000,0.7275,0.7373,0.7166,0.737,193059.277
1753344000000,0.7369,0.7451,0.7328,0.7419,120951.777
1753347600000,0.7419,0.7449,0.7337,0.7371,102633.902
1753351200000,0.7374,0.7414,0.7231,0.7337,142044.253
1753354800000,0.7336,0.748,0.7334,0.7454,147517.531
1753358400000,0.7452,0.7479,0.7315,0.734,256200.458
1753362000000,0.7344,0.7414,0.7274,0.728,312873.285
1753365600000,0.7283,0.7587,0.7212,0.7576,450294.037
1753369200000,0.7576,0.763,0.7475,0.7525,464849.298
1753372800000,0.7527,0.7551,0.7297,0.7386,306943.987
1753376400000,0.7386,0.7516,0.7369,0.7457,152357.724
1753380000000,0.7455,0.75,0.7393,0.7416,79356.974
1753383600000,0.7415,0.7452,0.7335,0.7347,137372.24
1753387200000,0.7348,0.7411,0.7327,0.7384,82016.48
1753390800000,0.7389,0.7395,0.725,0.7266,73445.21
1753394400000,0.7265,0.7356,0.7235,0.7313,121371.817
1753398000000,0.731,0.731,0.7187,0.7234,334501.954
1753401600000,0.7235,0.7273,0.7135,0.7204,177668.416
1753405200000,0.7202,0.7319,0.7188,0.729,200096.326
1753408800000,0.7294,0.7335,0.7168,0.7177,270982.392
1753412400000,0.7179,0.7239,0.7057,0.716,211542.42
1753416000000,0.7158,0.7301,0.7086,0.7296,190699.991
1753419600000,0.7294,0.7345,0.7174,0.7182,286772.781
1753423200000,0.7186,0.7232,0.7122,0.7209,227913.245
1753426800000,0.7206,0.7252,0.7086,0.717,327857.612
1753430400000,0.7166,0.7283,0.7162,0.7207,114804.01
1753434000000,0.7205,0.7358,0.7181,0.7358,232844.616
1753437600000,0.7355,0.7387,0.7316,0.7382,300572.57
1753441200000,0.7383,0.7413,0.7356,0.737,104621.281
1753444800000,0.7366,0.7407,0.7282,0.7318,112787.989
1753448400000,0.732,0.7337,0.7242,0.7306,99566.315
1753452000000,0.7307,0.7318,0.7088,0.7094,168907.692
1753455600000,0.7092,0.717,0.702,0.7128,172049.747
1753459200000,0.7125,0.7221,0.7083,0.7206,79590.869
1753462800000,0.7204,0.7238,0.7148,0.7163,55200.96
1753466400000,0.716,0.7227,0.7156,0.7194,51828.317
1753470000000,0.7192,0.7253,0.7176,0.7215,32113.895
1753473600000,0.7213,0.7375,0.7197,0.7343,127129.837
1753477200000,0.7345,0.74,0.7345,0.7383,71375.652
1753480800000,0.7384,0.7407,0.7367,0.7399,62747.22
1753484400000,0.7399,0.7407,0.7375,0.7405,58843.808
1753488000000,0.7404,0.7406,0.7362,0.7379,38815.173
1753491600000,0.7381,0.7381,0.7315,0.7321,106355.3
1753495200000,0.732,0.7407,0.732,0.7365,101867.904
1753498800000,0.7366,0.7377,0.7335,0.736,63415.108
1753502400000,0.7358,0.7384,0.7327,0.733,76566.577
1753506000000,0.733,0.7349,0.7319,0.7328,56556.811
1753509600000,0.7328,0.7338,0.7282,0.729,160493.747
1753513200000,0.7289,0.7326,0.7288,0.7307,46413.388
1753516800000,0.7309,0.7395,0.7309,0.7343,82671.381
1753520400000,0.7345,0.7356,0.7316,0.7347,60876.057
1753524000000,0.7347,0.7369,0.7335,0.7344,57680.602
1753527600000,0.7345,0.7376,0.7307,0.7324,95611.313
1753531200000,0.7326,0.7328,0.7283,0.7326,104975.841
1753534800000,0.7325,0.7404,0.7305,0.7364,167908.709
1753538400000,0.7365,0.7401,0.7345,0.7354,136610.937
1753542000000,0.735,0.74,0.7311,0.7396,130467.12
1753545600000,0.7399,0.7414,0.7346,0.7367,110408.355
1753549200000,0.7368,0.7376,0.7333,0.7347,85264.573
1753552800000,0.735,0.7412,0.7312,0.7394,111112.654
1753556400000,0.7396,0.7417,0.7383,0.7409,59107.17
1753560000000,0.741,0.7412,0.7352,0.737,45627.625
1753563600000,0.7368,0.7389,0.7336,0.7387,39517.351
1753567200000,0.7388,0.7417,0.7338,0.7338,90387.73
1753570800000,0.7338,0.7343,0.7307,0.7316,117811.873
1753574400000,0.7316,0.7353,0.7299,0.7344,53223.849
1753578000000,0.7346,0.7416,0.7321,0.7369,89156.726
1753581600000,0.7368,0.7416,0.7357,0.7398,108314.581
1753585200000,0.7398,0.7415,0.7364,0.7375,72218.855
1753588800000,0.7377,0.7405,0.7363,0.7383,61589.358
1753592400000,0.7385,0.7417,0.7375,0.7399,80564.766
1753596000000,0.74,0.74,0.7336,0.7375,74662.041
1753599600000,0.7376,0.7408,0.7345,0.7369,81490.054
1753603200000,0.7369,0.7384,0.731,0.7326,172355.066
1753606800000,0.7325,0.7327,0.7261,0.7278,96629.47
1753610400000,0.728,0.7383,0.728,0.7365,115722.626
1753614000000,0.7366,0.7404,0.7339,0.7356,163158.02
1753617600000,0.7355,0.7398,0.731,0.7396,91046.545
1753621200000,0.7395,0.7412,0.7353,0.7364,138746.604
1753624800000,0.7363,0.7398,0.7311,0.7342,129997.763
1753628400000,0.7341,0.7367,0.7295,0.7367,112944.075
1753632000000,0.7368,0.7416,0.7346,0.7365,155731.38
1753635600000,0.737,0.741,0.7317,0.7405,177836.056
1753639200000,0.7404,0.7415,0.7372,0.7404,141711.661
1753642800000,0.74,0.74,0.7354,0.7373,77912.023
1753646400000,0.7375,0.7414,0.7367,0.7386,85231.294
1753650000000,0.7388,0.7414,0.7364,0.7409,42520.715
1753653600000,0.7412,0.7558,0.7406,0.752,178538.09
1753657200000,0.7521,0.7588,0.7465,0.7557,110402.516
1753660800000,0.7559,0.775,0.7533,0.7621,455337.695
1753664400000,0.7622,0.7633,0.7491,0.7555,123186.785
1753668000000,0.7555,0.7704,0.7518,0.7673,307271.189
1753671600000,0.7675,0.7695,0.7618,0.7687,122937.792
1753675200000,0.7687,0.7755,0.7634,0.7745,179473.86
1753678800000,0.7745,0.7822,0.7729,0.7813,232880.507
1753682400000,0.7815,0.7867,0.7784,0.781,240553.93
1753686000000,0.781,0.7821,0.7711,0.7776,189605.389
1753689600000,0.7772,0.7821,0.7714,0.7763,172319.487
1753693200000,0.7762,0.7828,0.772,0.781,133723.82
1753696800000,0.781,0.781,0.7725,0.7756,115788.85
1753700400000,0.7758,0.7758,0.7645,0.7683,169165.46
1753704000000,0.7684,0.7693,0.7553,0.7573,388118.12
1753707600000,0.7575,0.7576,0.7413,0.7458,334931.537
1753711200000,0.746,0.7481,0.7292,0.731,780618.857
1753714800000,0.7307,0.7354,0.7204,0.7241,289374.536
1753718400000,0.7241,0.7259,0.7169,0.7181,519834.97
1753722000000,0.718,0.7224,0.7126,0.7158,232445.754
1753725600000,0.7157,0.7164,0.7058,0.7119,175622.438
1753729200000,0.7119,0.7175,0.7062,0.7152,216014.749
1753732800000,0.7153,0.7161,0.7049,0.7084,170911.383
1753736400000,0.7084,0.7132,0.7044,0.7081,228968.51
1753740000000,0.7082,0.7122,0.7056,0.711,190388.841
1753743600000,0.7113,0.7184,0.709,0.7174,223800.741
1753747200000,0.7174,0.7232,0.7122,0.7224,283141.556
1753750800000,0.7226,0.7303,0.7148,0.7148,137484.675
1753754400000,0.7148,0.7163,0.699,0.7011,523205.041
1753758000000,0.7017,0.7137,0.7016,0.7122,268547.113
1753761600000,0.7124,0.7168,0.7111,0.7131,175019.895
1753765200000,0.7132,0.7259,0.7132,0.7255,162150.376
1753768800000,0.7257,0.727,0.7216,0.724,149312.115
1753772400000,0.7242,0.7311,0.7229,0.7262,146793.09
1753776000000,0.7262,0.7291,0.7198,0.7287,231669.218
1753779600000,0.7289,0.7306,0.7238,0.7273,130050.05
1753783200000,0.7276,0.7284,0.7104,0.7117,200502.861
1753786800000,0.7114,0.7192,0.7104,0.7173,180972.498
1753790400000,0.7175,0.7275,0.7159,0.7219,148103.794
1753794000000,0.7216,0.7255,0.7117,0.7142,221574.06
1753797600000,0.7143,0.7147,0.7012,0.707,384479.324
1753801200000,0.707,0.7125,0.7029,0.7082,265166.579
1753804800000,0.7085,0.7141,0.7022,0.7129,161836.722
1753808400000,0.713,0.7181,0.7094,0.7105,129468.772
1753812000000,0.7104,0.7133,0.7076,0.7092,97312.207
1753815600000,0.7093,0.7124,0.701,0.7015,164572.086
1753819200000,0.7016,0.7032,0.6888,0.6936,232134.544
1753822800000,0.6938,0.7084,0.6914,0.7049,85436.56
1753826400000,0.7047,0.7084,0.6995,0.7078,117559.386
1753830000000,0.7079,0.7101,0.7041,0.7093,85731.483
1753833600000,0.7093,0.7104,0.7035,0.7083,103547.888
1753837200000,0.7082,0.7147,0.699,0.7102,139068.753
1753840800000,0.7102,0.7141,0.7068,0.7104,132460.779
1753844400000,0.7102,0.7166,0.708,0.7093,75332.608
1753848000000,0.7093,0.717,0.7027,0.7032,468457.678
1753851600000,0.7032,0.7078,0.7006,0.7063,174494.213
1753855200000,0.7062,0.7072,0.7,0.7044,162087.656
1753858800000,0.7045,0.708,0.698,0.7008,142246.904
1753862400000,0.7007,0.7069,0.6958,0.7017,95305.675
1753866000000,0.7017,0.7033,0.6915,0.6924,153407.421
1753869600000,0.6924,0.6978,0.6854,0.6868,241021.522
1753873200000,0.6871,0.6907,0.6674,0.6714,510559.79
1753876800000,0.6716,0.6785,0.6674,0.6757,292901.181
1753880400000,0.6755,0.6786,0.6687,0.674,304653.845
1753884000000,0.6737,0.6917,0.6716,0.6911,290802.601
1753887600000,0.6914,0.6935,0.6841,0.6904,460809.832
1753891200000,0.6904,0.6949,0.6887,0.6914,139477.95
1753894800000,0.6916,0.6943,0.6895,0.6943,122585.148
1753898400000,0.6943,0.7002,0.675,0.6756,324034.966
1753902000000,0.6755,0.6906,0.6568,0.688,608956.087
1753905600000,0.6881,0.6955,0.6841,0.6871,167054.54
1753909200000,0.687,0.6908,0.6773,0.6817,116399.914
1753912800000,0.6816,0.6832,0.6761,0.6796,92403.116
1753916400000,0.6796,0.6882,0.6787,0.6864,104902.463
1753920000000,0.6862,0.6945,0.6844,0.6935,117570.99
1753923600000,0.6935,0.6974,0.689,0.6905,127100.855
1753927200000,0.6907,0.6972,0.6896,0.6957,97419.861
1753930800000,0.6957,0.6996,0.6957,0.6968,130893.78
1753934400000,0.697,0.7025,0.695,0.702,107360.924
1753938000000,0.702,0.7039,0.6985,0.6989,77274.255
1753941600000,0.6988,0.706,0.6965,0.7047,130900.818
1753945200000,0.7044,0.7058,0.7009,0.702,70670.194
1753948800000,0.702,0.7063,0.7009,0.7034,75058.379
1753952400000,0.7033,0.7077,0.7017,0.7061,56685.054
1753956000000,0.7059,0.7073,0.7019,0.7019,46441.24
1753959600000,0.7018,0.7029,0.6954,0.6986,82125.912
1753963200000,0.6987,0.6993,0.6917,0.6952,115238.467
1753966800000,0.6951,0.6951,0.6827,0.6874,109287.205
1753970400000,0.6877,0.6887,0.674,0.6781,87834.816
1753974000000,0.6781,0.6877,0.6774,0.6865,54560.933
1753977600000,0.6863,0.7003,0.6841,0.6946,66917.322
1753981200000,0.6949,0.695,0.6845,0.6861,78603.834
1753984800000,0.6865,0.6895,0.6779,0.6845,138761.137
1753988400000,0.6846,0.6889,0.6757,0.6774,279276.767
1753992000000,0.6774,0.6802,0.6727,0.6762,67705.591
1753995600000,0.676,0.6801,0.6681,0.6751,77731.211
1753999200000,0.675,0.6752,0.6659,0.669,77315.027
1754002800000,0.6689,0.6749,0.6638,0.6699,221695.351
1754006400000,0.6701,0.6745,0.6533,0.6688,417705.103
1754010000000,0.6688,0.6735,0.6614,0.6684,337633.811
1754013600000,0.6681,0.674,0.6657,0.6708,184132.052
1754017200000,0.6709,0.6739,0.6676,0.6693,158716.497
1754020800000,0.6694,0.6694,0.6615,0.6632,214949.825
1754024400000,0.6633,0.6675,0.659,0.6616,131400.612
1754028000000,0.6616,0.6626,0.6514,0.6573,93260.38
1754031600000,0.6577,0.6609,0.6529,0.6595,213649.237
1754035200000,0.6594,0.6594,0.6388,0.6487,436270.267
1754038800000,0.6485,0.6571,0.6483,0.6515,199012.737
1754042400000,0.6511,0.6563,0.6509,0.6542,216260.055
1754046000000,0.6544,0.6586,0.6503,0.6576,192129.463
1754049600000,0.6577,0.666,0.6546,0.6628,341238.002
1754053200000,0.6629,0.6656,0.6385,0.6457,498511.337
1754056800000,0.6453,0.6654,0.6403,0.662,224299.746
1754060400000,0.6624,0.6628,0.6503,0.6579,256629.974
1754064000000,0.6576,0.6617,0.646,0.648,120344.593
1754067600000,0.6476,0.6511,0.6386,0.6409,149478.386
1754071200000,0.6413,0.6454,0.6329,0.6389,169984.067
1754074800000,0.6386,0.6475,0.6365,0.6464,161985.193
1754078400000,0.6463,0.6493,0.6285,0.6398,143349.383
1754082000000,0.6403,0.6468,0.6388,0.641,91216.603
1754085600000,0.6414,0.6415,0.6207,0.6299,394212.775
1754089200000,0.6298,0.6397,0.6286,0.637,107671.229
1754092800000,0.6368,0.6423,0.6351,0.6419,60261.409
1754096400000,0.6418,0.6436,0.6372,0.6419,127890.261
1754100000000,0.6417,0.6428,0.6391,0.6419,113967.778
1754103600000,0.642,0.6437,0.6399,0.6419,100655.901
1754107200000,0.6418,0.6441,0.6379,0.6431,78233.887
1754110800000,0.643,0.6432,0.6394,0.6397,60494.592
1754114400000,0.6397,0.6404,0.6234,0.6268,225426.846
1754118000000,0.6267,0.6377,0.622,0.6369,164951.908
1754121600000,0.6369,0.6382,0.6281,0.6287,199041.143
1754125200000,0.6284,0.6337,0.6284,0.6326,141777.465
1754128800000,0.6326,0.6341,0.6237,0.6282,219662.884
1754132400000,0.6283,0.6337,0.6237,0.6295,212498.056
1754136000000,0.6293,0.6294,0.6222,0.6281,81155.34
1754139600000,0.6281,0.6299,0.6226,0.6278,99595.418
1754143200000,0.6279,0.6296,0.6146,0.6172,271040.591
1754146800000,0.6171,0.6257,0.6136,0.6165,179832.815
1754150400000,0.6166,0.6231,0.6108,0.6211,151888.223
1754154000000,0.6211,0.6253,0.6086,0.6114,129626.151
1754157600000,0.6116,0.6152,0.6028,0.6064,196869.143
1754161200000,0.6066,0.6186,0.6038,0.6115,97077.838
1754164800000,0.6114,0.6176,0.6109,0.6176,55363.84
1754168400000,0.6176,0.6209,0.6122,0.6153,59483.729
1754172000000,0.6149,0.62,0.6117,0.6183,136415.432
1754175600000,0.6182,0.6189,0.6096,0.6157,50091.345
1754179200000,0.6156,0.6206,0.6069,0.6201,71355.244
1754182800000,0.6202,0.6218,0.6168,0.6204,114739.016
1754186400000,0.6205,0.6255,0.6205,0.6255,85836.437
1754190000000,0.6254,0.6269,0.6233,0.6263,81715.771
1754193600000,0.6263,0.6264,0.6215,0.6238,130580.995
1754197200000,0.624,0.6257,0.6231,0.6239,72341.536
1754200800000,0.6238,0.6245,0.6217,0.6233,38409.028
1754204400000,0.6234,0.6251,0.6227,0.6239,63875.346
1754208000000,0.6239,0.6258,0.6227,0.625,102545.641
1754211600000,0.6249,0.6279,0.6243,0.6277,58283.538
1754215200000,0.6276,0.6327,0.6274,0.6315,57849.163
1754218800000,0.6316,0.6353,0.6308,0.6313,128098.216
1754222400000,0.6313,0.6338,0.6286,0.6331,109737.313
1754226000000,0.6329,0.6343,0.6289,0.6299,63803.323
1754229600000,0.63,0.6314,0.6263,0.6303,89089.312
1754233200000,0.6303,0.6334,0.6287,0.6328,92251.166
1754236800000,0.6328,0.6337,0.6296,0.6335,70044.671
1754240400000,0.6333,0.6355,0.6303,0.6327,88467.459
1754244000000,0.6329,0.6352,0.6306,0.6346,74409.492
1754247600000,0.6347,0.638,0.6331,0.6341,68382.301
1754251200000,0.6342,0.6364,0.6319,0.6359,65867.324
1754254800000,0.6357,0.6381,0.6351,0.6371,38586.028
1754258400000,0.6372,0.6391,0.633,0.6348,47710.803
1754262000000,0.6348,0.6387,0.6341,0.6351,55485.95
1754265600000,0.6355,0.6474,0.6345,0.647,119731.528
1754269200000,0.647,0.649,0.6408,0.6423,103144.491
1754272800000,0.6426,0.6478,0.6398,0.6478,82489.643
1754276400000,0.6477,0.6488,0.6439,0.6452,90851.283
1754280000000,0.6455,0.65,0.6442,0.6449,64762.158
1754283600000,0.6448,0.6495,0.6429,0.6493,109332.916
1754287200000,0.6492,0.6515,0.6454,0.6512,195055.347
1754290800000,0.6511,0.6525,0.6479,0.6498,74337.517
1754294400000,0.6497,0.6529,0.6468,0.6476,126579.717
1754298000000,0.6475,0.6488,0.6439,0.6445,108535.244
1754301600000,0.6447,0.6458,0.6422,0.6425,80626.064
1754305200000,0.6424,0.6427,0.6386,0.6405,129038.704
1754308800000,0.6408,0.6466,0.6401,0.6454,75435.57
1754312400000,0.6454,0.6537,0.6424,0.6529,98784.57
1754316000000,0.6529,0.659,0.6508,0.6514,182337.173
1754319600000,0.6515,0.6567,0.6509,0.6547,74976.352
1754323200000,0.6547,0.6613,0.6541,0.6612,89683.174
1754326800000,0.6612,0.6665,0.6585,0.6607,146509.716
1754330400000,0.6607,0.662,0.6572,0.6594,53499.86
1754334000000,0.6594,0.6602,0.6551,0.6565,33377.027
1754337600000,0.6567,0.6623,0.6564,0.6615,37446.999
1754341200000,0.6613,0.6669,0.6607,0.6645,46447.437
1754344800000,0.6646,0.669,0.6646,0.6683,49488.421
1754348400000,0.6681,0.6692,0.6661,0.6665,30664.347
1754352000000,0.6669,0.6673,0.6619,0.6627,45827.52
1754355600000,0.6628,0.6646,0.6594,0.6601,87759.008
1754359200000,0.6604,0.6641,0.6592,0.6633,48643.031
1754362800000,0.6632,0.6632,0.6551,0.6568,146327.9
1754366400000,0.6569,0.6588,0.6524,0.6546,109078.25
1754370000000,0.6544,0.6578,0.6506,0.6541,61822.243
1754373600000,0.6543,0.6555,0.6471,0.6487,85066.105
1754377200000,0.6486,0.6512,0.6422,0.6426,143497.052
1754380800000,0.6426,0.6505,0.6412,0.6505,63372.534
1754384400000,0.6505,0.6584,0.6501,0.6574,142195.31
1756908000000,0.6206,0.6283,0.6201,0.6265,135534.355
1756911600000,0.6265,0.6272,0.6233,0.6262,128417.677
1756915200000,0.6262,0.6278,0.6215,0.6218,113436.529
1756918800000,0.6219,0.627,0.6219,0.6244,122798.54
1756922400000,0.6244,0.6258,0.6216,0.6229,162599.071
1756926000000,0.623,0.6252,0.6211,0.6246,113461.283
1756929600000,0.6246,0.625,0.6216,0.6228,111811.609
1756933200000,0.623,0.6239,0.6204,0.6227,40292.575
1756936800000,0.6226,0.6248,0.6203,0.6217,41178.774
1756940400000,0.6217,0.6218,0.6185,0.6195,43051.283
1756944000000,0.6196,0.6224,0.6195,0.6212,38868.771
1756947600000,0.6212,0.6215,0.6185,0.6196,61936.625
1756951200000,0.6197,0.6199,0.6147,0.6148,54319.484
1756954800000,0.6147,0.6153,0.6105,0.6114,115943.393
1756958400000,0.6115,0.6137,0.6102,0.6108,76818.636
1756962000000,0.6107,0.6107,0.6045,0.606,73102.811
1756965600000,0.606,0.6063,0.6014,0.6025,87629.702
1756969200000,0.6025,0.6062,0.6024,0.6052,54171.208
1756972800000,0.6051,0.6081,0.6033,0.6034,64209.686
1756976400000,0.6034,0.6048,0.6026,0.6045,54351.003
1756980000000,0.6045,0.6071,0.6031,0.604,87652.689
1756983600000,0.6041,0.6074,0.6031,0.6047,105513.865
1756987200000,0.6046,0.6076,0.6026,0.6064,75883.134
1756990800000,0.6064,0.6071,0.601,0.6024,108108.542
1756994400000,0.6023,0.6032,0.5978,0.6001,91459.661
1756998000000,0.6002,0.6006,0.5937,0.5942,97295.425
1757001600000,0.594,0.5952,0.5903,0.5922,59735.442
1757005200000,0.5924,0.5955,0.5917,0.5931,38165.666
1757008800000,0.593,0.5946,0.5894,0.5922,54649.393
1757012400000,0.5921,0.5943,0.5911,0.5913,35021.64
1757016000000,0.5913,0.5956,0.5909,0.5938,55122.847
1757019600000,0.5938,0.5969,0.5932,0.5966,11003.919
1757023200000,0.5968,0.6008,0.5963,0.6004,26264.948
1757026800000,0.6003,0.6015,0.593,0.5933,58723.753
1757030400000,0.5934,0.5976,0.5934,0.5958,44876.398
1757034000000,0.5957,0.6017,0.5944,0.6007,66750.625
1757037600000,0.6005,0.6016,0.5981,0.6011,66634.418
1757041200000,0.6012,0.6013,0.5982,0.6011,51474.105
1757044800000,0.6011,0.6018,0.5997,0.6018,65335.7
1757048400000,0.6016,0.6033,0.6014,0.6025,38428.513
1757052000000,0.6025,0.6039,0.6008,0.6033,95004.786
1757055600000,0.6034,0.6164,0.6034,0.6151,110207.569
1757059200000,0.615,0.6154,0.6094,0.6106,35360.276
1757062800000,0.6106,0.6106,0.6055,0.6086,58523.893
1757066400000,0.6086,0.6112,0.6083,0.6086,37446.691
1757070000000,0.6086,0.6109,0.6075,0.6109,51770.344
1757073600000,0.6109,0.6193,0.6093,0.6189,319838.074
1757077200000,0.6188,0.6214,0.6168,0.6202,185588.214
1757080800000,0.6203,0.6204,0.6006,0.6028,262293.993
1757084400000,0.6026,0.6088,0.6017,0.6064,150075.165
1757088000000,0.6061,0.6084,0.6041,0.6082,92890.174
1757091600000,0.6083,0.6084,0.603,0.6056,64466.968
1757095200000,0.6056,0.6113,0.6043,0.61,47353.449
1757098800000,0.6097,0.6126,0.609,0.6125,26249.562
1757102400000,0.6127,0.6145,0.6108,0.6139,32891.547
1757106000000,0.6139,0.6139,0.6082,0.61,94885.039
1757109600000,0.6103,0.6129,0.6093,0.6117,29073.336
1757113200000,0.6116,0.6129,0.6098,0.6105,35202.298
1757116800000,0.6105,0.6133,0.6094,0.6124,25503.132
1757120400000,0.6124,0.6129,0.6112,0.6123,34548.702
1757124000000,0.6123,0.6131,0.6097,0.6126,39461.749
1757127600000,0.6126,0.6141,0.6109,0.6118,65062.974
1757131200000,0.6117,0.6117,0.6076,0.6089,63286.546
1757134800000,0.609,0.609,0.6055,0.6055,65578.56
1757138400000,0.6058,0.6073,0.6055,0.6063,38162.297
1757142000000,0.6063,0.6065,0.6051,0.6062,19066.514
1757145600000,0.6061,0.6065,0.6034,0.6034,42186.985
1757149200000,0.6033,0.6033,0.6011,0.6014,53731.42
1757152800000,0.6013,0.6035,0.6003,0.6035,35646.146
1757156400000,0.6035,0.6035,0.6006,0.6024,27572.474
1757160000000,0.6024,0.6035,0.6004,0.6013,37129.344
1757163600000,0.6013,0.6026,0.6006,0.6026,49979.533
1757167200000,0.6025,0.6054,0.6024,0.6045,53386.787
1757170800000,0.6043,0.6043,0.5988,0.5994,59405.424
1757174400000,0.5992,0.6038,0.5974,0.6031,121486.783
1757178000000,0.603,0.6041,0.6002,0.6013,71842.803
1757181600000,0.6014,0.6041,0.6007,0.6031,55452.714
1757185200000,0.6032,0.6032,0.5983,0.5991,90379.742
1757188800000,0.5992,0.6036,0.5992,0.6034,34018.229
1757192400000,0.6033,0.6046,0.6021,0.6046,23654.859
1757196000000,0.6045,0.6058,0.6011,0.6017,69562.801
1757199600000,0.6017,0.6051,0.6007,0.6035,51810.86
1757203200000,0.6037,0.6067,0.6027,0.6065,48580.205
1757206800000,0.6064,0.6116,0.6058,0.6113,65858.113
1757210400000,0.6112,0.6136,0.6107,0.6134,41182.152
1757214000000,0.6134,0.6153,0.6122,0.6135,125988.433
1757217600000,0.6138,0.6189,0.6125,0.6188,113112.027
1757221200000,0.6189,0.6256,0.6171,0.6242,243957.483
1757224800000,0.6243,0.6255,0.618,0.6182,168005.198
1757228400000,0.6182,0.6199,0.6156,0.6167,111297.807
1757232000000,0.6168,0.6219,0.6168,0.6205,106537.897
1757235600000,0.6205,0.6207,0.6166,0.6178,87799.567
1757239200000,0.6179,0.6206,0.6179,0.6194,103007.984
1757242800000,0.6197,0.6269,0.6194,0.6263,112880.399
1757246400000,0.6263,0.6287,0.6242,0.6283,166557.42
1757250000000,0.6284,0.6358,0.6284,0.6357,255819.534
1757253600000,0.6357,0.636,0.6285,0.6317,184914.899
1757257200000,0.6317,0.6339,0.6277,0.6306,107170.407
1757260800000,0.6305,0.6308,0.6253,0.6265,92332.594
1757264400000,0.6268,0.6276,0.6235,0.6235,100289.256
1757268000000,0.6237,0.626,0.6226,0.6251,78912.904
1757271600000,0.6247,0.6277,0.6246,0.6255,27954.397
1757275200000,0.6256,0.6275,0.6243,0.6272,86160.995
1757278800000,0.6271,0.6274,0.624,0.6242,35812.731
1757282400000,0.6242,0.6258,0.6235,0.6247,43646.389
1757286000000,0.6247,0.6289,0.6237,0.6248,72330.523
1757289600000,0.6249,0.6278,0.6238,0.6263,49764.473
1757293200000,0.6263,0.6301,0.6258,0.6291,128406.114
1757296800000,0.6291,0.6413,0.6284,0.6394,317861.621
1757300400000,0.6395,0.6461,0.6381,0.6436,289466.078
1757304000000,0.6432,0.6497,0.6357,0.6486,317814.561
1757307600000,0.6486,0.6571,0.6425,0.6446,684585.049
1757311200000,0.6446,0.6472,0.6408,0.6422,239481.292
1757314800000,0.6422,0.6428,0.6392,0.6408,149028.417
1757318400000,0.6409,0.6452,0.6395,0.6424,284041.798
1757322000000,0.6424,0.649,0.6406,0.6477,183544.612
1757325600000,0.6476,0.6516,0.6459,0.6463,219837.398
1757329200000,0.6462,0.6466,0.6408,0.6446,182839.533
1757332800000,0.6446,0.6472,0.6406,0.6437,86002.633
1757336400000,0.6437,0.646,0.6382,0.6382,151827.609
1757340000000,0.6384,0.6547,0.6366,0.6532,344765.163
1757343600000,0.6533,0.6614,0.6533,0.6571,387788.745
1757347200000,0.6569,0.6581,0.6501,0.6534,238283.193
1757350800000,0.6534,0.6576,0.649,0.6504,103651.788
1757354400000,0.6504,0.6523,0.6481,0.6516,152485.889
1757358000000,0.6514,0.6516,0.6456,0.6473,73751.578
1757361600000,0.6474,0.6494,0.6426,0.6456,57480.431
1757365200000,0.6453,0.6516,0.6435,0.6509,45463.088
1757368800000,0.6511,0.6519,0.6481,0.6499,71065.992
1757372400000,0.6497,0.6506,0.6466,0.6495,71552.138
1757376000000,0.6498,0.6641,0.6498,0.6588,385341.376
1757379600000,0.6586,0.6652,0.6538,0.6574,430843.705
1757383200000,0.6575,0.6575,0.6438,0.6467,604223.474
1757386800000,0.6466,0.6557,0.6449,0.6553,143015.956
1757390400000,0.6552,0.6596,0.6517,0.6589,254274.439
1757394000000,0.659,0.6596,0.6539,0.6583,216332.988
1757397600000,0.6579,0.6832,0.6571,0.6789,356498.864
1757401200000,0.6791,0.6834,0.6694,0.6717,568366.942
1757404800000,0.6718,0.6747,0.6701,0.6727,421671.935
1757408400000,0.6728,0.6774,0.6701,0.6755,267749.038
1757412000000,0.6755,0.6848,0.6707,0.6711,497275.822
1757415600000,0.6711,0.6769,0.6696,0.67,336452.958
1757419200000,0.67,0.6751,0.66,0.6616,380494.758
1757422800000,0.6615,0.6657,0.6585,0.6625,266025.404
1757426400000,0.6628,0.6644,0.6484,0.6523,376861.056
1757430000000,0.6521,0.6535,0.6436,0.6462,272374.036
1757433600000,0.6463,0.6478,0.639,0.6446,414839.091
1757437200000,0.6445,0.6488,0.6403,0.6409,178686.026
1757440800000,0.641,0.644,0.639,0.6426,122352.698
1757444400000,0.6427,0.6475,0.6414,0.6444,92434.179
1757448000000,0.6446,0.6457,0.6402,0.6431,97767.628
1757451600000,0.643,0.6459,0.6403,0.6405,136292.826
1757455200000,0.6405,0.6433,0.6394,0.6432,73516.296
1757458800000,0.6433,0.6464,0.6408,0.6448,110157.913
1757462400000,0.6448,0.6462,0.6381,0.6393,164369.326
1757466000000,0.6393,0.6504,0.6388,0.6454,207835.144
1757469600000,0.6454,0.6548,0.645,0.6527,260792.203
1757473200000,0.6526,0.6527,0.6487,0.6511,512619.858
1757476800000,0.651,0.6516,0.6466,0.649,348625.735
1757480400000,0.6488,0.6498,0.6436,0.6465,367756.67
1757484000000,0.6464,0.6488,0.643,0.6467,350068.707
1757487600000,0.6467,0.6508,0.6459,0.6481,372404.792
1757491200000,0.648,0.6497,0.646,0.6468,338456.41
1757494800000,0.6468,0.6497,0.6447,0.6467,399865.836
1757498400000,0.6468,0.6473,0.642,0.6437,282917.291
1757502000000,0.6437,0.6448,0.6402,0.6445,234819.121
1757505600000,0.6448,0.6557,0.6448,0.655,653892.369
1757509200000,0.6553,0.6623,0.6544,0.6587,694823.671
1757512800000,0.6592,0.6616,0.6536,0.6557,422561.366
1757516400000,0.6558,0.6591,0.6544,0.6566,310275.7
1757520000000,0.6567,0.6594,0.6505,0.6594,226413.248
1757523600000,0.6595,0.6613,0.6518,0.6538,244047.015
1757527200000,0.6538,0.6548,0.6486,0.6525,150001.157
1757530800000,0.6525,0.6529,0.6429,0.6458,164332.692
1757534400000,0.6457,0.6518,0.6456,0.6505,106988.948
1757538000000,0.6506,0.6553,0.6499,0.6546,68479.808
1757541600000,0.6547,0.657,0.6537,0.6563,57953.285
1757545200000,0.6566,0.6577,0.6548,0.6569,43533.519
1757548800000,0.6568,0.6596,0.6554,0.6587,173667.27
1757552400000,0.6587,0.6607,0.6576,0.6593,125463.111
1757556000000,0.6593,0.6608,0.6584,0.6586,293104.081
1757559600000,0.6586,0.6648,0.6576,0.6634,387219.691
1757563200000,0.6636,0.6637,0.6604,0.6621,319842.143
1757566800000,0.6623,0.6625,0.6573,0.6609,387424.641
1757570400000,0.6608,0.6634,0.6586,0.6625,252746.411
1757574000000,0.6627,0.6653,0.6612,0.6636,327097.055
1757577600000,0.6635,0.6662,0.6608,0.6614,339652.851
1757581200000,0.6615,0.6615,0.6573,0.6604,363489.062
1757584800000,0.6604,0.6618,0.6588,0.6605,350911.425
1757588400000,0.6605,0.6641,0.6573,0.6575,249665.829
1757592000000,0.6577,0.6677,0.6513,0.6592,611783.208
1757595600000,0.6594,0.6641,0.6525,0.6636,209881.333
1757599200000,0.6637,0.6643,0.6554,0.6599,98744.458
1757602800000,0.6599,0.6613,0.6567,0.6584,86750.716
1757606400000,0.6585,0.6631,0.6579,0.66,133908.988
1757610000000,0.66,0.6633,0.6592,0.663,68898.374
1757613600000,0.6629,0.6636,0.66,0.6616,70774.404
1757617200000,0.6615,0.6659,0.6608,0.664,52044.331
1757620800000,0.6644,0.6676,0.6629,0.6646,117172.115
1757624400000,0.6646,0.6686,0.6642,0.6679,409490.382
1757628000000,0.668,0.6708,0.6662,0.6698,105948.029
1757631600000,0.6696,0.6716,0.6687,0.67,57892.794
1757635200000,0.6702,0.6788,0.6693,0.6737,119289.134
1757638800000,0.6737,0.676,0.6692,0.6692,214969.769
1757642400000,0.6692,0.6726,0.6689,0.6702,210553.892
1757646000000,0.6704,0.6705,0.6665,0.6693,202102.485
1757649600000,0.6692,0.673,0.6675,0.6716,315097.21
1757653200000,0.6716,0.6756,0.6707,0.6748,349772.518
1757656800000,0.6746,0.6765,0.6726,0.6734,390732.317
1757660400000,0.6733,0.6752,0.6705,0.6707,67711.099
1757664000000,0.6709,0.6712,0.6665,0.6666,82062.654
1757667600000,0.6668,0.6674,0.6648,0.6656,66100.799
1757671200000,0.6655,0.6656,0.6623,0.6654,143607.195
1757674800000,0.6653,0.6672,0.6615,0.6619,90411.28
1757678400000,0.6619,0.6657,0.6593,0.6656,102798.344
1757682000000,0.6655,0.6685,0.6645,0.6678,68313.7
1757685600000,0.6677,0.6714,0.6652,0.6686,123450.044
1757689200000,0.6685,0.6693,0.6628,0.6667,93017.274
1757692800000,0.6667,0.674,0.6665,0.6737,104371.555
1757696400000,0.6738,0.6775,0.6717,0.6757,121695.265
1757700000000,0.6758,0.6802,0.6755,0.6794,179694.194
1757703600000,0.6795,0.6842,0.6766,0.6835,118438.559
1757707200000,0.6833,0.6833,0.6776,0.6812,164591.701
1757710800000,0.6813,0.6814,0.676,0.6775,188400.597
1757714400000,0.6775,0.683,0.6775,0.6801,182645.866
1757718000000,0.6801,0.6818,0.6773,0.6814,65702.412
1757721600000,0.6815,0.683,0.6791,0.6828,53231.166
1757725200000,0.6829,0.6861,0.6787,0.6792,341524.733
1757728800000,0.6791,0.6805,0.6776,0.6793,344348.257
1757732400000,0.6793,0.6842,0.6792,0.6837,329596.269
1757736000000,0.6837,0.6846,0.6818,0.6821,245060.537
1757739600000,0.6821,0.6825,0.6798,0.6816,273912.889
1757743200000,0.6816,0.6856,0.6816,0.6832,245421.672
1757746800000,0.6832,0.6834,0.6802,0.6802,116754.576
1757750400000,0.6803,0.6866,0.6801,0.6866,84371.474
1757754000000,0.6866,0.694,0.686,0.6935,361616.436
1757757600000,0.6935,0.698,0.6913,0.6936,293975.019
1757761200000,0.6935,0.6979,0.6878,0.6972,147518.093
1757764800000,0.6971,0.698,0.6926,0.6965,193773.904
1757768400000,0.6964,0.6965,0.6815,0.6877,217548.315
1757772000000,0.6874,0.6908,0.6817,0.6893,398782.407
1757775600000,0.6892,0.692,0.6837,0.6854,173600.075
1757779200000,0.6855,0.6881,0.6792,0.6813,141902.753
1757782800000,0.6813,0.682,0.6742,0.6813,157968.322
1757786400000,0.6813,0.6823,0.6777,0.6819,71957.507
1757790000000,0.6818,0.6831,0.6805,0.6826,127235.701
1757793600000,0.6825,0.6872,0.6825,0.6845,100345.493
1757797200000,0.6844,0.6876,0.684,0.6851,36592.023
1757800800000,0.6852,0.6866,0.6831,0.6844,22950.217
1757804400000,0.6844,0.6871,0.6842,0.6868,61811.23
1757808000000,0.6867,0.688,0.6797,0.6815,73488.493
1757811600000,0.6813,0.6826,0.6751,0.6826,81347.33
1757815200000,0.6826,0.6862,0.6797,0.6825,368924.704
1757818800000,0.6825,0.6828,0.6722,0.6736,432122.64
1757822400000,0.6737,0.676,0.6685,0.6746,356770.038
1757826000000,0.6747,0.6793,0.6745,0.6789,55182.396
1757829600000,0.6789,0.6807,0.6725,0.675,78004.241
1757833200000,0.6751,0.6772,0.672,0.6738,72610.274
1757836800000,0.6737,0.6738,0.6704,0.6715,72103.898
1757840400000,0.6714,0.6754,0.6701,0.6748,108691.123
1757844000000,0.6747,0.6752,0.6724,0.6733,61827.198
1757847600000,0.6733,0.6742,0.6609,0.6624,143862.477
1757851200000,0.6625,0.6652,0.657,0.6602,208507.26
1757854800000,0.6602,0.6616,0.6539,0.6571,147396.691
1757858400000,0.6572,0.6613,0.6516,0.6554,146851.563
1757862000000,0.6554,0.6571,0.651,0.6547,230120.334
1757865600000,0.6547,0.6611,0.654,0.6599,67532.143
1757869200000,0.6597,0.665,0.6586,0.6629,73641.441
1757872800000,0.6627,0.6628,0.6574,0.6584,77785.462
1757876400000,0.6584,0.6613,0.6566,0.6588,80696.775
1757880000000,0.6588,0.6622,0.6587,0.6598,62643.695
1757883600000,0.6596,0.6649,0.6567,0.6631,68440.109
1757887200000,0.6633,0.6668,0.6604,0.6652,71223.257
1757890800000,0.6652,0.6652,0.6568,0.6591,136467.759
1757894400000,0.659,0.6643,0.6583,0.6615,90004.401
1757898000000,0.6614,0.6644,0.6543,0.6619,338870.831
1757901600000,0.6618,0.6655,0.6604,0.661,65670.354
1757905200000,0.6609,0.6654,0.6606,0.6649,49940.647
1757908800000,0.6649,0.6678,0.6634,0.6653,156508.596
1757912400000,0.6653,0.6712,0.6643,0.6705,101003.897
1757916000000,0.6703,0.6703,0.6568,0.6597,444085.933
1757919600000,0.6595,0.6642,0.6511,0.6518,567419.107
1757923200000,0.6514,0.6514,0.6351,0.6355,696053.976
1757926800000,0.6353,0.6438,0.6347,0.6419,164105.911
1757930400000,0.6417,0.6418,0.6362,0.6373,78892.195
1757934000000,0.6372,0.6397,0.6358,0.6389,242906.489
1757937600000,0.6389,0.6406,0.6342,0.6348,567824.569
1757941200000,0.6348,0.6402,0.6336,0.637,120015.939
1757944800000,0.6368,0.6405,0.6312,0.6349,107567.894
1757948400000,0.6349,0.6378,0.6298,0.6346,123019.9
1757952000000,0.6345,0.6354,0.6288,0.63,137356.85
1757955600000,0.6299,0.6361,0.6289,0.6361,83496.022
1757959200000,0.6359,0.6363,0.633,0.6343,66909.847
1757962800000,0.6343,0.6363,0.6314,0.6348,53047.286
1757966400000,0.6347,0.6378,0.633,0.6374,90952.132
1757970000000,0.6373,0.6389,0.6361,0.6389,24655.325
1757973600000,0.6389,0.6392,0.6359,0.6373,46573.34
1757977200000,0.6372,0.6398,0.6366,0.6393,59284.969
1757980800000,0.6393,0.6393,0.6363,0.6382,43104.975
1757984400000,0.6382,0.6406,0.6348,0.6349,116958.389
1760508000000,0.3212,0.3212,0.3109,0.3162,660621.938
1760511600000,0.3159,0.3187,0.3118,0.3181,444868.032
1760515200000,0.3175,0.3222,0.3157,0.3161,495883.085
1760518800000,0.3159,0.3164,0.3128,0.3143,279665.367
1760522400000,0.3143,0.3151,0.3125,0.3128,220525.363
1760526000000,0.3125,0.317,0.3114,0.3154,334383.222
1760529600000,0.3151,0.3157,0.3084,0.311,891993.481
1760533200000,0.3108,0.3116,0.3005,0.3081,1131077.692
1760536800000,0.3081,0.3139,0.3048,0.3062,358451.617
1760540400000,0.3059,0.3086,0.301,0.3025,455434.754
1760544000000,0.3028,0.3032,0.2973,0.3013,467124.18
1760547600000,0.3013,0.3069,0.2995,0.305,420614.266
1760551200000,0.3051,0.3051,0.3007,0.3032,198744.722
1760554800000,0.3032,0.3033,0.2975,0.2989,220171.901
1760558400000,0.2991,0.3004,0.2882,0.2915,834823.745
1760562000000,0.2916,0.2951,0.2889,0.2912,685659.648
1760565600000,0.2912,0.2955,0.2871,0.2885,389226.985
1760569200000,0.2883,0.2918,0.2875,0.2905,279228.999
1760572800000,0.2911,0.2946,0.2906,0.2922,256499.812
1760576400000,0.2921,0.296,0.2919,0.2954,252795.868
1760580000000,0.2953,0.298,0.2937,0.2952,258958.761
1760583600000,0.2954,0.2954,0.2907,0.2913,284769.472
1760587200000,0.2913,0.2984,0.2912,0.2948,218537.426
1760590800000,0.2948,0.2958,0.292,0.294,228399.946
1760594400000,0.294,0.297,0.2932,0.2963,228135.589
1760598000000,0.2963,0.2968,0.291,0.2916,162779.778
1760601600000,0.2917,0.2924,0.2886,0.2903,224607.588
1760605200000,0.2903,0.2953,0.2815,0.2935,1295127.448
1760608800000,0.2934,0.2973,0.293,0.2958,255428.777
1760612400000,0.2959,0.2969,0.2912,0.2927,180019.465
1760616000000,0.2927,0.2991,0.2927,0.2929,695510.814
1760619600000,0.2929,0.2954,0.291,0.2924,414093.922
1760623200000,0.2922,0.2924,0.287,0.2877,441890.363
1760626800000,0.2878,0.2884,0.2755,0.2775,1264260.813
1760630400000,0.2782,0.285,0.2713,0.285,851123.496
1760634000000,0.2848,0.2865,0.2798,0.2803,612767.17
1760637600000,0.2803,0.2811,0.2766,0.2792,505543.65
1760641200000,0.2794,0.2794,0.2711,0.2739,308445.404
1760644800000,0.2739,0.2753,0.2691,0.271,238801.435
1760648400000,0.2711,0.2762,0.2701,0.2762,182024.927
1760652000000,0.2762,0.2765,0.2708,0.2708,116136.074
1760655600000,0.2707,0.2754,0.2705,0.2735,270869.84
1760659200000,0.2735,0.2753,0.2726,0.2746,217047.183
1760662800000,0.275,0.2779,0.2746,0.2758,123473.63
1760666400000,0.2759,0.2772,0.2736,0.2763,128969.786
1760670000000,0.2764,0.2775,0.2756,0.277,123568.619
1760673600000,0.277,0.2785,0.2763,0.2771,156988.043
1760677200000,0.2771,0.278,0.2742,0.2745,111316.879
1760680800000,0.2748,0.2766,0.2632,0.2648,768831.61
1760684400000,0.2649,0.2655,0.2577,0.2586,582225.564
1760688000000,0.259,0.2603,0.2532,0.2585,572734.141
1760691600000,0.2587,0.27,0.2586,0.2646,424951.657
1760695200000,0.2646,0.2686,0.2609,0.2664,452785.116
1760698800000,0.2666,0.2739,0.2664,0.2691,356355.858
1760702400000,0.2691,0.2717,0.2671,0.2674,197976.301
1760706000000,0.2675,0.272,0.2658,0.2703,319771.474
1760709600000,0.2702,0.2714,0.2642,0.266,173416.769
1760713200000,0.266,0.2697,0.2648,0.2696,128192.752
1760716800000,0.2697,0.2733,0.2692,0.2708,391665.927
1760720400000,0.2708,0.2722,0.2691,0.2708,134443.054
1760724000000,0.2714,0.2723,0.2679,0.2683,90259.941
1760727600000,0.2685,0.2687,0.2653,0.2676,94167.548
1760731200000,0.2676,0.2705,0.2663,0.2696,106620.845
1760734800000,0.2696,0.2719,0.2696,0.2718,55159.552
1760738400000,0.272,0.2722,0.2683,0.2698,58121.583
1760742000000,0.2697,0.2697,0.2673,0.2686,75315.636
1760745600000,0.2687,0.2701,0.2668,0.2686,126913.636
1760749200000,0.2686,0.2727,0.2686,0.2708,387503.758
1760752800000,0.2707,0.2714,0.2656,0.2659,263905.33
1760756400000,0.2664,0.2676,0.2653,0.2661,189905.028
1760760000000,0.2661,0.2663,0.2619,0.2622,273326.07
1760763600000,0.2622,0.2633,0.2614,0.2624,223218.961
1760767200000,0.2624,0.263,0.26,0.2617,285752.136
1760770800000,0.2616,0.2664,0.2603,0.2608,342854.633
1760774400000,0.2609,0.2635,0.2606,0.2612,407758.655
1760778000000,0.2611,0.2636,0.2604,0.2629,184434.987
1760781600000,0.2628,0.2648,0.262,0.2636,214821.022
1760785200000,0.264,0.2668,0.2627,0.2642,333176.276
1760788800000,0.2644,0.2646,0.2606,0.2611,196587.591
1760792400000,0.2608,0.2609,0.2554,0.2559,343998.797
1760796000000,0.2558,0.2572,0.2542,0.2567,220456.011
1760799600000,0.2569,0.2589,0.2546,0.2555,190327.655
1760803200000,0.2554,0.2561,0.252,0.2551,395072.81
1760806800000,0.255,0.2602,0.2539,0.26,368043.037
1760810400000,0.26,0.2614,0.2584,0.2598,176306.894
1760814000000,0.2599,0.2614,0.2595,0.2598,128895.134
1760817600000,0.2603,0.263,0.2595,0.2612,230838.583
1760821200000,0.2611,0.2632,0.2598,0.2624,98971.274
1760824800000,0.2624,0.2644,0.2606,0.2615,224331.899
1760828400000,0.2616,0.2616,0.2596,0.2606,51820.731
1760832000000,0.2607,0.2609,0.2581,0.2589,81637.166
1760835600000,0.2588,0.2624,0.2578,0.2618,138120.598
1760839200000,0.2618,0.2618,0.2592,0.2602,162815.497
1760842800000,0.2601,0.2635,0.2594,0.2631,193989.381
1760846400000,0.2629,0.2633,0.2593,0.2597,60921.57
1760850000000,0.2598,0.2604,0.2575,0.2579,48195.083
1760853600000,0.2579,0.2583,0.2553,0.2566,84712.072
1760857200000,0.2566,0.2587,0.2554,0.2585,78793.998
1760860800000,0.2586,0.2612,0.2545,0.2559,463118.689
1760864400000,0.2558,0.2633,0.2545,0.2614,171671.944
1760868000000,0.2615,0.2671,0.2595,0.2659,239926.321
1760871600000,0.2661,0.2698,0.266,0.2663,252876.806
1760875200000,0.2663,0.2668,0.2637,0.2642,142915.843
1760878800000,0.2643,0.2741,0.2635,0.2731,411016.566
1760882400000,0.2732,0.2847,0.2701,0.2845,952543.905
1760886000000,0.2848,0.3077,0.279,0.2998,3462819.085
1760889600000,0.2998,0.3002,0.2835,0.2917,1921065.286
1760893200000,0.2917,0.2966,0.288,0.2957,745719.771
1760896800000,0.2955,0.2973,0.2904,0.2928,537667.056
1760900400000,0.2927,0.2976,0.2896,0.2949,619696.828
1760904000000,0.2948,0.2973,0.2912,0.2939,259574.002
1760907600000,0.294,0.294,0.2879,0.2899,229319.039
1760911200000,0.2897,0.2934,0.2893,0.2913,140491.199
1760914800000,0.2912,0.2929,0.2897,0.2901,159976.327
1760918400000,0.2901,0.2946,0.2843,0.2862,795396.829
1760922000000,0.2861,0.2882,0.2822,0.2833,417673.849
1760925600000,0.2832,0.2849,0.2812,0.2838,193714.147
1760929200000,0.2838,0.291,0.2826,0.2906,259901.135
1760932800000,0.2906,0.2939,0.2873,0.289,406853.037
1760936400000,0.2889,0.2923,0.2863,0.2917,287395.947
1760940000000,0.2916,0.3007,0.2904,0.2989,827269.138
1760943600000,0.2987,0.2998,0.2912,0.2932,820154.902
1760947200000,0.293,0.294,0.2897,0.2902,309092.615
1760950800000,0.2899,0.2899,0.2868,0.2872,508856.785
1760954400000,0.2873,0.2907,0.2858,0.2869,982968.533
1760958000000,0.2867,0.2875,0.2853,0.2866,262931.703
1760961600000,0.2868,0.2923,0.2856,0.2896,1162737.862
1760965200000,0.2896,0.2928,0.2885,0.2924,521172.991
1760968800000,0.2925,0.2927,0.2873,0.289,891226.469
1760972400000,0.289,0.2903,0.2837,0.2837,1388040.13
1760976000000,0.2836,0.2836,0.2774,0.2786,832621.495
1760979600000,0.2783,0.2802,0.2741,0.2765,616556.878
1760983200000,0.277,0.2792,0.2751,0.2773,150136.511
1760986800000,0.2772,0.2782,0.2755,0.277,125536.579
1760990400000,0.2767,0.2779,0.2755,0.2759,143728.795
1760994000000,0.2759,0.2773,0.2701,0.2704,437952.805
1760997600000,0.2702,0.2718,0.2687,0.27,231767.275
1761001200000,0.2699,0.2709,0.2692,0.2692,128629.031
1761004800000,0.2694,0.2699,0.2682,0.2685,158234.697
1761008400000,0.2685,0.269,0.2644,0.2659,394491.968
1761012000000,0.2661,0.2684,0.2644,0.2665,230405.839
1761015600000,0.2666,0.2667,0.2622,0.2627,285619.405
1761019200000,0.2626,0.264,0.2583,0.2594,460859.615
1761022800000,0.2594,0.261,0.2575,0.2591,265387.935
1761026400000,0.2591,0.2657,0.2587,0.2636,348779.356
1761030000000,0.2637,0.2638,0.2616,0.2628,166689.141
1761033600000,0.2625,0.2626,0.2595,0.2599,208755.963
1761037200000,0.2598,0.262,0.2586,0.26,163159.797
1761040800000,0.2601,0.264,0.259,0.2616,275078.38
1761044400000,0.2617,0.2637,0.2611,0.2618,97497.06
1761048000000,0.2619,0.2656,0.2612,0.2625,170066.185
1761051600000,0.2626,0.2632,0.2596,0.2611,198575.549
1761055200000,0.2614,0.2695,0.2605,0.2692,791512.907
1761058800000,0.2693,0.2726,0.2667,0.2693,569513.662
1761062400000,0.2693,0.2706,0.2602,0.2614,661256.332
1761066000000,0.2616,0.2635,0.258,0.2602,357147.152
1761069600000,0.2601,0.2614,0.2578,0.2592,248075.935
1761073200000,0.2591,0.2608,0.2555,0.2558,395864.097
1761076800000,0.2558,0.257,0.2514,0.253,635176.428
1761080400000,0.2526,0.2546,0.2467,0.25,443310.951
1761084000000,0.25,0.25,0.2446,0.2466,638475.669
1761087600000,0.2466,0.2492,0.2435,0.244,276915.241
1761091200000,0.2441,0.2465,0.2425,0.2443,256632.186
1761094800000,0.2443,0.2469,0.2433,0.2461,191274.562
1761098400000,0.2459,0.247,0.2456,0.2456,177467.803
1761102000000,0.2459,0.2466,0.2448,0.2465,190747.703
1761105600000,0.2464,0.2483,0.2463,0.2475,109530.644
1761109200000,0.2473,0.2486,0.2434,0.2484,205103.427
1761112800000,0.2481,0.249,0.2471,0.2477,193593.677
1761116400000,0.2478,0.248,0.2462,0.2478,241129.659
1761120000000,0.2475,0.2475,0.2434,0.2435,168683.438
1761123600000,0.2436,0.2443,0.2383,0.239,431859.252
1761127200000,0.2388,0.2398,0.2381,0.2388,260558.638
1761130800000,0.2386,0.244,0.237,0.2407,599407.439
1761134400000,0.2405,0.2422,0.2396,0.2422,217239.025
1761138000000,0.2419,0.2473,0.2414,0.2469,421140.789
1761141600000,0.2464,0.2465,0.2406,0.245,398195.846
1761145200000,0.245,0.2455,0.2395,0.2398,405932.36
1761148800000,0.2398,0.2434,0.2392,0.2408,642590.524
1761152400000,0.2409,0.241,0.2376,0.238,287105.781
1761156000000,0.2381,0.2385,0.2353,0.2362,481275.736
1761159600000,0.2364,0.24,0.2335,0.2367,413092.953
1761163200000,0.2364,0.2374,0.2335,0.2339,317570.089
1761166800000,0.2339,0.2343,0.225,0.2299,1885424.583
1761170400000,0.2298,0.2327,0.2297,0.2318,227728.536
1761174000000,0.2318,0.2369,0.2318,0.2362,178968.698
1761177600000,0.2363,0.2376,0.2353,0.237,204256.144
1761181200000,0.2371,0.2383,0.2352,0.2355,136373.118
1761184800000,0.2355,0.2368,0.2352,0.2354,101524.921
1761188400000,0.2354,0.2364,0.2337,0.2341,155486.901
1761192000000,0.2342,0.2351,0.2334,0.2337,66255.968
1761195600000,0.2337,0.2353,0.2337,0.2352,157460.38
1761199200000,0.2351,0.2395,0.235,0.2392,340248.162
1761202800000,0.2392,0.2392,0.2374,0.2385,95899.533
1761206400000,0.2385,0.2462,0.2384,0.2451,1422906.157
1761210000000,0.245,0.258,0.2436,0.2498,2406326.155
1761213600000,0.2497,0.2513,0.2472,0.2485,613918.848
1761217200000,0.2484,0.2511,0.2457,0.2465,415743.654
1761220800000,0.2462,0.2489,0.244,0.2463,535172.833
1761224400000,0.2463,0.2486,0.2456,0.2475,229070.247
1761228000000,0.2476,0.2481,0.245,0.2463,325780.874
1761231600000,0.2465,0.249,0.2459,0.2477,189593.106
1761235200000,0.2477,0.2539,0.2476,0.2535,356243.381
1761238800000,0.2539,0.2539,0.2509,0.252,418361.726
1761242400000,0.2521,0.2525,0.2488,0.2493,191041.362
1761246000000,0.2491,0.2501,0.2479,0.2499,68724.144
1761249600000,0.2498,0.2532,0.2485,0.2499,396499.636
1761253200000,0.2496,0.2511,0.248,0.25,172863.966
1761256800000,0.25,0.2526,0.2498,0.2512,282463.455
1761260400000,0.2511,0.2534,0.251,0.2514,154930.378
1761264000000,0.2519,0.2551,0.2511,0.2538,598262.359
1761267600000,0.2536,0.2546,0.2521,0.2532,104557.669
1761271200000,0.2531,0.2573,0.2529,0.2572,275069.825
1761274800000,0.2572,0.2581,0.2545,0.256,326149.519
1761278400000,0.2557,0.2671,0.2544,0.2663,926658.798
1761282000000,0.2663,0.2674,0.2629,0.264,1269113.295
1761285600000,0.2642,0.2688,0.2628,0.2687,613296.82
1761289200000,0.2688,0.2698,0.2621,0.2637,576910.191
1761292800000,0.264,0.2715,0.2625,0.2681,554643.755
1761296400000,0.2676,0.2686,0.26,0.262,1424928.745
1761300000000,0.262,0.2624,0.2585,0.2594,393219.998
1761303600000,0.2593,0.2605,0.2568,0.2598,327612.15
1761307200000,0.2598,0.2665,0.2592,0.263,969989.704
1761310800000,0.263,0.2659,0.2608,0.2657,400886.221
1761314400000,0.2654,0.2654,0.259,0.2618,642209.855
1761318000000,0.2618,0.2639,0.2589,0.2602,243856.036
1761321600000,0.26,0.261,0.2578,0.2606,256077.731
1761325200000,0.2607,0.265,0.2607,0.2625,216266.47
1761328800000,0.2625,0.2643,0.2619,0.2638,122190.299
1761332400000,0.2638,0.2727,0.2636,0.2689,732917.602
1761336000000,0.2693,0.2705,0.2671,0.2681,537531.774
1761339600000,0.2683,0.2693,0.2666,0.2667,139381.5
1761343200000,0.2668,0.267,0.2628,0.2647,296401.762
1761346800000,0.2648,0.2678,0.2648,0.2656,235845.409
1761350400000,0.2656,0.2661,0.2627,0.2629,165634.973
1761354000000,0.263,0.2639,0.2616,0.2625,197403.515
1761357600000,0.2624,0.2627,0.2607,0.2613,158272.895
1761361200000,0.2612,0.2628,0.2597,0.2622,160999.194
1761364800000,0.2622,0.2643,0.2618,0.2627,184566.968
1761368400000,0.2626,0.2626,0.2588,0.2596,219036.308
1761372000000,0.2597,0.26,0.2576,0.258,117159.191
1761375600000,0.2578,0.2593,0.2572,0.2575,200777.422
1761379200000,0.2574,0.2593,0.2571,0.2592,158198.966
1761382800000,0.259,0.2592,0.2558,0.2559,132544.897
1761386400000,0.2558,0.2568,0.2543,0.2564,249697.006
1761390000000,0.2563,0.2565,0.2553,0.2561,50580.364
1761393600000,0.2561,0.2587,0.2557,0.2585,171224.782
1761397200000,0.2582,0.2582,0.2567,0.2576,65446.271
1761400800000,0.2577,0.2606,0.2575,0.2605,140760.858
1761404400000,0.2605,0.261,0.2593,0.2601,235170.709
1761408000000,0.2601,0.2634,0.2594,0.2608,433684.221
1761411600000,0.2609,0.2619,0.2601,0.2604,105540.442
1761415200000,0.2605,0.261,0.2601,0.2603,137535.812
1761418800000,0.2602,0.2617,0.2588,0.2617,170603.867
1761422400000,0.2618,0.2634,0.2611,0.2612,209898.912
1761426000000,0.2612,0.2623,0.2604,0.2612,85892.58
1761429600000,0.2611,0.2634,0.2592,0.2614,256755.43
1761433200000,0.2613,0.2615,0.259,0.2594,128485.944
1761436800000,0.2596,0.26,0.2582,0.2589,83951.049
1761440400000,0.2589,0.2594,0.2561,0.2566,120760.023
1761444000000,0.2565,0.2572,0.2553,0.2562,140441.206
1761447600000,0.2562,0.2569,0.2553,0.2556,83346.745
1761451200000,0.2555,0.2582,0.2553,0.2577,164497.509
1761454800000,0.2577,0.2617,0.2574,0.2615,122870.169
1761458400000,0.2619,0.2638,0.2609,0.2625,185166.903
1761462000000,0.2624,0.2625,0.2612,0.2622,124415.534
1761465600000,0.2622,0.2684,0.2615,0.2675,523781.525
1761469200000,0.2676,0.2709,0.2667,0.2694,504465.361
1761472800000,0.2692,0.2704,0.2674,0.2699,386762.342
1761476400000,0.2697,0.2755,0.2686,0.2751,620480.453
1761480000000,0.2751,0.2782,0.2737,0.2744,767297.318
1761483600000,0.2744,0.2763,0.2739,0.2748,513973.269
1761487200000,0.2749,0.2753,0.2734,0.2742,357990.458
1761490800000,0.2741,0.2756,0.2717,0.2749,246385.595
1761494400000,0.2748,0.2749,0.2728,0.2733,187174.235
1761498000000,0.2734,0.2766,0.273,0.2752,205254.309
1761501600000,0.2752,0.2773,0.2749,0.2761,223466.914
1761505200000,0.2761,0.2776,0.2753,0.2774,535463.708
1761508800000,0.2775,0.2775,0.2742,0.2742,233458.729
1761512400000,0.2742,0.2746,0.2713,0.2731,491304.11
1761516000000,0.2732,0.2793,0.2732,0.2777,224173.137
1761519600000,0.2779,0.28,0.277,0.2793,263870.283
1761523200000,0.2793,0.2812,0.2787,0.2807,601629.009
1761526800000,0.2807,0.2813,0.2787,0.2805,979618.593
1761530400000,0.2805,0.2819,0.2777,0.2779,716236.228
1761534000000,0.2778,0.2784,0.2746,0.2752,158093.695
1761537600000,0.2753,0.2759,0.2737,0.2752,378132.977
1761541200000,0.2751,0.2789,0.2742,0.2746,343227.593
1761544800000,0.2746,0.276,0.2725,0.2749,491117.669
1761548400000,0.275,0.2779,0.2716,0.2742,349643.311
1761552000000,0.2741,0.2767,0.2728,0.2739,242002.103
1761555600000,0.2739,0.2739,0.2687,0.2697,439889.353
1761559200000,0.2696,0.2712,0.2678,0.2696,149308.304
1761562800000,0.2695,0.2715,0.2683,0.2709,244368.974
1761566400000,0.2707,0.2713,0.2686,0.2688,187796.711
1761570000000,0.2686,0.2701,0.2647,0.2694,310269.288
1761573600000,0.2696,0.2698,0.2662,0.2686,158813.649
1761577200000,0.2688,0.2711,0.2686,0.2697,251911.652
1761580800000,0.2698,0.2752,0.2694,0.275,252461.639
1761584400000,0.2751,0.2754,0.2722,0.273,219521.053
1764108000000,0.2703,0.2758,0.2674,0.2753,131001.585
1764111600000,0.2753,0.2819,0.274,0.2798,357682.819
1764115200000,0.2799,0.2823,0.2783,0.2787,329083.93
1764118800000,0.2787,0.2817,0.2776,0.2797,172574.971
1764122400000,0.2797,0.2801,0.276,0.2762,139132.588
1764126000000,0.2763,0.2787,0.2737,0.2745,173959.18
1764129600000,0.2745,0.2752,0.2721,0.2726,141420.889
1764133200000,0.2723,0.2766,0.2723,0.2766,101553.677
1764136800000,0.2765,0.279,0.2748,0.2783,149006.788
1764140400000,0.2784,0.2797,0.2763,0.2774,190814.958
1764144000000,0.2774,0.2774,0.2724,0.2724,158860.02
1764147600000,0.2724,0.274,0.2646,0.2652,421270.758
1764151200000,0.2652,0.2671,0.2634,0.2638,349718.573
1764154800000,0.2633,0.2654,0.2619,0.2641,238783.977
1764158400000,0.2642,0.2647,0.2612,0.2638,303810.801
1764162000000,0.2635,0.2667,0.2632,0.2662,294724.635
1764165600000,0.2661,0.268,0.2634,0.2638,510659.171
1764169200000,0.264,0.2643,0.2517,0.254,1656164.29
1764172800000,0.2538,0.2596,0.2538,0.2571,514582.59
1764176400000,0.2567,0.2681,0.2563,0.2657,634168.929
1764180000000,0.2658,0.2707,0.2651,0.2705,710999.982
1764183600000,0.27,0.2701,0.2648,0.2675,440725.657
1764187200000,0.2674,0.268,0.2651,0.2668,151405.887
1764190800000,0.267,0.2709,0.2663,0.2706,323462.2
1764194400000,0.2707,0.2727,0.2686,0.2698,387539.991
1764198000000,0.2698,0.2699,0.266,0.2674,182578.175
1764201600000,0.2671,0.268,0.2655,0.2665,213184.705
1764205200000,0.2665,0.2703,0.2664,0.2689,174657.072
1764208800000,0.2689,0.2703,0.2672,0.2686,217087.55
1764212400000,0.2687,0.2694,0.2632,0.2641,421741.759
1764216000000,0.2642,0.2678,0.2642,0.267,181042.689
1764219600000,0.2668,0.2669,0.2637,0.2644,164048.977
1764223200000,0.2645,0.267,0.2644,0.2664,70669.294
1764226800000,0.2661,0.2667,0.265,0.2659,181595.222
1764230400000,0.2658,0.2659,0.2636,0.2656,171755.703
1764234000000,0.2655,0.2708,0.2655,0.2689,138188.769
1764237600000,0.2683,0.2689,0.2656,0.2675,127337.872
1764241200000,0.2675,0.2678,0.2648,0.2652,123507.566
1764244800000,0.2652,0.266,0.2643,0.2651,185136.722
1764248400000,0.2653,0.2677,0.2651,0.2661,148733.884
1764252000000,0.2661,0.2696,0.2659,0.2673,214355.291
1764255600000,0.2673,0.2689,0.2661,0.2689,150424.451
1764259200000,0.2688,0.2707,0.268,0.2699,186314.991
1764262800000,0.2698,0.2699,0.2672,0.2686,87760.597
1764266400000,0.2686,0.2694,0.2668,0.2688,90671.214
1764270000000,0.2689,0.2692,0.2673,0.2682,126443.28
1764273600000,0.2682,0.2711,0.2681,0.2709,183201.744
1764277200000,0.2708,0.2713,0.2688,0.2693,198348.265
1764280800000,0.2689,0.2693,0.2644,0.2646,286550.536
1764284400000,0.2649,0.2652,0.2608,0.263,466941.924
1764288000000,0.2628,0.2643,0.2616,0.2629,148440.08
1764291600000,0.2631,0.2634,0.2588,0.2599,299927.45
1764295200000,0.2601,0.2603,0.2578,0.26,362386.391
1764298800000,0.2597,0.2608,0.2594,0.2603,388201.383
1764302400000,0.2604,0.2615,0.2597,0.2603,353264.941
1764306000000,0.26,0.2631,0.2596,0.2626,173926.651
1764309600000,0.2624,0.2636,0.2605,0.2631,170235.953
1764313200000,0.2627,0.2643,0.2624,0.2633,174636.452
1764316800000,0.2637,0.2802,0.2637,0.2781,1520583.571
1764320400000,0.2784,0.279,0.2739,0.2761,294730.999
1764324000000,0.2763,0.2767,0.2722,0.2736,271254.056
1764327600000,0.2734,0.2734,0.267,0.2719,529624.811
1764331200000,0.2718,0.2766,0.2717,0.2756,383999.462
1764334800000,0.2755,0.2805,0.273,0.2771,558935.689
1764338400000,0.2765,0.2784,0.2726,0.2751,494077.168
1764342000000,0.2752,0.2767,0.2733,0.2745,209125.966
1764345600000,0.2748,0.275,0.2684,0.2696,348464.213
1764349200000,0.2695,0.2706,0.2668,0.2689,190936.728
1764352800000,0.2689,0.2691,0.2638,0.2652,297628.227
1764356400000,0.2656,0.269,0.2654,0.2681,132289.894
1764360000000,0.2679,0.2707,0.2664,0.2699,248858.936
1764363600000,0.27,0.2701,0.2653,0.2653,107782.349
1764367200000,0.2651,0.2668,0.2639,0.2665,262170.938
1764370800000,0.2669,0.2686,0.2667,0.2668,167564.003
1764374400000,0.2672,0.2696,0.2667,0.2693,72785.031
1764378000000,0.2695,0.2707,0.2685,0.2691,98084.041
1764381600000,0.2691,0.2716,0.2685,0.2715,196187.901
1764385200000,0.2714,0.2724,0.2703,0.2719,96779.356
1764388800000,0.2718,0.2774,0.2696,0.2767,291796.902
1764392400000,0.2764,0.2775,0.2737,0.2738,288393.761
1764396000000,0.2742,0.2755,0.2714,0.2719,199526.489
1764399600000,0.2717,0.2725,0.2694,0.2707,156765.346
1764403200000,0.2699,0.271,0.2687,0.2688,172705.042
1764406800000,0.2692,0.2695,0.266,0.2669,272864.924
1764410400000,0.2667,0.2671,0.2653,0.2663,155723.68
1764414000000,0.2662,0.2679,0.2654,0.2674,117332.192
1764417600000,0.2671,0.2671,0.264,0.264,84884.063
1764421200000,0.2639,0.2641,0.2619,0.2628,292723.0
1764424800000,0.2627,0.2638,0.2612,0.262,141879.854
1764428400000,0.262,0.2655,0.2616,0.2638,246340.963
1764432000000,0.2638,0.2638,0.2616,0.2625,60242.746
1764435600000,0.2626,0.2626,0.2587,0.2596,186826.633
1764439200000,0.2595,0.2604,0.2577,0.2594,127772.848
1764442800000,0.2594,0.2599,0.2585,0.2589,42803.589
1764446400000,0.2588,0.2619,0.2571,0.2619,125641.051
1764450000000,0.262,0.2622,0.2608,0.2612,130480.733
1764453600000,0.2611,0.2613,0.2595,0.26,147646.949
1764457200000,0.2603,0.2608,0.2588,0.2595,50163.575
1764460800000,0.2594,0.2605,0.259,0.2593,79920.787
1764464400000,0.2594,0.2608,0.2581,0.2591,64095.932
1764468000000,0.2592,0.2613,0.2587,0.2587,88659.517
1764471600000,0.2587,0.2591,0.2546,0.2572,351677.82
1764475200000,0.2573,0.2586,0.2546,0.255,125177.881
1764478800000,0.255,0.256,0.2544,0.2552,40947.155
1764482400000,0.2548,0.258,0.2548,0.2564,45750.004
1764486000000,0.2563,0.2586,0.2563,0.2578,102828.81
1764489600000,0.2579,0.2593,0.2557,0.2573,64251.744
1764493200000,0.2574,0.2582,0.2568,0.2575,73630.11
1764496800000,0.257,0.2585,0.2562,0.257,75784.513
1764500400000,0.257,0.2574,0.2555,0.256,152535.79
1764504000000,0.2557,0.2591,0.2546,0.2578,67869.457
1764507600000,0.2577,0.2604,0.2574,0.2584,195530.209
1764511200000,0.2585,0.2589,0.2565,0.2573,154843.595
1764514800000,0.2577,0.2597,0.2557,0.2583,69472.339
1764518400000,0.2583,0.2625,0.2583,0.2619,111780.686
1764522000000,0.2618,0.2653,0.26,0.2635,197985.612
1764525600000,0.2632,0.2635,0.2614,0.262,93085.013
1764529200000,0.262,0.2625,0.2603,0.2607,68953.323
1764532800000,0.2606,0.2622,0.2595,0.2606,241363.528
1764536400000,0.2605,0.2635,0.2594,0.263,51623.102
1764540000000,0.2626,0.2667,0.2619,0.2629,164022.732
1764543600000,0.2629,0.2629,0.2554,0.2557,156230.154
1764547200000,0.2557,0.2561,0.2322,0.2324,2308879.569
1764550800000,0.2325,0.237,0.2316,0.2322,362731.245
1764554400000,0.2321,0.2346,0.231,0.2325,408972.897
1764558000000,0.2324,0.2327,0.2276,0.2287,405289.682
1764561600000,0.2288,0.2293,0.2251,0.2276,252243.267
1764565200000,0.2274,0.2331,0.2274,0.2297,159369.841
1764568800000,0.2297,0.2313,0.2289,0.2295,182707.993
1764572400000,0.2296,0.2313,0.228,0.2308,270323.142
1764576000000,0.231,0.2339,0.2302,0.233,241213.61
1764579600000,0.2328,0.234,0.2322,0.2332,184980.398
1764583200000,0.2332,0.2344,0.2322,0.2326,197534.257
1764586800000,0.2324,0.2325,0.2282,0.2283,226781.873
1764590400000,0.2287,0.2306,0.2252,0.2294,550072.834
1764594000000,0.2294,0.2315,0.2267,0.2277,217889.798
1764597600000,0.2276,0.2326,0.2273,0.2314,297017.392
1764601200000,0.2314,0.2318,0.2256,0.2298,255039.216
1764604800000,0.2297,0.2304,0.2265,0.2269,239356.965
1764608400000,0.227,0.2284,0.2257,0.2268,132675.968
1764612000000,0.2269,0.2311,0.2269,0.2304,562145.29
1764615600000,0.2307,0.2312,0.2283,0.2285,128267.676
1764619200000,0.2287,0.2324,0.2286,0.23,89646.791
1764622800000,0.23,0.2322,0.2297,0.2306,167868.691
1764626400000,0.2309,0.2332,0.2303,0.2303,81942.07
1764630000000,0.2308,0.2327,0.2301,0.2312,99664.599
1764633600000,0.2312,0.2327,0.2309,0.2313,68933.309
1764637200000,0.2316,0.2346,0.2295,0.2305,81609.641
1764640800000,0.2304,0.232,0.2287,0.2287,73466.795
1764644400000,0.2288,0.2297,0.2269,0.2294,76508.335
1764648000000,0.2297,0.2303,0.2282,0.2289,153813.095
1764651600000,0.2289,0.2301,0.2277,0.2283,58192.242
1764655200000,0.2282,0.2292,0.2275,0.2287,478513.373
1764658800000,0.2286,0.2295,0.2284,0.2292,25711.155
1764662400000,0.2292,0.2297,0.2254,0.2264,144879.81
1764666000000,0.2267,0.2285,0.2266,0.2274,101187.05
1764669600000,0.2273,0.2295,0.2256,0.2288,62205.026
1764673200000,0.2286,0.2298,0.2275,0.229,127017.303
1764676800000,0.2291,0.2293,0.227,0.2275,57331.17
1764680400000,0.2277,0.2318,0.2267,0.2312,223371.628
1764684000000,0.2307,0.2493,0.23,0.2467,1671753.122
1764687600000,0.2464,0.2646,0.246,0.2635,1196640.581
1764691200000,0.2641,0.2696,0.2628,0.266,1163250.309
1764694800000,0.2657,0.2663,0.2606,0.2629,489751.264
1764698400000,0.2627,0.2644,0.2606,0.2629,217074.298
1764702000000,0.2632,0.2637,0.2602,0.2607,232673.965
1764705600000,0.2606,0.2606,0.253,0.2568,405210.664
1764709200000,0.2568,0.2578,0.255,0.255,279346.962
1764712800000,0.2556,0.2616,0.2552,0.2615,136502.017
1764716400000,0.2612,0.2613,0.2549,0.2554,183705.108
1764720000000,0.2563,0.2571,0.2552,0.2558,126893.419
1764723600000,0.2559,0.2571,0.254,0.2557,83071.25
1764727200000,0.2554,0.2583,0.2551,0.2575,187431.634
1764730800000,0.2575,0.2591,0.2571,0.258,110393.469
1764734400000,0.2577,0.2645,0.2575,0.2645,110919.686
1764738000000,0.2644,0.2659,0.2625,0.2642,262893.32
1764741600000,0.264,0.268,0.263,0.2638,231326.851
1764745200000,0.2636,0.2637,0.2616,0.2635,148785.068
1764748800000,0.2636,0.2643,0.262,0.263,68013.742
1764752400000,0.2631,0.2643,0.2611,0.2636,53693.476
1764756000000,0.2635,0.2658,0.263,0.2637,84012.462
1764759600000,0.2638,0.2657,0.2625,0.2649,106330.522
1764763200000,0.265,0.2719,0.2633,0.265,424443.916
1764766800000,0.2653,0.2673,0.2633,0.2644,219477.463
1764770400000,0.2644,0.2655,0.255,0.2594,1578507.743
1764774000000,0.2597,0.2636,0.2589,0.2618,227373.771
1764777600000,0.262,0.2641,0.259,0.2617,246449.266
1764781200000,0.2619,0.2651,0.2613,0.2647,134824.064
1764784800000,0.2647,0.2656,0.26,0.2611,233792.658
1764788400000,0.2611,0.2617,0.2597,0.2608,85893.811
1764792000000,0.2608,0.2623,0.259,0.2597,153408.719
1764795600000,0.2598,0.2639,0.2594,0.2638,42610.182
1764799200000,0.2636,0.2658,0.2618,0.2639,179907.477
1764802800000,0.2647,0.2655,0.261,0.2611,41205.721
1764806400000,0.2612,0.2618,0.2593,0.2603,77339.833
1764810000000,0.2599,0.2644,0.2596,0.2596,249454.603
1764813600000,0.2596,0.2625,0.2593,0.261,158624.833
1764817200000,0.2608,0.2618,0.2584,0.259,105686.754
1764820800000,0.2588,0.2602,0.2578,0.2598,88387.108
1764824400000,0.2602,0.2602,0.2568,0.2575,76205.424
1764828000000,0.2577,0.26,0.2573,0.2587,62910.163
1764831600000,0.2589,0.26,0.256,0.2591,236674.082
1764835200000,0.259,0.2619,0.258,0.2599,469416.498
1764838800000,0.2598,0.2632,0.2598,0.2603,289811.086
1764842400000,0.2602,0.2612,0.259,0.26,90054.191
1764846000000,0.2596,0.2608,0.2594,0.2606,40566.411
1764849600000,0.2607,0.2611,0.2573,0.2582,197017.111
1764853200000,0.2589,0.259,0.2519,0.2528,445243.908
1764856800000,0.2528,0.2545,0.2488,0.25,392115.509
1764860400000,0.2501,0.2569,0.2501,0.2553,208035.498
1764864000000,0.2552,0.2564,0.2521,0.2533,221771.338
1764867600000,0.2532,0.2544,0.251,0.2534,90227.559
1764871200000,0.2533,0.2547,0.2512,0.252,145926.765
1764874800000,0.2519,0.252,0.2454,0.2505,285483.25
1764878400000,0.2504,0.2526,0.2488,0.2521,47817.964
1764882000000,0.2519,0.2527,0.2489,0.2489,18670.563
1764885600000,0.2493,0.2516,0.2493,0.2509,130159.576
1764889200000,0.2506,0.2508,0.2492,0.2495,51291.334
1764892800000,0.2493,0.252,0.2486,0.2496,115639.687
1764896400000,0.2493,0.2508,0.2489,0.2497,83596.984
1764900000000,0.2495,0.2524,0.2491,0.2502,56951.96
1764903600000,0.2501,0.2503,0.2474,0.248,102548.567
1764907200000,0.2478,0.2487,0.2456,0.2466,112984.443
1764910800000,0.2466,0.2478,0.2456,0.2464,26446.261
1764914400000,0.2468,0.2502,0.2461,0.2487,162795.704
1764918000000,0.2485,0.252,0.2485,0.2514,112152.703
1764921600000,0.251,0.2514,0.2489,0.2493,74231.815
1764925200000,0.2493,0.2493,0.2442,0.2451,179873.869
1764928800000,0.2447,0.2475,0.2441,0.2451,183870.146
1764932400000,0.2451,0.2451,0.2413,0.2425,226282.397
1764936000000,0.2421,0.2431,0.2418,0.2428,158913.83
1764939600000,0.2424,0.2441,0.2384,0.2392,498744.088
1764943200000,0.2392,0.2402,0.2343,0.2365,462435.031
1764946800000,0.2366,0.242,0.2358,0.2365,621694.46
1764950400000,0.2365,0.2365,0.2241,0.2294,806895.84
1764954000000,0.2294,0.2314,0.2281,0.2302,365305.615
1764957600000,0.2301,0.232,0.2262,0.227,308549.239
1764961200000,0.227,0.2305,0.2257,0.2293,175794.652
1764964800000,0.2292,0.231,0.2285,0.2293,52261.461
1764968400000,0.2293,0.2314,0.2292,0.2301,159969.464
1764972000000,0.2302,0.233,0.2294,0.2326,70841.617
1764975600000,0.2329,0.2362,0.2314,0.2345,87641.906
1764979200000,0.2348,0.2348,0.2317,0.2335,50741.042
1764982800000,0.2333,0.2348,0.2331,0.2339,61373.04
1764986400000,0.2337,0.235,0.2334,0.2347,59573.846
1764990000000,0.2349,0.2361,0.2341,0.2346,45262.568
1764993600000,0.2348,0.2348,0.2334,0.2339,136879.638
1764997200000,0.2338,0.235,0.2338,0.2348,28768.732
1765000800000,0.2346,0.2376,0.2342,0.2359,120073.634
1765004400000,0.236,0.2371,0.2351,0.2365,88548.489
1765008000000,0.2367,0.237,0.2342,0.2342,101216.11
1765011600000,0.2345,0.2365,0.2345,0.2359,77024.032
1765015200000,0.2359,0.2361,0.2331,0.2349,57715.765
1765018800000,0.2347,0.2363,0.2344,0.2356,38437.765
1765022400000,0.2353,0.2365,0.2351,0.2357,85088.102
1765026000000,0.2356,0.2359,0.2345,0.2357,18514.891
1765029600000,0.2357,0.2384,0.2354,0.2371,232620.796
1765033200000,0.2371,0.2371,0.2344,0.2344,79624.804
1765036800000,0.2344,0.2371,0.2344,0.2361,99624.228
1765040400000,0.2361,0.2377,0.2356,0.2377,50289.573
1765044000000,0.2377,0.2378,0.2358,0.2358,45194.703
1765047600000,0.2358,0.2365,0.2339,0.2346,100599.389
1765051200000,0.2346,0.2353,0.2342,0.2349,12410.735
1765054800000,0.2349,0.2372,0.2346,0.2356,57650.056
1765058400000,0.2355,0.2362,0.2335,0.2337,130511.79
1765062000000,0.2338,0.2357,0.2326,0.2354,70760.325
1765065600000,0.2354,0.2369,0.2352,0.2358,48105.283
1765069200000,0.2358,0.2359,0.235,0.235,40095.115
1765072800000,0.235,0.2363,0.235,0.2352,42427.398
1765076400000,0.2351,0.2355,0.2345,0.2352,76599.975
1765080000000,0.2353,0.2357,0.2336,0.2336,13222.932
1765083600000,0.2339,0.2346,0.2332,0.2338,35216.413
1765087200000,0.2338,0.2347,0.2336,0.2344,97859.167
1765090800000,0.2345,0.2348,0.232,0.2323,56420.631
1765094400000,0.2322,0.2328,0.2311,0.2314,96741.669
1765098000000,0.2314,0.2319,0.2295,0.2296,130297.206
1765101600000,0.2296,0.2309,0.2293,0.2303,136914.829
1765105200000,0.2303,0.2317,0.2303,0.2308,131654.261
1765108800000,0.2309,0.2325,0.2303,0.232,151586.051
1765112400000,0.232,0.2325,0.2293,0.2301,152386.006
1765116000000,0.23,0.2304,0.2242,0.2256,487631.61
1765119600000,0.2256,0.2342,0.2256,0.2339,409213.624
1765123200000,0.2339,0.2341,0.2304,0.233,132320.4
1765126800000,0.2331,0.2462,0.2317,0.245,817588.646
1765130400000,0.2451,0.254,0.244,0.2482,797317.958
1765134000000,0.2483,0.2536,0.2445,0.2501,351290.989
1765137600000,0.2503,0.2518,0.2471,0.2471,212414.159
1765141200000,0.2471,0.2471,0.2382,0.2402,134783.214
1765144800000,0.2401,0.2403,0.2335,0.2356,233030.163
1765148400000,0.2349,0.2368,0.2333,0.236,29313.893
1765152000000,0.2362,0.2369,0.2334,0.2337,140361.461
1765155600000,0.2337,0.2403,0.2336,0.2359,142189.198
1765159200000,0.236,0.2379,0.2348,0.237,165563.98
1765162800000,0.2372,0.2396,0.2368,0.2385,64361.055
1765166400000,0.2383,0.2429,0.2383,0.2416,91276.185
1765170000000,0.2417,0.2437,0.24,0.2413,83578.814
1765173600000,0.2416,0.2425,0.2409,0.2417,90125.783
1765177200000,0.2417,0.2436,0.2411,0.2431,149186.424
1765180800000,0.2432,0.2445,0.2428,0.2436,129542.907
1765184400000,0.2436,0.2486,0.2436,0.2441,213851.233
1767708000000,0.304,0.3096,0.2988,0.3017,957861.033
1767711600000,0.3022,0.304,0.2949,0.2976,471986.802
1767715200000,0.2976,0.3029,0.2883,0.2936,1057912.932
1767718800000,0.2934,0.295,0.2824,0.2848,507227.459
1767722400000,0.2846,0.294,0.2843,0.2927,228718.814
1767726000000,0.2928,0.2937,0.2897,0.2916,122531.138
1767729600000,0.2919,0.3021,0.2919,0.2996,212238.701
1767733200000,0.2995,0.3063,0.2974,0.3007,230017.541
1767736800000,0.3011,0.3031,0.2943,0.2955,182085.888
1767740400000,0.2963,0.2991,0.2951,0.2957,247854.094
1767744000000,0.2955,0.2957,0.2867,0.2867,414650.505
1767747600000,0.287,0.2887,0.2828,0.284,553243.621
1767751200000,0.2841,0.2876,0.2825,0.2854,145563.661
1767754800000,0.2855,0.2876,0.2852,0.2868,130634.302
1767758400000,0.2868,0.2886,0.2832,0.284,50517.438
1767762000000,0.2839,0.2872,0.2834,0.2841,99803.313
1767765600000,0.2843,0.2875,0.2843,0.2869,100710.151
1767769200000,0.287,0.2918,0.287,0.2917,151202.632
1767772800000,0.2916,0.295,0.2907,0.2936,179915.672
1767776400000,0.2933,0.2942,0.2874,0.2898,237497.716
1767780000000,0.2894,0.2904,0.2875,0.2885,82936.056
1767783600000,0.2882,0.2926,0.288,0.2916,198913.423
1767787200000,0.2913,0.2927,0.2887,0.289,71136.582
1767790800000,0.2891,0.2893,0.2842,0.2846,304582.677
1767794400000,0.285,0.2886,0.2783,0.2886,947532.639
1767798000000,0.2887,0.2888,0.2797,0.281,509272.219
1767801600000,0.281,0.2834,0.2768,0.2792,166831.506
1767805200000,0.2794,0.2819,0.2774,0.2784,87293.386
1767808800000,0.2784,0.2815,0.2771,0.2781,382864.749
1767812400000,0.2785,0.281,0.2749,0.2804,326451.011
1767816000000,0.28,0.2805,0.2765,0.2784,101795.676
1767819600000,0.2785,0.2795,0.2775,0.278,57246.498
1767823200000,0.2774,0.2791,0.2732,0.2749,147203.371
1767826800000,0.2749,0.2779,0.2734,0.2747,61003.147
1767830400000,0.2747,0.2761,0.2727,0.276,76866.55
1767834000000,0.2756,0.278,0.2754,0.2768,183340.687
1767837600000,0.2766,0.277,0.2737,0.2743,79200.782
1767841200000,0.2743,0.276,0.271,0.2727,93027.376
1767844800000,0.2727,0.2763,0.2726,0.2756,66689.026
1767848400000,0.2757,0.2799,0.2751,0.2773,94287.464
1767852000000,0.2775,0.2778,0.2721,0.2723,102418.041
1767855600000,0.2725,0.2798,0.2712,0.279,160591.364
1767859200000,0.279,0.2831,0.2778,0.2783,240860.834
1767862800000,0.2786,0.2811,0.2711,0.2718,261985.151
1767866400000,0.272,0.2729,0.2669,0.2724,290851.274
1767870000000,0.2723,0.273,0.2674,0.2693,163046.765
1767873600000,0.2694,0.2699,0.2662,0.2692,224562.786
1767877200000,0.2695,0.2716,0.2682,0.2698,73715.018
1767880800000,0.2693,0.2757,0.266,0.2748,383529.156
1767884400000,0.2743,0.294,0.2718,0.2932,687057.293
1767888000000,0.2941,0.2978,0.2863,0.2909,873044.576
1767891600000,0.2913,0.2948,0.286,0.2878,270816.872
1767895200000,0.2876,0.2881,0.2809,0.2826,222212.092
1767898800000,0.2832,0.2843,0.2796,0.2803,127107.589
1767902400000,0.2804,0.2825,0.2759,0.2822,190169.125
1767906000000,0.2825,0.2906,0.2821,0.2877,211594.41
1767909600000,0.2877,0.2905,0.2829,0.2844,87773.29
1767913200000,0.2848,0.2885,0.2845,0.2851,35856.807
1767916800000,0.286,0.2862,0.2821,0.2832,44424.72
1767920400000,0.2836,0.2852,0.2778,0.2813,211668.134
1767924000000,0.2803,0.2824,0.2795,0.2796,82515.312
1767927600000,0.2795,0.2824,0.2787,0.2814,139609.359
1767931200000,0.281,0.281,0.2779,0.278,51270.351
1767934800000,0.278,0.2815,0.2772,0.2808,148145.657
1767938400000,0.2807,0.2848,0.2805,0.2842,173453.932
1767942000000,0.2843,0.2844,0.2818,0.2819,73307.726
1767945600000,0.2823,0.2827,0.2765,0.2786,109607.079
1767949200000,0.2786,0.2825,0.2786,0.2803,112660.248
1767952800000,0.2801,0.2809,0.2783,0.2797,84699.636
1767956400000,0.2798,0.2813,0.2793,0.2805,80983.985
1767960000000,0.2808,0.2816,0.2785,0.2796,163344.021
1767963600000,0.28,0.2846,0.2794,0.2827,229931.802
1767967200000,0.2827,0.2848,0.2797,0.2821,110089.26
1767970800000,0.2824,0.2942,0.2809,0.2883,590455.13
1767974400000,0.2883,0.2955,0.2883,0.291,456526.057
1767978000000,0.2916,0.2916,0.2833,0.2856,192272.543
1767981600000,0.2852,0.2858,0.2789,0.2818,132780.029
1767985200000,0.2818,0.2818,0.2785,0.2801,78620.537
1767988800000,0.2796,0.2823,0.2795,0.2809,52935.891
1767992400000,0.2808,0.2849,0.2799,0.2849,72333.075
1767996000000,0.2849,0.2874,0.2843,0.2872,30996.478
1767999600000,0.2873,0.2891,0.2855,0.2855,84946.991
1768003200000,0.2863,0.2863,0.281,0.2812,62464.031
1768006800000,0.2813,0.2845,0.2808,0.2829,66067.755
1768010400000,0.283,0.2834,0.2803,0.2817,165452.454
1768014000000,0.2819,0.2821,0.2803,0.2808,135867.953
1768017600000,0.2807,0.2809,0.2777,0.2793,288550.572
1768021200000,0.2793,0.2807,0.2786,0.2802,26102.464
1768024800000,0.2799,0.2822,0.2779,0.2813,129707.152
1768028400000,0.2813,0.2839,0.2804,0.2815,32122.777
1768032000000,0.2814,0.2824,0.2798,0.2809,91296.529
1768035600000,0.2811,0.2836,0.2802,0.283,183824.341
1768039200000,0.2833,0.2836,0.2812,0.2836,74823.695
1768042800000,0.2836,0.2843,0.2816,0.2843,225004.346
1768046400000,0.2843,0.2846,0.2826,0.2836,134871.589
1768050000000,0.284,0.2843,0.2821,0.2823,69209.782
1768053600000,0.2821,0.2821,0.2802,0.281,137139.895
1768057200000,0.2812,0.2839,0.2804,0.2833,51952.182
1768060800000,0.2833,0.2835,0.2811,0.2819,53832.127
1768064400000,0.282,0.2852,0.2804,0.2807,156700.335
1768068000000,0.2807,0.284,0.2805,0.2825,32208.876
1768071600000,0.2825,0.2844,0.2821,0.2839,10455.876
1768075200000,0.2841,0.2841,0.2818,0.282,80645.612
1768078800000,0.2819,0.283,0.2813,0.2813,59546.731
1768082400000,0.2814,0.2821,0.2786,0.2786,23530.047
1768086000000,0.2787,0.2815,0.2787,0.2806,136963.372
1768089600000,0.28,0.2814,0.2789,0.2814,51808.744
1768093200000,0.2812,0.2815,0.28,0.2814,55550.255
1768096800000,0.2812,0.2836,0.281,0.2819,112626.324
1768100400000,0.282,0.2835,0.2813,0.2829,22721.084
1768104000000,0.2829,0.2829,0.2807,0.2828,47313.98
1768107600000,0.2826,0.2826,0.2808,0.2825,64948.035
1768111200000,0.2825,0.2834,0.2802,0.2832,166563.715
1768114800000,0.2832,0.2838,0.2826,0.2833,18704.663
1768118400000,0.2831,0.284,0.2824,0.2839,28845.425
1768122000000,0.2833,0.286,0.2832,0.2837,76632.656
1768125600000,0.2835,0.2836,0.2821,0.2833,111114.498
1768129200000,0.2832,0.2841,0.2824,0.2838,55966.454
1768132800000,0.284,0.2903,0.2836,0.2881,327271.303
1768136400000,0.288,0.288,0.2847,0.2855,187533.881
1768140000000,0.2857,0.2902,0.2854,0.2902,244897.436
1768143600000,0.2903,0.2931,0.2859,0.289,354853.396
1768147200000,0.2891,0.2941,0.2869,0.292,228033.51
1768150800000,0.2922,0.2942,0.2885,0.292,136891.416
1768154400000,0.2924,0.3002,0.292,0.2999,527367.481
1768158000000,0.3,0.307,0.2991,0.3052,606681.0
1768161600000,0.305,0.3051,0.2953,0.2975,846815.904
1768165200000,0.2975,0.298,0.2933,0.2973,303180.1
1768168800000,0.297,0.297,0.2891,0.2894,359223.771
1768172400000,0.2892,0.2927,0.2864,0.2922,263469.048
1768176000000,0.292,0.2971,0.2882,0.294,228983.549
1768179600000,0.2942,0.3001,0.2929,0.2973,409635.581
1768183200000,0.298,0.3093,0.2978,0.3066,552516.561
1768186800000,0.3066,0.3142,0.3049,0.3098,567567.294
1768190400000,0.3097,0.3133,0.3074,0.3091,448543.895
1768194000000,0.309,0.31,0.3026,0.3036,181912.602
1768197600000,0.3035,0.3042,0.2972,0.2988,157903.979
1768201200000,0.2988,0.3014,0.2936,0.2943,268424.66
1768204800000,0.2943,0.2976,0.2894,0.2951,356011.361
1768208400000,0.2952,0.2995,0.293,0.2935,241959.888
1768212000000,0.2935,0.2963,0.2903,0.2904,201521.784
1768215600000,0.2904,0.2916,0.2891,0.2903,146695.207
1768219200000,0.2901,0.2918,0.2879,0.2885,91430.092
1768222800000,0.2885,0.2891,0.2827,0.2837,194058.841
1768226400000,0.284,0.2883,0.2812,0.2873,399267.179
1768230000000,0.2873,0.294,0.286,0.292,468728.341
1768233600000,0.2921,0.2957,0.2893,0.2924,215879.271
1768237200000,0.2925,0.2931,0.285,0.2867,321004.554
1768240800000,0.2865,0.2884,0.2838,0.2847,82839.684
1768244400000,0.2848,0.2859,0.2828,0.2855,64789.208
1768248000000,0.2845,0.2874,0.2826,0.2833,89094.829
1768251600000,0.283,0.2837,0.2796,0.2816,178133.5
1768255200000,0.282,0.2832,0.2814,0.2817,33785.976
1768258800000,0.2818,0.2826,0.2801,0.2812,34605.601
1768262400000,0.2811,0.2826,0.2807,0.2823,304009.863
1768266000000,0.282,0.2836,0.2802,0.2816,223725.231
1768269600000,0.2816,0.2846,0.2803,0.2811,51006.303
1768273200000,0.2807,0.283,0.2805,0.2814,103683.096
1768276800000,0.2819,0.2832,0.2818,0.283,124638.867
1768280400000,0.2832,0.2885,0.2832,0.2841,123517.991
1768284000000,0.2845,0.2868,0.284,0.2861,62659.36
1768287600000,0.286,0.286,0.2829,0.2844,230497.128
1768291200000,0.2845,0.2862,0.2836,0.286,78450.915
1768294800000,0.2859,0.2872,0.284,0.2853,186348.519
1768298400000,0.2856,0.2877,0.2847,0.2859,187579.068
1768302000000,0.2857,0.2857,0.2819,0.2821,131536.26
1768305600000,0.2824,0.2851,0.281,0.2848,184267.917
1768309200000,0.2848,0.2882,0.2836,0.2857,188290.316
1768312800000,0.2857,0.2916,0.2846,0.2878,420978.892
1768316400000,0.2876,0.2887,0.2825,0.2878,343256.125
1768320000000,0.288,0.2897,0.2859,0.2882,331991.138
1768323600000,0.2884,0.2888,0.2845,0.2864,146404.268
1768327200000,0.286,0.2878,0.2847,0.2861,271293.779
1768330800000,0.2857,0.2882,0.2845,0.2866,183367.006
1768334400000,0.2868,0.2872,0.2828,0.2842,77564.733
1768338000000,0.2843,0.2861,0.284,0.2858,72805.966
1768341600000,0.2857,0.3002,0.2857,0.298,430802.652
1768345200000,0.2981,0.2993,0.2916,0.2936,345987.034
1768348800000,0.2936,0.2955,0.2918,0.2942,410839.555
1768352400000,0.2941,0.2956,0.2922,0.2934,89538.635
1768356000000,0.2935,0.2948,0.2903,0.2912,115846.12
1768359600000,0.2912,0.2942,0.291,0.2933,128951.24
1768363200000,0.2931,0.2936,0.2894,0.2897,83211.699
1768366800000,0.2896,0.2896,0.2871,0.2885,171826.2
1768370400000,0.2885,0.2916,0.2875,0.2906,246411.869
1768374000000,0.2903,0.2945,0.2901,0.2917,280634.733
1768377600000,0.2917,0.2935,0.2912,0.2913,227807.691
1768381200000,0.2912,0.2943,0.2908,0.2929,175792.837
1768384800000,0.2928,0.2968,0.2921,0.2926,161067.067
1768388400000,0.2925,0.2929,0.2888,0.2899,172992.752
1768392000000,0.2898,0.2928,0.2898,0.2904,69374.197
1768395600000,0.2904,0.2907,0.2876,0.288,114997.885
1768399200000,0.2879,0.2961,0.2877,0.2937,253734.496
1768402800000,0.2937,0.2972,0.292,0.2954,307558.02
1768406400000,0.2954,0.3023,0.2954,0.2979,357816.38
1768410000000,0.298,0.2991,0.2922,0.2929,216942.135
1768413600000,0.293,0.2941,0.285,0.2882,198096.005
1768417200000,0.2878,0.2931,0.2865,0.2906,163435.579
1768420800000,0.2906,0.2934,0.2887,0.2895,63351.438
1768424400000,0.2894,0.2899,0.2857,0.2875,119511.93
1768428000000,0.2875,0.2884,0.2838,0.2865,185725.524
1768431600000,0.2861,0.2937,0.2861,0.2893,138510.829
1768435200000,0.2893,0.2922,0.2872,0.2894,84797.245
1768438800000,0.2897,0.2945,0.2897,0.2905,125155.795
1768442400000,0.2904,0.2911,0.2862,0.2864,81019.569
1768446000000,0.2865,0.2876,0.276,0.2789,258542.351
1768449600000,0.2788,0.2812,0.2783,0.2799,116900.448
1768453200000,0.2804,0.2822,0.2793,0.2811,135835.145
1768456800000,0.281,0.2834,0.2801,0.2816,77675.392
1768460400000,0.2814,0.2869,0.2811,0.2853,93120.646
1768464000000,0.2854,0.2854,0.2817,0.2836,94938.667
1768467600000,0.2835,0.2857,0.2822,0.2838,436460.829
1768471200000,0.284,0.2861,0.2839,0.2849,122729.705
1768474800000,0.2847,0.2859,0.2838,0.2848,29617.269
1768478400000,0.2849,0.2879,0.2845,0.2869,85255.851
1768482000000,0.287,0.29,0.2862,0.2875,134706.625
1768485600000,0.2873,0.2881,0.2812,0.2829,161442.595
1768489200000,0.2829,0.2838,0.2738,0.28,447683.608
1768492800000,0.2799,0.2822,0.2775,0.2815,154000.125
1768496400000,0.2819,0.2823,0.2767,0.277,121771.015
1768500000000,0.2773,0.278,0.2724,0.2729,135206.38
1768503600000,0.2723,0.2737,0.2706,0.2725,163130.862
1768507200000,0.2721,0.2729,0.2709,0.2724,83584.205
1768510800000,0.2724,0.2752,0.2724,0.2739,43079.753
1768514400000,0.2739,0.2767,0.2739,0.2763,110683.603
1768518000000,0.2761,0.2784,0.2754,0.2778,34869.644
1768521600000,0.2781,0.2794,0.2771,0.2772,21318.675
1768525200000,0.2774,0.2774,0.2757,0.2759,87390.256
1768528800000,0.2759,0.2788,0.2736,0.2782,148606.667
1768532400000,0.2785,0.2788,0.2761,0.2767,53663.516
1768536000000,0.2768,0.2768,0.2715,0.2729,85665.696
1768539600000,0.2728,0.2772,0.2726,0.2765,159534.003
1768543200000,0.2765,0.2804,0.2758,0.2803,370239.254
1768546800000,0.2803,0.2835,0.2797,0.28,196403.402
1768550400000,0.28,0.2814,0.2797,0.2814,69242.893
1768554000000,0.2816,0.282,0.2804,0.2804,22712.565
1768557600000,0.2804,0.2809,0.2783,0.2788,60495.543
1768561200000,0.2791,0.2793,0.2763,0.2771,50650.665
1768564800000,0.2775,0.2797,0.277,0.2781,72616.104
1768568400000,0.2779,0.278,0.275,0.2756,45265.399
1768572000000,0.2762,0.2787,0.2755,0.2779,139281.293
1768575600000,0.2769,0.2792,0.269,0.2714,472978.3
1768579200000,0.2711,0.2767,0.271,0.2737,464629.762
1768582800000,0.274,0.2764,0.2714,0.2764,115683.175
1768586400000,0.2765,0.2778,0.276,0.2767,299665.886
1768590000000,0.2766,0.2776,0.2746,0.2768,28993.75
1768593600000,0.2769,0.2813,0.274,0.281,81813.244
1768597200000,0.2813,0.2826,0.2797,0.2797,42024.209
1768600800000,0.2795,0.2806,0.2786,0.2799,27972.213
1768604400000,0.2802,0.2809,0.2789,0.2795,34520.138
1768608000000,0.2795,0.2801,0.277,0.2787,74261.821
1768611600000,0.2788,0.281,0.2786,0.2798,48801.734
1768615200000,0.28,0.2802,0.2776,0.2785,62702.038
1768618800000,0.2782,0.2792,0.2775,0.2783,80604.51
1768622400000,0.2779,0.2799,0.2771,0.2798,25772.547
1768626000000,0.2794,0.2803,0.2788,0.2791,35139.159
1768629600000,0.2793,0.2798,0.2777,0.2785,50145.574
1768633200000,0.2784,0.2809,0.2775,0.2809,61086.63
1768636800000,0.2805,0.2819,0.2799,0.2811,27675.491
1768640400000,0.282,0.2823,0.2792,0.2798,25835.769
1768644000000,0.2793,0.2819,0.2793,0.2802,10130.207
1768647600000,0.2803,0.2803,0.2777,0.2779,34955.141
1768651200000,0.2779,0.2813,0.2779,0.2799,88933.196
1768654800000,0.28,0.2809,0.279,0.2794,168769.377
1768658400000,0.2798,0.2848,0.279,0.2844,139688.293
1768662000000,0.2843,0.2857,0.2816,0.2846,185326.811
1768665600000,0.2849,0.2856,0.2809,0.282,190436.244
1768669200000,0.2824,0.2839,0.2809,0.2819,44348.893
1768672800000,0.2824,0.2827,0.2814,0.2823,40084.685
1768676400000,0.2824,0.2824,0.2803,0.2814,23579.423
1768680000000,0.2814,0.282,0.2798,0.2804,28984.469
1768683600000,0.2803,0.2804,0.2787,0.2792,10920.314
1768687200000,0.2795,0.2802,0.2766,0.2783,101619.293
1768690800000,0.2779,0.279,0.2768,0.2778,46169.967
1768694400000,0.278,0.2803,0.2769,0.2785,55457.242
1768698000000,0.2782,0.2782,0.2749,0.2759,54309.2
1768701600000,0.2762,0.2779,0.2755,0.2762,38142.727
1768705200000,0.2758,0.2779,0.2758,0.2763,19531.134
1768708800000,0.2762,0.2762,0.2746,0.2756,51019.98
1768712400000,0.2753,0.2755,0.2746,0.275,10400.576
1768716000000,0.2754,0.2758,0.274,0.274,16404.391
1768719600000,0.2739,0.2751,0.2719,0.2737,290956.351
1768723200000,0.2739,0.2747,0.2731,0.2739,233592.81
1768726800000,0.2736,0.2743,0.2731,0.2742,31561.209
1768730400000,0.2742,0.2757,0.2729,0.2753,42308.408
1768734000000,0.2747,0.2757,0.274,0.2753,58112.879
1768737600000,0.2752,0.2752,0.2732,0.2733,42689.21
1768741200000,0.2733,0.2744,0.2713,0.2726,133342.209
1768744800000,0.2725,0.2751,0.2707,0.2713,97533.639
1768748400000,0.2714,0.2731,0.271,0.2731,49363.357
1768752000000,0.2727,0.2737,0.272,0.2723,35183.268
1768755600000,0.2718,0.2721,0.27,0.2721,144605.473
1768759200000,0.2717,0.2759,0.2712,0.2756,37298.891
1768762800000,0.2758,0.276,0.2716,0.2729,55289.72
1768766400000,0.2727,0.2751,0.2721,0.2743,72190.376
1768770000000,0.2747,0.2752,0.2736,0.2739,8738.253
1768773600000,0.2747,0.2759,0.2737,0.2745,26888.176
1768777200000,0.2737,0.2737,0.2518,0.252,974402.155
1768780800000,0.2522,0.2522,0.2148,0.2408,4758912.002
1768784400000,0.2407,0.2449,0.2404,0.2434,319752.811
1771308000000,0.1721,0.1728,0.172,0.1727,6394.906
1771311600000,0.1725,0.1729,0.1719,0.1725,31328.216
1771315200000,0.1724,0.1732,0.1717,0.1719,24514.201
1771318800000,0.1719,0.1719,0.1708,0.1712,12509.223
1771322400000,0.1711,0.1719,0.1694,0.17,72565.062
1771326000000,0.1703,0.1712,0.1699,0.1709,32086.722
1771329600000,0.1707,0.172,0.1705,0.1707,18563.57
1771333200000,0.1707,0.1722,0.1703,0.1719,40139.075
1771336800000,0.1715,0.1727,0.1679,0.1686,121472.034
1771340400000,0.1687,0.1709,0.1682,0.1709,60798.516
1771344000000,0.171,0.1741,0.171,0.1723,69259.088
1771347600000,0.1722,0.1727,0.1697,0.1709,38728.49
1771351200000,0.1711,0.1741,0.1707,0.1736,36291.107
1771354800000,0.1732,0.1733,0.1715,0.1719,34847.086
1771358400000,0.1717,0.1717,0.1704,0.1712,18518.643
1771362000000,0.171,0.1722,0.171,0.1713,7511.205
1771365600000,0.1717,0.1722,0.1712,0.1713,7358.548
1771369200000,0.1711,0.1716,0.1706,0.1709,17581.699
1771372800000,0.171,0.1716,0.1705,0.1705,41399.866
1771376400000,0.1704,0.1706,0.1697,0.1703,15872.064
1771380000000,0.1703,0.1718,0.1702,0.1716,5883.469
1771383600000,0.1712,0.1719,0.1711,0.1714,37514.719
1771387200000,0.1715,0.1718,0.1709,0.1715,14326.07
1771390800000,0.1711,0.1719,0.171,0.171,22781.846
1771394400000,0.171,0.1724,0.1709,0.1714,45684.184
1771398000000,0.1716,0.1727,0.1708,0.1724,32607.933
1771401600000,0.1724,0.1732,0.1722,0.1722,36707.645
1771405200000,0.1723,0.1723,0.1717,0.1717,27241.266
1771408800000,0.1717,0.1725,0.1712,0.1712,91933.541
1771412400000,0.1713,0.1714,0.1694,0.1704,21825.991
1771416000000,0.1704,0.1713,0.1699,0.1707,52253.098
1771419600000,0.1706,0.1708,0.1689,0.1696,64110.999
1771423200000,0.1695,0.1715,0.169,0.1709,116116.582
1771426800000,0.1709,0.174,0.1709,0.1722,59419.68
1771430400000,0.1721,0.1722,0.1696,0.1699,53644.637
1771434000000,0.1699,0.1714,0.1685,0.1687,59645.553
1771437600000,0.1687,0.169,0.1656,0.1666,141077.591
1771441200000,0.167,0.1675,0.1646,0.1654,50192.569
1771444800000,0.1655,0.1666,0.1651,0.1656,14987.252
1771448400000,0.1656,0.1658,0.1643,0.1645,18055.949
1771452000000,0.1645,0.1649,0.1633,0.1643,65615.093
1771455600000,0.164,0.1642,0.1634,0.164,18068.476
1771459200000,0.1637,0.1642,0.163,0.1634,57204.348
1771462800000,0.1635,0.165,0.1632,0.1649,160141.615
1771466400000,0.1649,0.1657,0.1647,0.1653,38008.179
1771470000000,0.1652,0.1658,0.1649,0.1656,35142.24
1771473600000,0.1656,0.1669,0.1656,0.1664,19964.627
1771477200000,0.1662,0.1665,0.1649,0.1655,44226.689
1771480800000,0.1654,0.1672,0.1654,0.1666,54550.638
1771484400000,0.1667,0.1669,0.1659,0.166,19362.451
1771488000000,0.1661,0.1661,0.1624,0.1636,75980.768
1771491600000,0.1637,0.1648,0.1634,0.1637,37469.936
1771495200000,0.1637,0.1647,0.163,0.164,24162.33
1771498800000,0.1638,0.1644,0.1633,0.1633,270470.93
1771502400000,0.1633,0.1636,0.1618,0.1618,51680.83
1771506000000,0.1619,0.1622,0.1593,0.1602,159022.252
1771509600000,0.1604,0.1621,0.1596,0.1609,95158.591
1771513200000,0.1615,0.162,0.1592,0.1601,66294.103
1771516800000,0.1603,0.1606,0.1584,0.1599,46045.342
1771520400000,0.1599,0.162,0.1592,0.1594,63297.809
1771524000000,0.16,0.1619,0.1597,0.1617,43420.864
1771527600000,0.1615,0.1617,0.1601,0.161,27773.458
1771531200000,0.1611,0.1623,0.1608,0.1614,16933.46
1771534800000,0.1617,0.162,0.1613,0.1613,24004.032
1771538400000,0.1613,0.1617,0.1608,0.1614,18966.678
1771542000000,0.1615,0.1629,0.1614,0.1629,48216.401
1771545600000,0.1629,0.1647,0.1621,0.1636,41566.671
1771549200000,0.1636,0.164,0.1629,0.1637,62326.063
1771552800000,0.1638,0.1654,0.1636,0.1638,62692.311
1771556400000,0.1637,0.1646,0.1637,0.1639,29235.235
1771560000000,0.1641,0.1641,0.1624,0.1624,17955.689
1771563600000,0.1626,0.165,0.162,0.1647,31831.372
1771567200000,0.1644,0.1645,0.1637,0.164,8706.883
1771570800000,0.1641,0.1646,0.1636,0.1646,39003.934
1771574400000,0.1647,0.165,0.1641,0.1648,44580.865
1771578000000,0.1651,0.1663,0.1651,0.1661,36256.753
1771581600000,0.166,0.1673,0.1659,0.1662,48695.553
1771585200000,0.1662,0.1662,0.165,0.1651,82309.581
1771588800000,0.1653,0.1657,0.1646,0.1648,30385.576
1771592400000,0.165,0.165,0.1602,0.1613,99330.658
1771596000000,0.1618,0.1643,0.1615,0.1628,106807.261
1771599600000,0.163,0.168,0.163,0.1673,304671.467
1771603200000,0.1674,0.1696,0.1672,0.1687,89804.907
1771606800000,0.1686,0.1696,0.1641,0.1696,200962.923
1771610400000,0.1695,0.1705,0.168,0.1696,72865.754
1771614000000,0.1693,0.1693,0.1674,0.168,27476.122
1771617600000,0.1681,0.1686,0.1673,0.168,33005.105
1771621200000,0.1684,0.1684,0.1674,0.1679,12475.886
1771624800000,0.1677,0.1687,0.1675,0.1682,5469.003
1771628400000,0.1687,0.1687,0.1678,0.1682,12207.981
1771632000000,0.168,0.168,0.1665,0.1667,48503.217
1771635600000,0.1667,0.1672,0.1652,0.1664,88812.386
1771639200000,0.1666,0.167,0.1661,0.1665,45265.529
1771642800000,0.1666,0.1666,0.1655,0.1662,13930.168
1771646400000,0.1662,0.1667,0.1659,0.1662,11648.413
1771650000000,0.1665,0.1676,0.1665,0.167,15246.15
1771653600000,0.1671,0.1671,0.1658,0.1663,2442.294
1771657200000,0.1663,0.1665,0.1658,0.1661,13512.509
1771660800000,0.1662,0.1684,0.1661,0.1683,32739.994
1771664400000,0.1683,0.1693,0.1679,0.168,127228.084
1771668000000,0.1683,0.169,0.1682,0.1689,26131.597
1771671600000,0.1689,0.1702,0.1684,0.1686,44116.917
1771675200000,0.1688,0.1689,0.1676,0.1679,44842.955
1771678800000,0.1679,0.1689,0.1678,0.1689,22711.071
1771682400000,0.1688,0.17,0.1687,0.1687,102787.691
1771686000000,0.1687,0.1689,0.1676,0.1683,21019.563
1771689600000,0.1683,0.1683,0.1664,0.1667,30281.323
1771693200000,0.1668,0.1672,0.1666,0.1667,5662.766
1771696800000,0.1668,0.1676,0.1665,0.1673,28248.199
1771700400000,0.1674,0.1674,0.1666,0.1666,14267.294
1771704000000,0.1665,0.1668,0.1658,0.1659,10229.455
1771707600000,0.1659,0.1668,0.1657,0.1668,8237.048
1771711200000,0.1667,0.1667,0.1658,0.1659,4745.073
1771714800000,0.1659,0.166,0.1648,0.1648,47284.843
1771718400000,0.1647,0.1647,0.1624,0.1631,80332.909
1771722000000,0.1633,0.1638,0.1633,0.1633,48359.472
1771725600000,0.1633,0.1637,0.1618,0.1618,110017.498
1771729200000,0.1619,0.1628,0.1612,0.1627,57401.604
1771732800000,0.1627,0.1628,0.1624,0.1624,2759.751
1771736400000,0.1625,0.1625,0.1618,0.1618,5622.032
1771740000000,0.1618,0.1624,0.1617,0.1621,12877.312
1771743600000,0.1621,0.1628,0.162,0.1626,20985.401
1771747200000,0.1626,0.1627,0.1616,0.1617,83204.073
1771750800000,0.1616,0.1628,0.1616,0.1628,12948.412
1771754400000,0.1629,0.1631,0.1623,0.1625,27251.504
1771758000000,0.1625,0.1629,0.1619,0.162,32623.878
1771761600000,0.1619,0.1619,0.1598,0.1601,68074.065
1771765200000,0.1601,0.1605,0.1577,0.1581,98156.534
1771768800000,0.158,0.159,0.1575,0.1583,67861.92
1771772400000,0.1581,0.1601,0.1576,0.1598,22188.869
1771776000000,0.1598,0.1599,0.1589,0.1599,128571.997
1771779600000,0.1598,0.16,0.1579,0.1591,112876.892
1771783200000,0.1589,0.1589,0.1587,0.1588,3944.154
1771786800000,0.1586,0.1587,0.1581,0.1587,13766.397
1771790400000,0.1586,0.1586,0.1576,0.1579,25787.592
1771794000000,0.1578,0.1589,0.1575,0.1584,96255.405
1771797600000,0.1584,0.1597,0.1584,0.1596,65925.766
1771801200000,0.1595,0.1599,0.1588,0.1596,34821.555
1771804800000,0.1596,0.1596,0.1578,0.1578,7056.968
1771808400000,0.1578,0.1578,0.1513,0.1516,627698.858
1771812000000,0.1517,0.1538,0.1515,0.1534,57052.764
1771815600000,0.1538,0.1546,0.1527,0.1531,189639.788
1771819200000,0.1531,0.1533,0.1525,0.1528,29849.234
1771822800000,0.1529,0.1548,0.1529,0.1542,53496.814
1771826400000,0.1543,0.1566,0.1543,0.1563,30540.515
1771830000000,0.1564,0.1572,0.1562,0.1565,29796.567
1771833600000,0.1565,0.1566,0.1554,0.1558,60073.352
1771837200000,0.1558,0.1589,0.1558,0.1587,54100.176
1771840800000,0.1587,0.1594,0.1585,0.1587,21419.977
1771844400000,0.1586,0.1596,0.1581,0.1583,19547.225
1771848000000,0.1584,0.1601,0.1579,0.1595,64269.714
1771851600000,0.1596,0.1598,0.158,0.158,36417.032
1771855200000,0.1579,0.1582,0.1565,0.1572,71692.618
1771858800000,0.1576,0.1576,0.1551,0.1554,118220.276
1771862400000,0.1552,0.1561,0.1544,0.1549,95445.467
1771866000000,0.1549,0.1552,0.1523,0.154,57674.142
1771869600000,0.1539,0.1554,0.1537,0.1538,44521.089
1771873200000,0.1541,0.1541,0.153,0.1532,16154.793
1771876800000,0.1529,0.1538,0.1523,0.1537,85564.116
1771880400000,0.1538,0.1546,0.1538,0.1541,42728.876
1771884000000,0.1543,0.1552,0.1542,0.1542,9771.228
1771887600000,0.1541,0.155,0.1535,0.1539,12925.957
1771891200000,0.154,0.1553,0.1539,0.1552,72991.5
1771894800000,0.1553,0.1554,0.1517,0.1536,53611.494
1771898400000,0.1536,0.1544,0.1532,0.1536,20891.37
1771902000000,0.1533,0.1533,0.152,0.1526,89314.326
1771905600000,0.1528,0.1529,0.151,0.1521,148482.137
1771909200000,0.1522,0.1529,0.1508,0.1516,184148.697
1771912800000,0.1515,0.1519,0.1511,0.1512,62167.555
1771916400000,0.1512,0.1521,0.1512,0.1519,4037.961
1771920000000,0.1519,0.1525,0.1512,0.1523,45809.892
1771923600000,0.1521,0.1523,0.1511,0.1517,40926.357
1771927200000,0.1518,0.1524,0.1515,0.1521,70535.488
1771930800000,0.1521,0.1522,0.1512,0.1514,115557.059
1771934400000,0.1514,0.1527,0.1512,0.152,45064.82
1771938000000,0.152,0.1522,0.1496,0.152,148848.189
1771941600000,0.1515,0.1545,0.1511,0.1538,60089.531
1771945200000,0.1538,0.1557,0.1532,0.1546,61550.12
1771948800000,0.1546,0.1568,0.1542,0.156,65714.509
1771952400000,0.1561,0.1561,0.155,0.1554,45915.751
1771956000000,0.1556,0.1557,0.1544,0.1552,16288.154
1771959600000,0.1553,0.1555,0.1539,0.1542,48682.562
1771963200000,0.1541,0.1545,0.1535,0.1537,35128.247
1771966800000,0.1538,0.1538,0.1525,0.153,19443.008
1771970400000,0.153,0.1538,0.1526,0.153,22230.391
1771974000000,0.153,0.1532,0.1522,0.1527,4664.233
1771977600000,0.1528,0.1531,0.1525,0.1529,12296.908
1771981200000,0.153,0.1581,0.153,0.1566,196533.026
1771984800000,0.1567,0.1579,0.1558,0.1561,69416.799
1771988400000,0.1562,0.1562,0.1545,0.1545,22008.142
1771992000000,0.1548,0.1553,0.1538,0.1545,203271.495
1771995600000,0.1545,0.1545,0.1525,0.1537,39935.167
1771999200000,0.1538,0.1543,0.1537,0.1538,16409.931
1772002800000,0.1539,0.1545,0.1538,0.1542,33203.965
1772006400000,0.1544,0.1567,0.1542,0.1565,35263.724
1772010000000,0.1564,0.1574,0.156,0.1574,61978.956
1772013600000,0.1575,0.1581,0.1573,0.1573,45281.056
1772017200000,0.1574,0.1579,0.1568,0.1576,35337.351
1772020800000,0.1575,0.1614,0.1573,0.1609,186697.898
1772024400000,0.1611,0.1621,0.1602,0.1614,132405.258
1772028000000,0.1612,0.1654,0.1612,0.1654,193736.107
1772031600000,0.1654,0.1677,0.1642,0.1671,239313.658
1772035200000,0.1671,0.1695,0.1671,0.1692,174715.663
1772038800000,0.1694,0.1703,0.1687,0.1694,198228.744
1772042400000,0.1697,0.1716,0.1687,0.1712,98573.744
1772046000000,0.1712,0.1731,0.1705,0.173,92481.542
1772049600000,0.1731,0.1739,0.1713,0.1731,440027.214
1772053200000,0.1732,0.1758,0.1723,0.1739,172969.396
1772056800000,0.1744,0.1749,0.17,0.171,375885.218
1772060400000,0.1708,0.1714,0.1659,0.1674,591050.651
1772064000000,0.1679,0.1691,0.1659,0.1672,90792.838
1772067600000,0.167,0.1684,0.1667,0.1668,26039.063
1772071200000,0.1668,0.1686,0.1653,0.1683,502242.463
1772074800000,0.1683,0.1685,0.1671,0.1677,174936.416
1772078400000,0.1675,0.1687,0.1668,0.1679,132135.124
1772082000000,0.1677,0.1677,0.1648,0.1661,210693.65
1772085600000,0.1659,0.1666,0.1647,0.1648,176896.408
1772089200000,0.165,0.1658,0.1648,0.165,186025.822
1772092800000,0.1654,0.166,0.1649,0.1649,23709.494
1772096400000,0.1647,0.1671,0.1643,0.1663,137991.41
1772100000000,0.1665,0.1666,0.164,0.1641,61063.777
1772103600000,0.1641,0.1641,0.163,0.1635,52543.16
1772107200000,0.1634,0.1647,0.1633,0.1645,21774.903
1772110800000,0.1644,0.1644,0.1631,0.1634,23787.757
1772114400000,0.1633,0.1639,0.1615,0.1631,54273.426
1772118000000,0.1627,0.1629,0.1607,0.1625,162185.117
1772121600000,0.1622,0.1623,0.1578,0.1586,207119.779
1772125200000,0.1583,0.1597,0.1583,0.1588,51479.02
1772128800000,0.1586,0.1614,0.1584,0.1611,146955.834
1772132400000,0.1612,0.163,0.1612,0.1623,231027.458
1772136000000,0.1619,0.1626,0.1606,0.161,120450.547
1772139600000,0.161,0.1616,0.1607,0.1613,40820.666
1772143200000,0.1611,0.162,0.1608,0.1617,20147.032
1772146800000,0.1617,0.1622,0.1613,0.1619,54423.337
1772150400000,0.1621,0.1621,0.1608,0.1617,13020.508
1772154000000,0.1614,0.1621,0.1609,0.1621,41476.538
1772157600000,0.1622,0.1631,0.1622,0.1625,20459.12
1772161200000,0.1625,0.1639,0.1622,0.1637,34060.523
1772164800000,0.1638,0.1662,0.1638,0.1651,87453.736
1772168400000,0.1649,0.1656,0.1646,0.1651,37499.565
1772172000000,0.1651,0.1658,0.1642,0.1655,60962.117
1772175600000,0.1652,0.1657,0.1645,0.1657,42743.195
1772179200000,0.1657,0.1667,0.1655,0.1661,70029.292
1772182800000,0.1661,0.167,0.1647,0.165,95035.29
1772186400000,0.1648,0.1653,0.1625,0.1628,101547.091
1772190000000,0.1627,0.163,0.1599,0.1608,311847.652
1772193600000,0.1604,0.161,0.1596,0.1602,463967.723
1772197200000,0.1603,0.1611,0.1588,0.1605,271026.129
1772200800000,0.1603,0.1607,0.1588,0.159,120734.618
1772204400000,0.159,0.1602,0.1588,0.1595,114289.29
1772208000000,0.1593,0.1597,0.158,0.158,27083.835
1772211600000,0.1581,0.1591,0.1568,0.159,50124.456
1772215200000,0.1588,0.1591,0.158,0.158,5025.701
1772218800000,0.158,0.158,0.1563,0.1569,28589.119
1772222400000,0.1571,0.1578,0.157,0.1572,7615.404
1772226000000,0.1571,0.1573,0.1562,0.1565,28149.638
1772229600000,0.1565,0.1567,0.1533,0.1554,58670.992
1772233200000,0.156,0.1564,0.1558,0.1563,42821.725
1772236800000,0.1562,0.1573,0.1562,0.1572,29142.654
1772240400000,0.1573,0.1573,0.156,0.1564,19529.759
1772244000000,0.1564,0.1569,0.1562,0.1569,4297.446
1772247600000,0.1568,0.1572,0.1558,0.1563,123930.73
1772251200000,0.1562,0.1562,0.155,0.1559,55410.713
1772254800000,0.1559,0.1565,0.1547,0.1551,133530.844
1772258400000,0.1551,0.1551,0.1462,0.1466,420489.804
1772262000000,0.1465,0.1517,0.1457,0.149,304165.017
1772265600000,0.1487,0.1491,0.1469,0.147,223404.334
1772269200000,0.147,0.1482,0.1458,0.1458,162604.36
1772272800000,0.1457,0.1469,0.1445,0.1459,224300.441
1772276400000,0.1459,0.1469,0.145,0.1452,357728.485
1772280000000,0.1451,0.1459,0.145,0.1455,140921.662
1772283600000,0.1455,0.1505,0.1454,0.1505,339584.459
1772287200000,0.1507,0.1511,0.1475,0.1478,210536.535
1772290800000,0.1478,0.149,0.1469,0.1482,112756.595
1772294400000,0.148,0.1487,0.1475,0.1487,81925.999
1772298000000,0.1486,0.1488,0.147,0.1488,41865.085
1772301600000,0.1485,0.1525,0.1482,0.1513,45457.692
1772305200000,0.1514,0.1543,0.1508,0.1536,69771.454
1772308800000,0.1536,0.1569,0.1532,0.1564,94877.961
1772312400000,0.1564,0.1582,0.1543,0.1557,641147.626
1772316000000,0.1557,0.1587,0.1557,0.1575,138670.215
1772319600000,0.1575,0.1576,0.1564,0.1569,69265.172
1772323200000,0.157,0.1573,0.1551,0.1559,180882.628
1772326800000,0.156,0.1596,0.154,0.1584,206054.166
1772330400000,0.1591,0.1621,0.1591,0.1605,127345.313
1772334000000,0.1608,0.1611,0.1586,0.159,73581.042
1772337600000,0.1593,0.1598,0.1576,0.1598,87866.765
1772341200000,0.1598,0.1606,0.1596,0.1604,34277.628
1772344800000,0.1603,0.1603,0.1577,0.1581,143186.739
1772348400000,0.1583,0.1588,0.1574,0.1588,94265.723
1772352000000,0.1588,0.1591,0.155,0.1554,105587.612
1772355600000,0.1556,0.1565,0.1544,0.1547,142075.223
1772359200000,0.1549,0.1554,0.1543,0.1554,36998.038
1772362800000,0.1553,0.1553,0.1545,0.1548,48917.472
1772366400000,0.1548,0.1548,0.1532,0.1532,66674.571
1772370000000,0.1532,0.1569,0.1523,0.1563,178220.47
1772373600000,0.1559,0.1572,0.1545,0.1557,120522.922
1772377200000,0.1557,0.1564,0.1557,0.1557,47395.009
1772380800000,0.1558,0.1565,0.1523,0.1529,143251.625
1772384400000,0.153,0.153,0.151,0.1512,73210.82
1774908000000,0.2317,0.233,0.2304,0.2308,105394.928
1774911600000,0.2303,0.2304,0.2263,0.23,311675.572
1774915200000,0.2299,0.2309,0.2282,0.2288,146633.947
1774918800000,0.2289,0.2339,0.2281,0.2331,385872.704
1774922400000,0.2332,0.2348,0.2323,0.2344,134285.331
1774926000000,0.2344,0.235,0.232,0.2329,179534.177
1774929600000,0.233,0.2334,0.2316,0.2324,168117.941
1774933200000,0.2323,0.2335,0.2305,0.2313,98013.594
1774936800000,0.2313,0.2313,0.2291,0.2298,250007.198
1774940400000,0.2299,0.2299,0.2269,0.2294,336548.293
1774944000000,0.2295,0.232,0.2289,0.2294,502805.495
1774947600000,0.2293,0.23,0.2278,0.2292,128913.626
1774951200000,0.229,0.2299,0.2264,0.2266,238950.137
1774954800000,0.2265,0.2308,0.2251,0.2298,296798.734
1774958400000,0.23,0.2312,0.2259,0.2265,225466.299
1774962000000,0.2265,0.2302,0.226,0.2287,189885.404
1774965600000,0.229,0.2314,0.2258,0.2272,317847.29
1774969200000,0.2273,0.2307,0.2262,0.2273,327992.162
1774972800000,0.2274,0.2318,0.2266,0.2314,227443.025
1774976400000,0.2319,0.2373,0.2308,0.2325,445394.574
1774980000000,0.2326,0.2386,0.2297,0.2343,630223.261
1774983600000,0.2342,0.2353,0.2328,0.2336,51785.93
1774987200000,0.2337,0.2372,0.2333,0.2368,49224.612
1774990800000,0.2368,0.2368,0.2321,0.2329,145700.937
1774994400000,0.2329,0.2334,0.2308,0.2316,140904.449
1774998000000,0.2316,0.2333,0.2311,0.2321,86164.31
1775001600000,0.2314,0.2345,0.229,0.2341,116455.473
1775005200000,0.2343,0.2344,0.2304,0.2304,68710.768
1775008800000,0.2305,0.2311,0.2286,0.2287,68907.879
1775012400000,0.229,0.2314,0.2285,0.2304,98015.977
1775016000000,0.2304,0.232,0.2295,0.2307,84932.711
1775019600000,0.2307,0.2374,0.2301,0.2362,149545.046
1775023200000,0.2363,0.2428,0.2354,0.2422,372298.522
1775026800000,0.2422,0.2477,0.2422,0.2431,598507.913
1775030400000,0.2431,0.2447,0.2413,0.2433,233731.363
1775034000000,0.2431,0.2438,0.2396,0.2411,142684.637
1775037600000,0.2413,0.2451,0.2393,0.2441,344903.451
1775041200000,0.2442,0.2469,0.2437,0.2463,255366.918
1775044800000,0.2459,0.2469,0.2427,0.243,241553.319
1775048400000,0.2431,0.2484,0.2412,0.2428,289547.126
1775052000000,0.2428,0.2466,0.2414,0.2464,428660.904
1775055600000,0.2465,0.2467,0.2433,0.2457,159122.118
1775059200000,0.2459,0.2463,0.243,0.2443,367527.745
1775062800000,0.2444,0.2449,0.2398,0.24,183375.796
1775066400000,0.2401,0.2411,0.2364,0.2387,264405.182
1775070000000,0.2389,0.2412,0.2371,0.2409,163420.13
1775073600000,0.2409,0.2418,0.2389,0.2393,79150.088
1775077200000,0.2393,0.2424,0.2392,0.2416,57335.449
1775080800000,0.2415,0.242,0.2385,0.2387,70508.84
1775084400000,0.2388,0.2402,0.2385,0.2401,83143.115
1775088000000,0.2402,0.2465,0.2393,0.2452,809608.645
1775091600000,0.2451,0.2451,0.2331,0.2345,580470.657
1775095200000,0.2345,0.2345,0.227,0.2292,536270.442
1775098800000,0.229,0.2306,0.2255,0.2269,414910.917
1775102400000,0.227,0.2311,0.2269,0.2307,165273.742
1775106000000,0.23,0.2316,0.2297,0.23,151107.62
1775109600000,0.2301,0.2337,0.2299,0.2302,145258.001
1775113200000,0.2301,0.2323,0.2298,0.2321,70969.003
1775116800000,0.2322,0.2325,0.2282,0.2286,101134.7
1775120400000,0.2285,0.229,0.2276,0.2287,32813.852
1775124000000,0.2286,0.2288,0.2263,0.2278,66701.04
1775127600000,0.2279,0.2285,0.2256,0.2269,153370.991
1775131200000,0.2268,0.2268,0.2247,0.2248,103332.643
1775134800000,0.225,0.2256,0.2227,0.2247,289416.597
1775138400000,0.2247,0.234,0.2239,0.2304,616324.256
1775142000000,0.2304,0.231,0.2282,0.229,97013.569
1775145600000,0.2293,0.2325,0.2288,0.2324,148183.805
1775149200000,0.2318,0.2335,0.2287,0.2287,116885.57
1775152800000,0.2287,0.2302,0.2282,0.2301,32751.713
1775156400000,0.2296,0.2311,0.229,0.231,122687.19
1775160000000,0.2312,0.2325,0.2293,0.2294,131375.779
1775163600000,0.2293,0.2297,0.2276,0.2292,41503.789
1775167200000,0.2291,0.2296,0.2277,0.2286,50234.87
1775170800000,0.2284,0.2295,0.2275,0.228,63979.51
1775174400000,0.228,0.229,0.2262,0.2271,96385.779
1775178000000,0.227,0.2284,0.2261,0.2266,46542.56
1775181600000,0.2267,0.2279,0.225,0.2275,109932.066
1775185200000,0.2275,0.2312,0.2275,0.2305,112023.17
1775188800000,0.2304,0.2305,0.2281,0.2297,89498.253
1775192400000,0.2296,0.2296,0.226,0.2283,156752.309
1775196000000,0.2282,0.2304,0.2268,0.23,199363.724
1775199600000,0.2299,0.2314,0.2286,0.2297,123802.462
1775203200000,0.2296,0.2305,0.2286,0.2296,211653.667
1775206800000,0.2296,0.2341,0.2291,0.2332,202542.359
1775210400000,0.2333,0.2368,0.2324,0.2354,248670.577
1775214000000,0.2355,0.2398,0.2353,0.2395,334850.447
1775217600000,0.2395,0.2417,0.2378,0.2387,456293.402
1775221200000,0.2388,0.2403,0.2336,0.2358,257112.223
1775224800000,0.2358,0.242,0.2358,0.2406,284670.105
1775228400000,0.2403,0.2406,0.2365,0.237,158772.76
1775232000000,0.2372,0.2381,0.2351,0.2363,168972.78
1775235600000,0.2365,0.2391,0.2351,0.2361,276905.37
1775239200000,0.236,0.2369,0.2342,0.2342,43829.14
1775242800000,0.2342,0.2353,0.2326,0.2349,90761.465
1775246400000,0.2349,0.2356,0.2334,0.2345,59055.206
1775250000000,0.2346,0.2347,0.2328,0.2339,103435.119
1775253600000,0.234,0.2377,0.2329,0.2368,172065.085
1775257200000,0.2369,0.2393,0.2363,0.2377,153122.763
1775260800000,0.2375,0.2391,0.2354,0.238,167925.179
1775264400000,0.2381,0.2389,0.2364,0.2375,155392.809
1775268000000,0.2376,0.2392,0.2364,0.239,69901.541
1775271600000,0.239,0.2421,0.2372,0.2372,212785.076
1775275200000,0.2373,0.2393,0.2369,0.2382,40056.261
1775278800000,0.2382,0.2382,0.2358,0.2364,138413.172
1775282400000,0.236,0.2413,0.2354,0.2402,150221.74
1775286000000,0.2407,0.241,0.2389,0.2401,185715.297
1775289600000,0.24,0.2404,0.2375,0.2378,64611.36
1775293200000,0.2375,0.2375,0.2359,0.236,61181.262
1775296800000,0.2361,0.2387,0.2354,0.2377,250093.009
1775300400000,0.2377,0.2399,0.2377,0.239,116239.096
1775304000000,0.2391,0.2401,0.2381,0.2391,141546.772
1775307600000,0.2392,0.24,0.2377,0.2383,109680.903
1775311200000,0.2383,0.2394,0.2369,0.2394,644039.872
1775314800000,0.2392,0.2409,0.2385,0.2396,182217.858
1775318400000,0.2394,0.2397,0.2372,0.2372,138628.827
1775322000000,0.2371,0.2396,0.2366,0.2391,116668.519
1775325600000,0.2392,0.2393,0.2375,0.2383,44223.008
1775329200000,0.2383,0.2401,0.2376,0.2384,162294.043
1775332800000,0.2384,0.2388,0.2374,0.2378,42960.919
1775336400000,0.2378,0.238,0.2361,0.2363,89617.515
1775340000000,0.2363,0.2376,0.2358,0.2368,116170.257
1775343600000,0.2368,0.237,0.2348,0.2363,57646.07
1775347200000,0.2364,0.2364,0.2349,0.2351,9399.622
1775350800000,0.2352,0.2353,0.2315,0.2316,373690.657
1775354400000,0.2316,0.2316,0.2288,0.229,467333.464
1775358000000,0.229,0.2306,0.2283,0.2302,209056.492
1775361600000,0.2301,0.2318,0.2298,0.2311,120104.589
1775365200000,0.2308,0.2319,0.2293,0.2295,145099.164
1775368800000,0.2293,0.2294,0.2266,0.2273,307108.217
1775372400000,0.2272,0.2281,0.2264,0.2278,129249.079
1775376000000,0.2277,0.228,0.2258,0.2266,76452.229
1775379600000,0.2267,0.2275,0.2247,0.2266,220126.858
1775383200000,0.2265,0.2275,0.2256,0.2258,69181.721
1775386800000,0.226,0.2273,0.2259,0.2267,157244.419
1775390400000,0.2265,0.2268,0.2247,0.2258,173753.485
1775394000000,0.2258,0.2278,0.2257,0.2278,103811.596
1775397600000,0.2279,0.229,0.2272,0.2281,71702.582
1775401200000,0.2279,0.2332,0.2276,0.2294,198661.228
1775404800000,0.2296,0.2315,0.229,0.2297,136256.144
1775408400000,0.2297,0.2302,0.228,0.2289,51302.011
1775412000000,0.2288,0.2288,0.2269,0.2279,39144.333
1775415600000,0.2279,0.2294,0.2273,0.2288,70083.624
1775419200000,0.2287,0.2296,0.2281,0.229,60500.322
1775422800000,0.229,0.2291,0.2264,0.2279,88871.237
1775426400000,0.2279,0.2319,0.2276,0.2308,165783.272
1775430000000,0.2307,0.236,0.2297,0.2356,767795.051
1775433600000,0.2357,0.2441,0.2357,0.2427,916107.084
1775437200000,0.2428,0.2468,0.2413,0.2455,947371.717
1775440800000,0.2456,0.2498,0.2421,0.244,797108.534
1775444400000,0.244,0.2449,0.2417,0.2418,348506.687
1775448000000,0.2418,0.2428,0.2399,0.2401,304761.544
1775451600000,0.2402,0.2403,0.2364,0.2378,459208.328
1775455200000,0.2378,0.2385,0.2358,0.2373,133943.027
1775458800000,0.2369,0.2378,0.2347,0.2374,145383.476
1775462400000,0.2375,0.24,0.2364,0.2378,114574.397
1775466000000,0.2377,0.2418,0.2377,0.2398,497731.236
1775469600000,0.2399,0.2429,0.2394,0.2412,241457.213
1775473200000,0.2413,0.2413,0.2383,0.239,166882.803
1775476800000,0.2392,0.2399,0.2369,0.2373,252091.35
1775480400000,0.2373,0.2388,0.2366,0.2377,199298.461
1775484000000,0.2374,0.2384,0.2357,0.2373,165520.74
1775487600000,0.237,0.2388,0.2368,0.2383,87065.079
1775491200000,0.2384,0.2402,0.2375,0.2385,119735.701
1775494800000,0.2384,0.2386,0.2365,0.2371,103796.195
1775498400000,0.2371,0.2374,0.2352,0.2359,145582.323
1775502000000,0.2357,0.236,0.2315,0.2324,120726.412
1775505600000,0.2323,0.2344,0.2318,0.2336,53284.284
1775509200000,0.2335,0.2337,0.2284,0.229,193664.069
1775512800000,0.2288,0.2304,0.2271,0.2271,236097.296
1775516400000,0.227,0.2275,0.2249,0.2269,544028.444
1775520000000,0.2266,0.2272,0.225,0.2258,407035.557
1775523600000,0.2254,0.2286,0.2252,0.2263,217538.221
1775527200000,0.2262,0.2275,0.2254,0.2268,132286.217
1775530800000,0.2267,0.2307,0.2267,0.2304,140965.239
1775534400000,0.2303,0.2312,0.2294,0.2299,123650.148
1775538000000,0.2299,0.2318,0.2295,0.2307,125448.418
1775541600000,0.2307,0.2319,0.2291,0.2314,48910.854
1775545200000,0.2312,0.2341,0.2311,0.2324,129270.048
1775548800000,0.2324,0.2366,0.2324,0.2365,220056.827
1775552400000,0.2365,0.2398,0.2361,0.2376,549583.466
1775556000000,0.2378,0.2386,0.2338,0.2357,369745.356
1775559600000,0.2357,0.2357,0.2295,0.2313,141826.878
1775563200000,0.2309,0.2322,0.2283,0.2312,178424.22
1775566800000,0.2313,0.2334,0.2299,0.23,127951.168
1775570400000,0.23,0.2305,0.2274,0.2285,317797.799
1775574000000,0.2285,0.2314,0.228,0.2302,108380.444
1775577600000,0.2303,0.232,0.2288,0.2296,118326.154
1775581200000,0.2296,0.2352,0.2294,0.2323,137213.418
1775584800000,0.2324,0.2333,0.2306,0.2309,36582.809
1775588400000,0.2307,0.2347,0.2303,0.2341,83029.937
1775592000000,0.234,0.2388,0.234,0.2374,198371.637
1775595600000,0.2374,0.2486,0.2371,0.247,538069.568
1775599200000,0.247,0.2555,0.2467,0.2532,948773.779
1775602800000,0.2531,0.2559,0.2496,0.2499,794323.645
1775606400000,0.2499,0.252,0.2475,0.2485,618541.811
1775610000000,0.2485,0.2485,0.2442,0.2457,328850.594
1775613600000,0.2457,0.2506,0.2446,0.2503,197763.21
1775617200000,0.2503,0.2506,0.2472,0.2477,95516.833
1775620800000,0.2478,0.2509,0.2473,0.2499,174336.285
1775624400000,0.2498,0.2537,0.2493,0.2529,318479.494
1775628000000,0.253,0.2567,0.2508,0.252,366676.104
1775631600000,0.2519,0.2548,0.2518,0.253,263261.326
1775635200000,0.2526,0.2565,0.2523,0.256,210947.274
1775638800000,0.256,0.2587,0.2549,0.2559,399023.433
1775642400000,0.2562,0.258,0.2512,0.2512,236033.413
1775646000000,0.2511,0.2525,0.2492,0.2509,257324.145
1775649600000,0.2508,0.2557,0.2505,0.2548,188097.145
1775653200000,0.2549,0.2575,0.2514,0.2519,312659.526
1775656800000,0.252,0.252,0.2458,0.2472,232937.487
1775660400000,0.2472,0.2501,0.2472,0.2486,322871.121
1775664000000,0.2487,0.251,0.2478,0.2501,275252.697
1775667600000,0.2499,0.2501,0.2459,0.2467,197635.943
1775671200000,0.2463,0.2463,0.2412,0.2416,1063458.697
1775674800000,0.2417,0.2434,0.2404,0.2426,118117.11
1775678400000,0.2428,0.244,0.2416,0.2425,60743.762
1775682000000,0.2425,0.2443,0.2409,0.2414,355627.924
1775685600000,0.2412,0.2425,0.2387,0.2411,352429.142
1775689200000,0.2411,0.2423,0.2391,0.2417,193392.331
1775692800000,0.2417,0.2418,0.2393,0.2397,156357.162
1775696400000,0.2396,0.24,0.237,0.2396,190283.528
1775700000000,0.2394,0.2395,0.2378,0.2385,34430.736
1775703600000,0.2384,0.2385,0.2328,0.2338,275720.66
1775707200000,0.2339,0.2348,0.2321,0.2326,253546.403
1775710800000,0.2327,0.2357,0.2325,0.2349,202988.263
1775714400000,0.235,0.2364,0.2344,0.2362,83367.547
1775718000000,0.2364,0.2375,0.2361,0.237,190141.2
1775721600000,0.2371,0.2406,0.2369,0.2393,337237.725
1775725200000,0.2392,0.2434,0.2385,0.2411,526999.646
1775728800000,0.241,0.2423,0.2395,0.2414,110317.946
1775732400000,0.2414,0.2437,0.2403,0.2403,136534.617
1775736000000,0.2403,0.2406,0.2377,0.2397,128174.454
1775739600000,0.2399,0.2404,0.2387,0.2398,114769.446
1775743200000,0.2398,0.2451,0.2386,0.2436,201415.013
1775746800000,0.2438,0.2475,0.2416,0.2452,392299.579
1775750400000,0.245,0.2486,0.2439,0.2463,322650.107
1775754000000,0.2461,0.2502,0.2461,0.2493,131173.237
1775757600000,0.2494,0.2496,0.2448,0.246,122779.481
1775761200000,0.2456,0.2478,0.2433,0.2452,110864.543
1775764800000,0.2452,0.2481,0.2447,0.247,52153.764
1775768400000,0.247,0.2493,0.2461,0.2488,104432.049
1775772000000,0.2489,0.2527,0.2484,0.2493,234003.992
1775775600000,0.2493,0.2501,0.2436,0.2445,102751.707
1775779200000,0.2446,0.2455,0.2406,0.2412,189808.554
1775782800000,0.2408,0.2459,0.2407,0.2426,75617.179
1775786400000,0.2427,0.2448,0.2426,0.2437,30544.091
1775790000000,0.2439,0.2444,0.2374,0.2374,306619.563
1775793600000,0.2377,0.241,0.2362,0.2403,536878.056
1775797200000,0.2403,0.2405,0.2373,0.2402,218762.522
1775800800000,0.2401,0.2402,0.2374,0.2379,161887.893
1775804400000,0.2378,0.2383,0.236,0.2366,44441.818
1775808000000,0.2366,0.238,0.2362,0.2365,176120.677
1775811600000,0.2366,0.2385,0.2366,0.2372,59467.631
1775815200000,0.2373,0.2373,0.2362,0.2367,59337.041
1775818800000,0.2366,0.2374,0.2338,0.2352,176374.071
1775822400000,0.2353,0.2373,0.2328,0.2342,480559.919
1775826000000,0.2341,0.2368,0.2335,0.2366,206576.466
1775829600000,0.2364,0.2408,0.2361,0.2401,316825.768
1775833200000,0.2403,0.2416,0.2356,0.236,387371.373
1775836800000,0.236,0.2383,0.2351,0.2371,199019.038
1775840400000,0.2371,0.2414,0.237,0.2406,533344.572
1775844000000,0.2403,0.2424,0.2397,0.2403,150904.365
1775847600000,0.2401,0.2417,0.2395,0.241,64894.351
1775851200000,0.241,0.2417,0.2402,0.2408,186611.641
1775854800000,0.2407,0.2412,0.2375,0.239,124273.895
1775858400000,0.2391,0.2399,0.2371,0.2389,73277.267
1775862000000,0.239,0.2393,0.2375,0.2387,107083.884
1775865600000,0.2386,0.2397,0.2367,0.2372,28267.791
1775869200000,0.2372,0.2377,0.2346,0.2369,84275.784
1775872800000,0.237,0.239,0.2361,0.2374,32302.142
1775876400000,0.2376,0.24,0.2361,0.2368,151436.708
1775880000000,0.2369,0.2378,0.235,0.2374,111742.294
1775883600000,0.2373,0.2379,0.2356,0.2357,90269.648
1775887200000,0.2357,0.2358,0.2347,0.2352,76067.252
1775890800000,0.2351,0.2362,0.2349,0.236,59089.229
1775894400000,0.2362,0.2369,0.2355,0.2363,71614.718
1775898000000,0.2364,0.2387,0.2364,0.2379,99176.015
1775901600000,0.2379,0.2382,0.2361,0.2364,209969.34
1775905200000,0.2365,0.2381,0.2362,0.2374,25931.828
1775908800000,0.2374,0.2374,0.2363,0.2367,29096.919
1775912400000,0.2363,0.2366,0.2349,0.2366,62114.64
1775916000000,0.2364,0.2392,0.2362,0.2366,140204.911
1775919600000,0.2365,0.238,0.2357,0.2377,23277.054
1775923200000,0.238,0.2422,0.2379,0.241,265972.67
1775926800000,0.2409,0.2413,0.2395,0.2395,117415.936
1775930400000,0.2394,0.244,0.2386,0.2424,148331.75
1775934000000,0.2429,0.2487,0.2428,0.2482,201714.112
1775937600000,0.2483,0.2485,0.2442,0.2461,340958.218
1775941200000,0.2461,0.2471,0.2449,0.2461,73705.961
1775944800000,0.2461,0.2502,0.2461,0.2473,199226.894
1775948400000,0.2472,0.2472,0.2433,0.2444,88884.633
1775952000000,0.2444,0.2444,0.2414,0.2428,56982.195
1775955600000,0.2428,0.2445,0.2336,0.2346,577872.301
1775959200000,0.2344,0.2369,0.2333,0.235,481008.558
1775962800000,0.235,0.2358,0.232,0.2342,230310.032
1775966400000,0.2342,0.2347,0.232,0.2339,66671.173
1775970000000,0.234,0.2359,0.2326,0.2354,139452.675
1775973600000,0.2352,0.2382,0.2352,0.2355,275604.386
1775977200000,0.2355,0.2372,0.2353,0.2359,114704.576
1775980800000,0.236,0.2387,0.2358,0.2371,73585.875
1775984400000,0.2373,0.2378,0.2354,0.2355,49010.535
